:020000040800F2
:10000000081B0020B9020008617B000801560008A7
:10001000016C0008B911000825C4000800000000A8
:100020000000000000000000000000005D880008E3
:10003000AB130008000000000185000825B200088D
:10004000D3020008D3020008D3020008D30200083C
:10005000D3020008D3020008D30200088916000862
:10006000D3020008D3020008D302000831120008AE
:10007000411200085112000861120008D302000862
:1000800071120008D3020008D3020008D30200084E
:10009000D3020008D3020008D3020008D3020008EC
:1000A000D3020008F5B20008D3020008D30200080A
:1000B000D3020008D3020008D3020008D3020008CC
:1000C000D3020008D3020008D3020008D3020008BC
:1000D000D30200087DBF00088DBF00089DBF000847
:1000E00075160008D3020008D3020008D3020008E6
:1000F000D302000815B30008D3020008D302000899
:10010000D3020008D3020008D3020008D30200087B
:100110004DB400085DB4000805B30008D302000820
:10012000D30200088112000891120008D3020008CF
:10013000D3020008D3020008D3020008D30200084B
:10014000D3020008D3020008D3020008D30200083B
:10015000D3020008D3020008D3020008ADBF000894
:10016000D3020008D3020008D3020008D30200081B
:10017000D3020008D30200080000000000000000C5
:10018000D3020008D30200086DB40008D3020008AF
:10019000D3020008D302000800000000D3020008C8
:1001A000D3020008D3020008000000000000000095
:1001B000D30200080000000000000000D302000885
:1001C000D3020008D3020008D3020008D3020008BB
:1001D000D3020008D302000800F002F800F05CF837
:1001E0000AA090E8000C82448344AAF10107DA4592
:1001F00001D100F051F8AFF2090EBAE80F0013F088
:10020000010F18BFFB1A43F00103184714D3000075
:1002100034D300000A444FF0000C10F8013B13F0F7
:10022000070408BF10F8014B1D1108BF10F8015B4F
:10023000641E05D010F8016B641E01F8016BF9D142
:1002400013F0080F1EBF10F8014BAD1C0C1B09D199
:100250006D1E58BF01F801CBFAD505E014F8016B0B
:1002600001F8016B6D1EF9D59142D6D3704700009D
:100270000023002400250026103A28BF78C1FBD8AF
:10028000520728BF30C148BF0B6070471FB50DF043
:10029000FFF81FBD10B510BD00F0F1F81146FFF7D3
:1002A000F5FF0CF018FC00F00FF903B4FFF7F2FFB4
:1002B00003BC00F017F900000948804709480047CF
:1002C000FEE7FEE7FEE7FEE7FEE7FEE7FEE7FEE706
:1002D000FEE7FEE704480549054A064B7047000063
:1002E000E1B20008D901000808150020081B002011
:1002F000081700200817002053EA020C00F069805C
:100300002DE9F04B4FF00006002B1FBFB3FA83F529
:1003100003FA05F424FA05F65E4012BF1643B2FA5A
:1003200082F502FA05F4C5F120051EBF22FA05FC8C
:1003300044EA0C04203556EA044C4FEA144418BF32
:10034000641C4FF000084FF00009904271EB030C61
:1003500039D3002919BFB1FA81F701FA07F6B0FACB
:1003600080F700FA07F6C7F120071EBF20FA07FC46
:1003700046EA0C062037B6FBF4FCA7EB0507103F56
:1003800007F01F0BCBF120060CFA0BFB2CFA06F63C
:1003900044BFB3460026202FA4BF5E464FF0000B9B
:1003A0005BEA060C08BF4FF0010B19EB0B09ABFB26
:1003B000027C48EB0608C01B06FB02CC0BFB03CCFF
:1003C00071EB0C01C1E70B46024641464846BDE8C9
:1003D000F08B13B54FF000004FF00001AFF3008039
:1003E000BDE81C4070474FF000020429C0F01280A5
:1003F00010F0030C00F01B80CCF1040CBCF1020FD8
:1004000018BF00F8012BA8BF20F8022BA1EB0C01AC
:1004100000F00DB85FEAC17C24BF00F8012B00F8A2
:10042000012B48BF00F8012B70474FF0000200B5C8
:10043000134694469646203922BFA0E80C50A0E807
:100440000C50B1F12001BFF4F7AF090728BFA0E8B5
:100450000C5048BF0CC05DF804EB890028BF40F881
:10046000042B08BF704748BF20F8022B11F0804FC3
:1004700018BF00F8012B70477047704770477546EA
:1004800000F02CF8AE4605006946534620F0070000
:10049000854618B020B5FFF71DFFBDE820404FF09E
:1004A00000064FF000074FF000084FF0000B21F05E
:1004B0000701AC46ACE8C009ACE8C009ACE8C0092B
:1004C000ACE8C0098D46704710B50446AFF3008014
:1004D0002046BDE81040FFF7E8BE00000048704726
:1004E000A414002001491820ABBEFEE7260002003C
:1004F0007047000010B51B48807DC0B91A480078CD
:1005000078B300201849087041F2214005F01EFE22
:100510001448416801200CF021FB1248007C03289C
:100520001FD11048817B00200CF022FA19E00E4800
:100530000078B0B901200C4908700A48C07D00F26B
:10054000072141F2214005F0D7FF0648007C03282F
:1005500003D1002101200CF00BFA002108460CF019
:10056000FDFA10BD040E00201B04002070B52DED17
:100570000A8B0446462C00DD4624002C00DA0024B9
:100580003C2C26DD462C24DC20460CF086FD41EC7C
:100590001C0B9FED560B53EC102B0CF091FD41EC16
:1005A0001B0B9FED540B53EC102B0CF049FB41EC53
:1005B000190BA4F10A000CF070FD41EC1A0B53EC7E
:1005C000192B0CF07DFD41EC180B0CF039FDC5B278
:1005D00088E0322C26DD3C2C24DC20460CF05DFD2E
:1005E00041EC1C0B9FED410B53EC102B0CF068FD04
:1005F00041EC1B0B9FED410B53EC102B0CF020FB3F
:1006000041EC190BA4F10A000CF047FD41EC1A0B68
:1006100053EC192B0CF054FD41EC180B0CF010FDB1
:10062000C5B25FE0282C25DB322C23DC20460CF001
:1006300034FD41EC1C0B9FED2D0B53EC102B0CF0FB
:100640003FFD41EC1B0B9FED2F0B53EC102B0CF0DF
:10065000F7FA41EC190B601F0CF01FFD41EC1A0B6F
:1006600053EC192B0CF02CFD41EC180B0CF0E8FCB2
:10067000C5B237E01E2C25DB282C23DA20460CF0EF
:100680000CFD41EC1C0B9FED190B53EC102B0CF0E7
:1006900017FD41EC1B0B9FED1D0B53EC102B0CF0C9
:1006A000CFFA41EC190BE01E0CF0F7FC41EC1A0BF1
:1006B00053EC192B0CF004FD41EC180B0CF0C0FCB2
:1006C000C5B20FE020460CF0E8FC41EC190B9FEDA1
:1006D000110B53EC102B0CF0F3FC41EC180B0CF04D
:1006E000AFFCC5B22846BDEC0A8B70BD7B14AE478B
:1006F000E17A943F9A9999999999F93FCDCCCCCCCC
:10070000CCCCFC3F666666666666FE3F66666666DD
:1007100066660240000000000000044010B5044678
:1007200009F00EFB10BD10B504460A2C3CD2DFE8E0
:1007300004F03B050B11171D23292F35642141F2CD
:10074000014005F0D9FE2FE0652141F2014005F09E
:10075000D3FE29E0662141F2014005F0CDFE23E001
:10076000672141F2014005F0C7FE1DE0682141F21A
:10077000014005F0C1FE17E0692141F2014005F09A
:10078000BBFE11E06A2141F2014005F0B5FE0BE02D
:100790006B2141F2014005F0AFFE05E06C2141F212
:1007A000014005F0A9FE00BF00BF10BD10B5044612
:1007B00004B3032027490874012007F0D3F901206E
:1007C0000BF0AAFF01200BF08DFF022007F0D9F9F2
:1007D00041F288301F4948600846416801200CF00A
:1007E000BDF928201B4988730846817B00200CF046
:1007F000BFF82DE0022017490874002007F0B2F975
:1008000002200BF089FF01200BF06CFF002007F0A5
:10081000B8F91148007A8C2804D14CF250300D49B7
:1008200048600BE00C48007A1C2803D10B480949AA
:10083000486003E042F2107006494860054841688C
:1008400001200CF08BF90348817B01200CF090F81B
:1008500010BD0000040E0020AC0D0020A086010099
:1008600010B5044601201749087094B1002007F024
:1008700051FB4FF4D4714FF4A25005F03DFE00201F
:100880000AF0C4FD1048C07BD8B1012007F06AF916
:1008900017E0022007F03EFB40F2A9114FF4A250EE
:1008A00005F02AFE03200AF0B1FD00231A4619467E
:1008B00018460CF037F900200349C873152006F0DC
:1008C000A1F910BD16040020040E002010B5404808
:1008D0000078B0B13F48807D98B940203E4988619A
:1008E0003E480078401C3D490870084600780828BA
:1008F00007DD00200870364908704FF48000364943
:1009000088613448807D002854D0FFF7F3FD3448D7
:100910000088401C32490880084600880A2803DC09
:1009200040202D4988613DE02D4800880A2808DDD7
:100930002B480088142804DC4FF480002649886185
:1009400030E027480088142807DD254800881E2845
:1009500003DC40202049886124E0214800881E28CB
:1009600008DD1F480088282804DC4FF480001A495D
:10097000886117E01A480088282807DD1848008891
:10098000322803DC4020144988610BE014480088B9
:10099000322807DD124800883C2803DC4FF4800031
:1009A0000D4988610E48008850280FDD00200C4951
:1009B00008800BE00648007818B94FF4800006491B
:1009C0008861002006490880FFF794FD10BD0000F3
:1009D00016040020040E0020000002401F04002026
:1009E0002004002010B5FFF771FF10BD10B50549B8
:1009F00005480BF0F7FE0A22002103480BF046FFE2
:100A000010BD0000E50900086C0D002008490978B8
:100A1000884200D170470649087018B14021054A44
:100A2000916103E04FF48001024A916100BFF1E758
:100A3000100000200000024000B5524890F8390034
:100A4000012836D150480078401C4F4908700846AC
:100A50000078352814D008DC01280FD00E2814D0D7
:100A60001B280CD028281BD110E042280FD04F287B
:100A700007D05C280CD0822812D10DE000BF00BF47
:100A800000BF0120FFF7C2FF0BE000BF00BF00BFA7
:100A90000020FFF7BBFF04E000203B49087000E0A6
:100AA00000BF00BF0020374981F83A00374908707D
:100AB00066E0344890F83A0001282FD100203249EE
:100AC000087032480078401C3049087008460078A9
:100AD0001F2813D006DC012809D00B280DD01528BB
:100AE0001AD105E0292804D0332815D10AE000BF27
:100AF00000BF0120FFF78AFF0FE000BF0020FFF7D3
:100B000085FF0AE00020FFF781FF00201D4981F8E2
:100B10003A001E49087000E000BF31E01948008E1D
:100B20000A2826DB00201849087018490870154863
:100B3000008E60B1642805D0C82807D0B0F5967F34
:100B400009D100BF0120FFF761FF05E000BF0020D1
:100B5000FFF75CFF00E000BF00BF0A48008E0A38C4
:100B6000084908860846008E50B90020FFF74EFF5E
:100B700006E000200449087004490870FFF746FFAA
:100B800000BD0000640400201100002012000020BD
:100B900010B504460A2C3CD2DFE804F03B050B11EB
:100BA000171D23292F35C82141F2024005F0A4FC6E
:100BB0002FE0C92141F2024005F09EFC29E0CA2144
:100BC00041F2024005F098FC23E0CB2141F20240C3
:100BD00005F092FC1DE0CC2141F2024005F08CFCB6
:100BE00017E0CD2141F2024005F086FC11E0CE2154
:100BF00041F2024005F080FC0BE0CF2141F20240BF
:100C000005F07AFC05E0D02141F2024005F074FCC9
:100C100000BF00BF10BD000000B585B014216846BC
:100C2000FFF703FC01229102564802F0FDFB00226F
:100C30004021554802F0F8FB01224FF4407153481F
:100C400002F0F2FB01224FF440714F4802F0ECFB3E
:100C50004FF48060009001200190029000200390EA
:100C60006946484802F0DCFA4020009001200190DB
:100C70000290002003906946434802F0D1FA3020E8
:100C800000901120019000200290022003906946FC
:100C90003E4802F0C5FA4FF4005000901120019038
:100CA00000200290022003906946394802F0B8FA09
:100CB0004FF48050009011200190002002900220FB
:100CC00003906946324802F0ABFA1C2000900020E5
:100CD00001900120029069462D4802F0A1FA0320FC
:100CE000009000200190012002906946284802F0FF
:100CF00097FA4FF48050009000200190012002905C
:100D00006946224802F08CFA4FF4407000900120AE
:100D1000019002900020039069461C4802F080FA7E
:100D20004FF4407000900120019002900020039049
:100D30006946154802F074FA4FF400400090012013
:100D400001900020029003906946124802F068FA70
:100D50004FF400400F49183108604FF440400090B4
:100D6000012001900290002003906946084802F09B
:100D700057FA4FF08040064918310860400008607B
:100D800005B000BD00100240000002400008024013
:100D9000000C02400004024070B5ACB000260025F3
:100DA0000024982106A8FFF740FB18216846FFF7AA
:100DB0003CFB06A80BF07AF9C5B2062D01DA2CB07F
:100DC00070BD0024C4E006A8005DAA287BD106A956
:100DD000201D085CEE2877D19DF81D00FF28FAD170
:100DE00001205E49087006A908190622694600F02C
:100DF000E5F99DF803000D2812D2DFE800F0A10705
:100E0000122F3C454E576B747D8893000120544946
:100E100081F837004FF4077141F2504005F06CFB48
:100E20008EE041F2504005F091F900204C4981F8E4
:100E3000370081F838000846807A28B10B2081F805
:100E40002000012081F839004548807D28B100202C
:100E500043498875C87581F8380071E04048807D45
:100E600000B1ACE73E4890F8370018B101203C498A
:100E700081F8380064E03A4890F8370018B1002053
:100E8000374981F838005BE0354890F8370018B1F1
:100E90000120334981F8200052E0314890F83700B2
:100EA00018B103202E4981F8200049E02C4890F821
:100EB000370070B12A480078012806D11920284946
:100EC00081F8200005E041E03BE01820244981F84A
:100ED000200035E0224890F8370018B10B20204957
:100EE00081F820002CE01E4890F8370018B10C2043
:100EF0001B4981F8200023E0194890F8370028B1F9
:100F0000012017494877072081F8200018E014488D
:100F100090F8370028B1012011494877052081F861
:100F200020000DE00E4890F8370048B10C48807D55
:100F300028B100200A498875C87581F8380000BFBB
:100F400000BF18216846FFF770FA38E7601CC4B28A
:100F5000681FA0423FF737AF00BF30E716040020FC
:100F6000040E002070B5C6B0002500244FF4807137
:100F700006A8FFF75AFA18216846FFF756FA002626
:100F800006A80BF027F8C5B20B2D01DA46B070BDEC
:100F9000002460E006A8005DAA285AD106A9081915
:100FA0000A2100F019F9064606A904F10A00095CB5
:100FB00006AA401C105C01EB0020B04249D106A9F2
:100FC00008190C22694600F0F9F89DF8070020B9CD
:100FD0000020244981F84D001DE00120214981F8BD
:100FE0004D0021480078012803D108201E49C8750A
:100FF00006E01D480078022802D109201A49C87568
:10100000012019498875002007F0D8FA00201649F8
:10101000C877887708779DF80100062809D2DFE8AD
:1010200000F008030405060704E003E002E000BF47
:1010300000E000BF00BF00200A4981F8360001200F
:1010400081F835000F216846FFF7EFF904F10C0035
:10105000C4B2601CC4B2A5F10B00A0429ADC00BF70
:1010600094E7000064040020040E00202DE9FE4FE8
:1010700004460D4616469846DDE90C9A1AA207CAA0
:101080008DE80700052C03DC062D01DC642E01DD54
:10109000BDE8FE8F8DF801508DF802608DF8034099
:1010A0004FEA19208DF8040009F0FF008DF80500C3
:1010B0008DF806804FEA1A208DF807000AF0FF002D
:1010C0008DF808000921684600F086F80746F8B256
:1010D0008DF80900380A8DF80A000B2168460AF0DD
:1010E000CDFF00BFD4E70000AA010001000001000D
:1010F00000000000FEB505460F46144614A207CABC
:101100008DE807008DF8017000208DF802008DF841
:101110000350200A8DF80400E0B28DF8050002208B
:101120008DF8060000208DF807008DF808000921D1
:10113000684600F051F80646F0B28DF80900300A12
:101140008DF80A000B2168460AF098FFFEBD0000EA
:10115000AA0100010000020000000000FEB50446E4
:101160000D4616461F46134A07CA8DE807000B2195
:1011700068460AF083FF02208DF80600052000F083
:1011800015F90B2168460AF079FF052000F00EF9E9
:1011900002208DF801000B2168460AF06FFF052040
:1011A00000F004F901208DF806000B2168460AF0D2
:1011B00065FFFEBDBCD4000800BFFEE710B50346C6
:1011C0000C46002100BF03E0585C6054481C81B20B
:1011D0009142F9DB104610BD70B502460D46FF2165
:1011E000FF23002409E012F8010B80EA03040748FA
:1011F000005D80EA01030648015D281EA5F1010695
:10120000B5B2F0D143EA012070BD00001300002008
:101210001301002010B503460C46002100BF02E078
:101220006354481C81B29142FADB104610BD0000A5
:1012300010B5024801F022FD10BD00002409002075
:1012400010B5024801F01AFD10BD0000A40A0020EC
:1012500010B5024801F012FD10BD0000C4080020C6
:1012600010B5024801F00AFD10BD000084090020FD
:1012700010B5024801F002FD10BD0000440A002034
:1012800010B5024801F0FAFC10BD0000040B00206C
:1012900010B5024801F0F2FC10BD0000E409002086
:1012A0000146087810381823B0FBF3F20848805C38
:1012B000C865032A05D908686FF30900001D886511
:1012C00003E008686FF309008865886D70470000C7
:1012D0009AD40008014600208A6A8B69CBB932B1E2
:1012E000012A0DD0022A03D0032A10D10EE000BF3C
:1012F000CB6A03F08073B3F1807F00D1012007E057
:10130000CB6AB3F1C07F00D1012001E000E000BF53
:1013100034E08B69B3F5005F1AD132B1012A07D0EE
:10132000022A03D0032A11D10AE000BF01200EE0F7
:10133000CB6A03F08073B3F1807F00D1012006E017
:10134000CB6AB3F1C07F00D1012000E000BF15E0FF
:1013500032B1012A05D0022A04D0032A0CD103E0BD
:1013600000BF00BF012008E0CB6A03F08073B3F137
:10137000807F00D1012000E000BF00BF704730B582
:101380000468246824F4802405682C600468636081
:101390008468402C04D10468A2600468E16003E022
:1013A0000468A1600468E26030BD704770B504460F
:1013B000002507E004F0CCFC40F2DE3000F006F837
:1013C000681C85B2A542F5DB70BD0000002100223B
:1013D000054B1B685A6203E0034A1268526A91B2D5
:1013E0008142F9DB70470000F405002010B5044687
:1013F0007B48807F00287DD17948C07D0028FAD1C4
:101400000D2C61D1764840780D2859D2DFE800F0E4
:101410005808090A0B1A1B0C573946070D0000BF64
:1014200000BF00BF00BF00BF00BF02200BF074F977
:1014300001200BF057F9002006F0A3FB01206949B9
:1014400008703DE000BF0120664908706448C07B19
:1014500048B902200BF060F901200BF043F900209D
:1014600006F08FFB0CE0002101200BF081FA022036
:101470000BF052F901200BF035F9012006F081FB49
:101480001EE001205749087002200BF045F90120A9
:101490000BF028F9002006F074FB11E001205149FF
:1014A000087002200BF038F901200BF01BF9012025
:1014B00006F067FB002101200BF05AFA00E010BD96
:1014C00000BF0220464908740E2C61D14448407880
:1014D0000D2859D2DFE800F05808090A0B1B1C0C34
:1014E000573A47070D0000BF00BF00BF00BF00BF55
:1014F00000BF00E071E001203A4908700BF00CF9E0
:1015000002200BF0EFF8002006F03BFB3CE000BFB0
:101510000120344908703248C07B48B901200BF0E3
:10152000FBF802200BF0DEF8002006F02AFB0CE0AE
:10153000002101200BF01CFA01200BF0EDF8022035
:101540000BF0D0F8012006F01CFB1DE001200BF091
:10155000E3F802200BF0C6F8002006F012FB012091
:101560002049087010E001201E4908700BF0D4F8E3
:1015700002200BF0B7F8012006F003FB0021012048
:101580000BF0F6F900E09AE700BF01201449087457
:101590000F2C22D112484078052807D010484078F7
:1015A000062803D00E4840780A2816D10C48C07B84
:1015B000012812D10B4908700948817B00200BF0EB
:1015C000D7F901200BF0A8F801200BF08BF80220CE
:1015D00006F0D7FA03200249087400BF6FE7000045
:1015E000040E00201604002010B5054905480BF034
:1015F000F9F83722002103480BF048F910BD00002C
:10160000B36700082C0C002010B5054905480BF005
:10161000E9F83222002103480BF038F910BD000030
:10162000A96700080C0C002010B504F05DF810BD8F
:1016300070B506460C46154608E03046721C96B258
:1016400003F0E0FF04F8010B681E85B2002DF4D111
:1016500070BD70B506460C46154608E014F8011B2F
:101660003046731C9EB203F0FCFF681E85B2002D4D
:10167000F4D170BD10B54FF4806001F0C3FD4FF49C
:10168000006001F0BFFD10BD704772B600BFFEE7FD
:1016900010B504461A2C02D01B2C08D103E00120FF
:1016A00008F05CFC03E0022008F058FC00BF00BF1B
:1016B00010BD000010B5002201B909E0012901D1D7
:1016C0000A0205E0022901D10A0201E04FF440724A
:1016D0000E4B1B6823F440730C4C236023461B689D
:1016E0001343236023461B6823F0780323602346BB
:1016F0001B68022444EAC0042343044C23602346AD
:101700001B6843F48033236010BD0000103C02408E
:101710001C48006800F40070B0B11A48006820F45A
:1017200000701849086000BF0846006840F4006077
:1017300008600846006820F40060086000BF0846A2
:10174000006840F4007008600E48006800F4806093
:10175000B0B10C48006820F480600A49086000BFFE
:101760000846006840F4805008600846006820F48D
:101770008050086000BF0846006840F48060086040
:1017800070470000003C02400A4A126822F440728E
:10179000084B1A601A46126842F004021A601A4690
:1017A00012684FF4803343EA00231A43014B1A6056
:1017B00070470000103C0240074A126822F4407251
:1017C000054B1A601A4612681A601A46126842F0EF
:1017D00001021A6001707047103C024010B50A49BE
:1017E000096821F44071084C21602146096841F4E0
:1017F000407121602146096841F0010121600260C9
:10180000BFF36F8F436010BD103C0240084A12685E
:1018100022F44072064B1A601A46126842F4807233
:101820001A601A46126842F001021A60018070477D
:10183000103C0240084A126822F44072064B1A60BB
:101840001A46126842F400721A601A46126842F090
:1018500001021A6001607047103C02402A4800688B
:1018600000F0100040B12948C06940F0100027493D
:10187000C8611020244908602348006800F0200057
:1018800040B12248C06940F008002049C8612020CA
:101890001D4908601C48006800F0400040B11B482A
:1018A000C06940F004001949C86140201649086029
:1018B0001548006800F0800040B11448C06940F04D
:1018C00002001249C86180200F4908600E48006874
:1018D00000F4807048B10D48C06940F001000B4928
:1018E000C8614FF48070084908600748006800F03C
:1018F000020040B10548C06940F020000349C861BA
:1019000002200149086070470C3C0240AC0B0020EB
:1019100070B50446002500201449C86101F08AFD15
:10192000054609E0601C38B124B101F083FD401B7D
:10193000A04201D9032070BD0D48006800F480303A
:101940000028EFD10A48006800F0010010B1012022
:10195000074908600648006800F4F97018B1FFF7FD
:101960007DFF0120E7E70020E5E70000AC0B002049
:101970000C3C024010B50446074890F8370000B10F
:1019800010BD0548407C032800D1F9E700F03CF980
:1019900000F05AFB00BFF3E7040E002001461C488C
:1019A000814201D2002070471A48814201D20120B1
:1019B000F9E71948814201D20220F4E71748814231
:1019C00001D20320EFE71648814201D20420EAE762
:1019D0001448814201D20520E5E71348814201D233
:1019E0000620E0E71148814201D20720DBE71048DA
:1019F000814201D20820D6E70E48814201D2092057
:101A0000D1E70D48814201D20A20CCE70B20CAE77A
:101A1000004000080080000800C000080000010825
:101A20000000020800000408000006080000080882
:101A300000000A0800000C0800000E0870B50346FC
:101A40000C46154600221E4600BF07E0304606F051
:101A500002FF44F82200361D501C82B2AA42F5DB78
:101A600070BD2DE9F04F87B00446884691460020AE
:101A70000190254604EB0906824600900027834624
:101A8000B5F1006F02D3B6F1016F04D34FF0FF3010
:101A900007B0BDE8F08F01F07DFB2846FFF77EFF21
:101AA00082463046FFF77AFFA0EB0A00401C009008
:101AB000012003900020029002200690CDF810A093
:101AC0000098059001A902A801F0B8FA10B16FF0D2
:101AD0000100DDE72F460FE058F82BC062460023D7
:101AE0003946022001F00AFB18B90BF1010B3F1D2A
:101AF00002E06FF00200CBE7B742EDD301F0F4FA59
:101B00000020C5E72948C07D00284BD12748007E2A
:101B1000032806D1012025494877052081F82000B7
:101B200040E02248007E022804D10B201F4981F8A2
:101B3000200037E01D48C07C10B91C48007D18B358
:101B40001A48007E012805D118494877072081F8F6
:101B5000200027E01548007E052804D116201349EF
:101B600081F820001EE01148007E06281AD10F4897
:101B70000078022809D10D4890F82200012811D1DF
:101B800018200A4981F820000CE008480078012854
:101B900008D1064890F82200012803D119200349F2
:101BA00081F820000020014908767047040E0020CB
:101BB00000B5044890F8370000B100BDFFF7A2FF60
:101BC00000BFFAE7040E002010B5054905480AF0E9
:101BD00009FE1E22002103480AF058FE10BD000035
:101BE000B11B00084C0D002010B5054905480AF04E
:101BF000F9FD1922002103480AF048FE10BD00003B
:101C0000751900084C0C002010B5FE48407E401CA1
:101C1000FC4948760846407E142801DD00200876FD
:101C2000F848007E012812D10020F7490870F748D3
:101C30000078401CF549087008460078032825DB29
:101C40000120F34988740020F04908701EE000204C
:101C5000EE490870EC480078401CEB4908700846D3
:101C60000078032812DB00200870E949887481F8A5
:101C700021000120E74908700020E54981F8220091
:101C80000846C07F10B9002088778862E048807CD1
:101C900018B30120E0490870E048007800281BD004
:101CA0000120DF4908700020DC4908700120D84974
:101CB000487481F8210002200AF078FFD448407867
:101CC000052803D101200AF08DFF02E000200AF070
:101CD00089FF01200AF0A2FF6EE0CF4800780028BB
:101CE00036D00120CE4908700020C94981F824006F
:101CF000C94908700AF05AFFC548407BA8B9C448D2
:101D0000007F90B10020C249087706F057FCC04818
:101D10004078052803D102200AF064FF02E0002089
:101D20000AF060FF01200AF079FFB94840780528E1
:101D30000BD10220B649487400200AF037FF022078
:101D40000AF050FF01200AF069FF0020AD494882E7
:101D50000120B2490870AE48C07D012817D0AC48B8
:101D6000C07D022813D0AA48C07D03280FD0A84800
:101D7000C07D04280BD0A648C07D0B2807D0A448FE
:101D8000C07D0C2803D0A248C07D0D2804D10020BE
:101D90009F49C87588750FE09D48C07D082803D00D
:101DA0009B48C07D092807D19948407C012803D170
:101DB00000209749C8758875954890F8210000283B
:101DC00013D09448007800287DD0914890F82200E4
:101DD000012869D193480078401C92490870084650
:101DE0000078012802D106F03BFB27E18D480078FE
:101DF000032802D106F034FB20E18A480078052848
:101E000002D106F01DFB19E186480078072802D1AF
:101E100006F016FB12E183480078092802D106F08B
:101E20002FFB0BE17F4800780B2802D106F028FB3E
:101E300004E17C4800780E28D7D10020754908704D
:101E40007048808840F2EE21884214DD6D48808819
:101E500040F2B63188420EDA6A484088B0F5FA7F1F
:101E600009DD68484088B0F52F7F04DA0120684911
:101E700081F82400E2E00B206549C87501208875CF
:101E8000002081F824000846407B0028ADD00020C7
:101E9000487306F093FB5E48C17A01200AF08BFD7F
:101EA00001200AF04BFDC9E0594890F822000228B1
:101EB0009BD15D480078401C5B490870084600785B
:101EC000012804D100E0B4E006F0CAFA4BE056481D
:101ED0000078032802D106F0C3FA44E052480078A3
:101EE000052802D106F0ACFA3DE04F4800780728FB
:101EF00002D106F0A5FA36E04B480078092802D155
:101F000006F0BEFA2FE0484800780B2802D106F010
:101F1000B7FA28E0444800780D2802D106F0B8FA54
:101F200021E0414800780F2802D106F0B1FA1AE00A
:101F30003D480078112802D106F09AFA13E03A4899
:101F40000078132802D106F093FA0CE036480078A6
:101F5000152802D106F07CFA05E0334800781728EE
:101F600001D106F075FA304800781A2866D10020B1
:101F7000284908702348008A40F2EE2188422ADD71
:101F80002048008A40F2B631884224DA1D48808910
:101F9000B0F5FA7F1FDD1B488089B0F52F7F1ADA74
:101FA0001848C08940F2EE21884214DD1548C089E6
:101FB00040F2B63188420EDA12484089B0F5FA7F15
:101FC00009DD10484089B0F52F7F04DA012010495F
:101FD00081F8240032E00C200D49C8750120887575
:101FE000002081F824000846407B50B1002048734F
:101FF00006F0E4FA0648C17A01200AF0DCFC012070
:1020000014E01BE0D40F00202C0200202B02002043
:10201000040E0020280200202A02002029020020AD
:10202000160400202E0200202F0200200AF086FC59
:1020300004E00020024908700249087010BD000049
:102040002E0200202F0200201048007F062818D200
:10205000DFE800F01703070B0F1306200C49087682
:102060000FE005200A4908760BE0012008490876B0
:1020700007E003200649087603E0022004490876B9
:1020800000BF00BF0020014908777047D40F00202F
:10209000040E00202DE9F0470027B8460024002553
:1020A0000026FC4890F8370008B1BDE8F087F948F1
:1020B00090F82200012803D1F748B0F8008002E030
:1020C000F5480588C488F34890F8240000287CD09F
:1020D000F048807D002877D1EE48407C0128FAD175
:1020E000EC480078012871D1EA4890F822000128D4
:1020F0006DD1E9484089404505DAE7484089A8EBB9
:10210000000087B200E00027322F6DDDE148407B00
:1021100001280AD10020DF4948730846C17A01200E
:102120000AF049FC01200AF009FC0120D94908778E
:10213000C87AFEF71BFA8146484606F03FFAD648B1
:10214000408A40450CDAD448C089404502DAD2487A
:10215000B0F80E80D048408AA8EB000087B200E0BB
:102160000027142F3BDDCB484668CB48C089CA49BD
:10217000498A411A3239C848408AA8EB000014380D
:102180007043B0FBF1F00A21B0FBF1F0C149886265
:102190000A20B6FBF0F0896A884204D20A20B6FB16
:1021A000F0F0BC498862BB4890F8360080B1BB486B
:1021B0000078401CB949087008460078322803DDD1
:1021C0000020B44981F83600B3E2CAE26EE124E0AF
:1021D0000020B24908700120AE498877A9E20020AA
:1021E000AC4988628877A4E20020AA4908770846AB
:1021F000407B10B9002006F0E1F90020A549886273
:1022000088770846807D0028DED00846C07D0828F3
:10221000DAD100208875C8758BE29E4890F82200BC
:102220000228D1D19C488089A84204DA9A48808942
:10223000281A87B200E00027142F67DD9548407BFD
:1022400001280AD10020934948730846C17A012029
:102250000AF0B1FB01200AF071FB01208D490877DB
:10226000C87AFEF783F98146484606F0A7F98A48FE
:10227000808AA8420ADA8848008AA84201DA864899
:10228000058A8548808A281A87B200E00027142F23
:1022900037DD804846688048008A7F49898A411A2C
:1022A00032397D48808A281A14387043B0FBF1F027
:1022B0000A21B0FBF1F0774988620A20B6FBF0F002
:1022C000896A884204D20A20B6FBF0F0714988621C
:1022D000704890F8360068B170480078401C6F492B
:1022E00008700846007832281FDD0020694981F80F
:1022F00036001AE000206949087001206549887796
:1023000013E000206349887788620EE0614890F806
:10231000330050B900205F49887788620877084603
:10232000407B10B9002006F049F95A48007D00288A
:1023300077D15B49087058484089A04204DA564872
:102340004089201A87B200E00027142F70DD012099
:10235000504981F833000846407B012809D100200C
:1023600048730846C17A01200AF025FB01200AF0D3
:10237000E5FA012047490877C87AFEF7F7F8814661
:10238000484606F01BF94448408AA0420ADA42480F
:10239000C089A04201DA4048C4893F48408A201AD7
:1023A00087B200E00027142F3DDD3A4846683A48DE
:1023B000C0893949498A411A32393748408A201A36
:1023C00014387043B0FBF1F00A21B0FBF1F0314951
:1023D00088620A20B6FBF0F0896A884204D20A209B
:1023E000B6FBF0F02B4988622A4890F8360068B1B5
:1023F0002A480078401C294908700846007832288D
:102400000ADD0020234981F8360005E00020234939
:10241000087001201F49887701201E4981F8330088
:1024200087E11AE004E000201A498862887780E199
:10243000184890F833000128F2D100201549087798
:102440000846407B10B9002006F0B8F8002011497A
:102450008862887781F833006BE10F484089A04299
:1024600004DA0D484089201A87B200E00027142FB3
:1024700018DD0B480078401C0949087008460078B0
:102480004628CDDD1920034981F8200000200449A9
:1024900008704EE1040E0020D40F0020300200200E
:1024A000310200200020FE49087042E1FD4800781A
:1024B0000228B5D1FB4890F82200012800D14446FB
:1024C000F9484089A04204DAF7484089201A87B2C7
:1024D00000E00027142F67DDF248407B01280AD175
:1024E0000020F04948730846C17A01200AF063FAD7
:1024F00001200AF023FA0120EA490877C87AFEF79A
:1025000035F88146484606F059F8E748408AA04227
:102510000ADAE548C089A04201DAE348C489E24802
:10252000408A201A87B200E00027142F37DDDD48EB
:102530004668DD48C089DC49498A411A3239DA489F
:10254000408A201A14387043B0FBF1F00A21B0FB26
:10255000F1F0D44988620A20B6FBF0F0896A88421B
:1025600004D20A20B6FBF0F0CE498862CD4890F83C
:10257000360068B1CD480078401CCC490870084648
:102580000078322821DD0020C64981F836001CE0A1
:102590000020C64908700120C249887715E0002054
:1025A000C0498862887710E0BE4890F8320060B970
:1025B0000020BC4908770846407B10B9002005F090
:1025C000FDFF0020B74988628877B648C07C0028A4
:1025D00071D1B7490870B4488089A84204DAB2487A
:1025E0008089281A87B200E00027142F69DD0120B6
:1025F000AC4981F832000846407B012809D100200F
:1026000048730846C17A01200AF0D5F901200AF082
:1026100095F9A449C87AFDF7A9FF8146484605F017
:10262000CDFFA148808AA8420ADA9F48008AA842C2
:1026300001DA9D48058A9C48808A281A87B200E002
:102640000027142F38DD974846689748008A964936
:10265000898A411A32399448808A281A143870437A
:10266000B0FBF1F00A21B0FBF1F08E4988620A203C
:10267000B6FBF0F0896A884204D20A20B6FBF0F07B
:1026800088498862874890F8360068B187480078A2
:10269000401C8649087008460078322849DD002031
:1026A000804981F8360044E000208049087001200C
:1026B0007C4988773DE01CE000207A498877886271
:1026C00037E0784890F83200012832D1002075496F
:1026D00081F83200084690F8330030BB002088773C
:1026E000886208770846407BF8B9002005F066FF4D
:1026F0001FE06D488089A84204DA6B488089281A57
:1027000087B200E00027142F10DD69480078401CD4
:10271000674908700846007832280ADD18206149A8
:1027200081F8200000206249087002E00020604922
:1027300008705C4890F8220001286FD15A484089FF
:10274000404542DA58484089A8EB0000142814DDBF
:102750005448007830B901205249C8758875002066
:102760008877E0E14F48407C0228FAD14D49C8758E
:102770000120887500208877D5E14A48C07D01286E
:1027800003D04848C07D022804D100204549C875BF
:10279000887588774348407C01280CD14148C07D2A
:1027A000082803D03F48C07D092804D100203D49B6
:1027B000C875887588773B48C07D0D28D1D1002029
:1027C0003849C87588758877ADE13648C07D0128DD
:1027D00003D03448C07D022804D100203149C87597
:1027E000887588772F48407C01280CD12D48C07D02
:1027F000082803D02B48C07D092804D1002029498E
:10280000C875887588772748C07D0D28A9D1002014
:102810002449C8758875887785E1FFE7214890F8D5
:10282000220002289DD120484089A04273DA1E4828
:102830004089201A142814DD1A48007830B9012084
:102840001849C875887500208877B2E01548407C23
:10285000022805D11349C8750120887500208877A2
:10286000A7E01048C07D012803D00E48C07D022893
:1028700003D100200B49C87588750A4800780128E3
:102880001DD00848C07D092823D10648407C012876
:102890001FD1044890F8320068B90020014909E0CE
:1028A00031020020040E0020D40F0020300200204E
:1028B00032020020C87500209C49887509E09B48B9
:1028C00090F83300012804D100209849C875887514
:1028D00088779648C07D0D286BD1944800780228EF
:1028E00009D1924890F83200C0BB00208F49C875CA
:1028F000887588775DE08D480078012859D18B482C
:1029000090F83300012854D100208849C875887593
:1029100088774EE0FFE78548C07D012803D08348D3
:10292000C07D022804D100208049C8758875887749
:102930007E480078012812D07C48C07D092818D133
:102940007A48407C012814D1784890F8320080B948
:1029500000207649C875887588770AE029E07348B1
:1029600090F83300012804D100207049C87588759B
:1029700088776E48C07D0D281BD16C4800780228EE
:1029800009D16A4890F8320098B900206749C875A3
:10299000887588770DE065480078012809D163487B
:1029A00090F83300012804D100206049C87588756B
:1029B00088775F488089A84267DA5D488089281A4D
:1029C000142816DD5948007838B903205749C875CE
:1029D0000120887500208877A5E05448407C0228B3
:1029E00006D104205149C8750120887500208877D8
:1029F00099E04E48C07D032803D04C48C07D042890
:102A000003D100204949C8758875484800780228D4
:102A100010D04648C07D082816D14448407C012883
:102A200012D1424890F8330070B900203F49C87570
:102A3000887509E03D4890F83200012804D1002053
:102A40003A49C875887588773848C07D0D286AD19D
:102A500036480078012809D1344890F83300B8BBD3
:102A600000203249C875887588775CE02F48007867
:102A7000022858D12D4890F83200012853D1002067
:102A80002A49C875887588774DE02848C07D032895
:102A900003D02648C07D042804D100202349C875EE
:102AA0008875887721480078022812D01F48C07D99
:102AB000082818D11D48407C012814D11B4890F8E3
:102AC000330080B900201949C875887588770AE0F5
:102AD00029E0164890F83200012804D1002013495B
:102AE000C875887588771148C07D0D281BD10F489F
:102AF0000078012809D10D4890F8330098B90020DA
:102B00000A49C875887588770DE00848007802285A
:102B100009D1064890F83200012804D10020034969
:102B2000C8758875887700BFFFF7BFBA040E00200C
:102B3000D40F002010B50549054809F053FE0A22BC
:102B40000021034809F0A2FE10BD000095200008F6
:102B50006C0C002010B504461148007C03281ED1DF
:102B6000012010490870092C0BD10D48807B401DB5
:102B70000B4988730846807B28280BDD2820887342
:102B800008E00748807B052804DD0548807B401F5E
:102B9000034988730248817B002009F0E9FE10BDDB
:102BA000040E00201604002070B50446A56D00F048
:102BB00041FC064694F83500022808D08020606564
:102BC00000BF002084F8340000BF012070BD2068E1
:102BD000006820F01600216808602068406920F035
:102BE000800021684861206C08B9A06C28B1206879
:102BF000006820F00800216808602068006820F064
:102C000001002168086010E000F014FC801B05281A
:102C10000BD920206065032084F8350000BF002018
:102C200084F8340000BF0320D0E72068006800F07B
:102C300001000028E8D194F85C103F208840A8608B
:102C4000012084F8350000BF002084F8340000BF64
:102C500000BFBBE7014691F83500022803D0802071
:102C6000486501207047052081F835000868006834
:102C700020F001000A6810600020F3E7F8B5044670
:102C8000002000908C4800684FF41651B0FBF1F71B
:102C9000A56D2E6894F85C1008208840304098B1EB
:102CA0002068006800F0040070B12068006820F01F
:102CB00004002168086094F85C1008208840A8602F
:102CC000606D40F00100606594F85C100120884060
:102CD000304068B12068406900F0800040B194F84D
:102CE0005C1001208840A860606D40F002006065C3
:102CF00094F85C1004208840304068B12068006877
:102D000000F0020040B194F85C1004208840A860F4
:102D1000606D40F00400606594F85C1010208840FD
:102D2000304078B32068006800F0080050B394F891
:102D30005C1010208840A8602068006800F48020A3
:102D400080B12068006800F4002028B9206CC8B168
:102D50002046216C884715E0A06C98B12046A16CF4
:102D600088470FE02068006800F4807028B9206868
:102D7000006820F0080021680860206C10B120462F
:102D8000216C884794F85C1020208840304000284F
:102D900065D02068006800F0100000285FD094F82B
:102DA0005C1020208840A86094F83500052828D1C0
:102DB0002068006820F016002168086020684069DB
:102DC00020F0800021684861206C08B9A06C28B10F
:102DD0002068006820F008002168086094F85C1002
:102DE0003F208840A860012084F8350000BF002003
:102DF00084F8340000BF206D10B12046216D884753
:102E0000F8BD2068006800F4802080B12068006868
:102E100000F4002028B9606C10B12046616C88472E
:102E20001DE0E06BD8B12046E16B884717E02068D1
:102E3000006800F4807068B92068006820F0100015
:102E400021680860012084F8350000BF002084F864
:102E5000340000BFE06B10B12046E16B8847606D25
:102E600038B3606D00F00100F0B1052084F8350042
:102E70002068006820F001002168086000BF009809
:102E8000401C0090B84200D905E02068006800F0BE
:102E900001000028F3D100BF012084F8350000BFF5
:102EA000002084F8340000BFE06C10B12046E16CD3
:102EB000884700BFA4E700000C0000202DE9F04186
:102EC0000446002500F0B6FA074614B90120BDE813
:102ED000F081606A00B100BF022084F8350000BFB5
:102EE000002084F8340000BF2068006820F0010052
:102EF000216808600AE000F09DFAC01B052805D98A
:102F000020206065032084F83500E0E72068006831
:102F100000F001000028EED1206805682148054036
:102F2000D4E901010843E168084321690843616964
:102F30000843A1690843E1690843216A084305433E
:102F4000606A042803D1D4E90B01084305432068D3
:102F500005602068456925F00705606A0543606AD9
:102F600004280DD1A06A0543E06A48B12046FEF767
:102F7000B1F928B140206065012084F83500A6E74A
:102F8000206845612046FEF78BF9064694F85C10F0
:102F90003F208840B06000206065012084F8350043
:102FA000002094E73F8010E02DE9F04704460D46ED
:102FB00016461F464FF00008D4F8589000BF94F80A
:102FC0003400012802D10220BDE8F087012084F8F6
:102FD000340000BF94F83500012825D1022084F880
:102FE0003500002060653B46324629462046FEF704
:102FF000C6F994F85C103F208840C9F808002068A2
:10300000006840F0160021680860206C28B1206834
:10301000006840F00800216808602068006840F0FF
:1030200001002168086006E000BF002084F8340039
:1030300000BF4FF002084046C6E700002DE9F0410E
:1030400004460E460127002500BF2548007E0128C2
:1030500002D10220BDE8F08101202149087600BF9D
:103060004CF25030FEF754FC0746002F31D1401E81
:103070003060206801280FD1207C6168FEF784FB56
:103080004CF25030FEF744FC07461648006820F02A
:103090000400144908601AE0A56812E0217C284663
:1030A000FEF708FB4CF25030FEF732FC07460D48A5
:1030B000006820F07A000B4908600FB1356005E028
:1030C0006D1CD4E902100844A842E7D800BFFEF7FF
:1030D0001FFB00BF00200249087600BF3846B9E751
:1030E000AC0B0020103C02400348006840F0004058
:1030F0000149086000207047103C02402DE9F04172
:1031000006460F4614461D464FF0010800BF1F48F3
:10311000007E012802D10220BDE8F08101201B4978
:10312000087600BF4CF25030FEF7F2FB8046B8F153
:10313000000F23D126B9E1B23846FEF73DFB12E07D
:10314000012E04D1A1B23846FEF760FB0BE0022E3F
:1031500004D121463846FEF76DFB04E022462B469B
:103160003846FEF73BFB4CF25030FEF7D1FB804671
:103170000748006820F001000549086000BF0020F2
:103180000249087600BF4046C6E70000AC0B0020AD
:10319000103C024000200949096801F0004159B182
:1031A0000749064A0C3A116006491160034909684B
:1031B00001F0004101B1012070470000103C0240C5
:1031C00023016745AB89EFCDB0F5806F0BD0B0F52B
:1031D000006F11D10A49497809B9012100E00021A5
:1031E000074A517009E00649097809B9012100E050
:1031F0000021034A117000E000BF00BF70470000CB
:103200003702002010B5044604480068204020B171
:10321000024804602046FFF7D7FF10BD143C014070
:10322000F8B502460B460025002400200021D1E01D
:10323000012606FA01F51E6806EA0504AC4274D1BF
:103240001E7906F00306012E04D01E7906F003064F
:10325000022E13D190684F000326BE40B0434F00AA
:10326000DE68BE4030439060506801268E40B04317
:103270001E79C6F300168E40304350601E7906F06A
:103280000306032E09D0D0684F000326BE40B0438A
:103290004F009E68BE403043D0601E7906F00306A2
:1032A000022E13D1CF0802F1200656F827004E0750
:1032B000F70E0F26BE40B0434F07FF0E1E69BE40FB
:1032C0003043CF0802F1200646F8270010684F006F
:1032D0000326BE40B0431E7906F003064F00BE40F1
:1032E000304310605E6806F44036002E71D000BF97
:1032F00000260096394E366846F48046374F3E60C9
:103300003E46366806F48046009600BF00BF344E45
:103310008F0856F827008E07370F0F26BE40B043A0
:10332000304EB24202D100261FE052E02E4EB24291
:1033300001D1012619E02D4EB24201D1022614E03E
:103340002B4EB24201D103260FE02A4EB24201D1E8
:1033500004260AE0284EB24201D1052605E0274E98
:10336000B24201D1062600E007268F073F0FBE407C
:1033700030431B4E8F0846F82700214E3068A0438B
:103380005E6806F4801606B120431D4E3060361D7F
:103390003068A0435E6806F4001606B12043184E5C
:1033A000361D3060164E361F3068A0435E6806F446
:1033B000003606B12043124E361F3060361F30688B
:1033C000A0435E6806F4803606B120430C4E083EEA
:1033D0003060491C1029FFF42BAFF8BD443802407F
:1033E000083801400000024000040240000802408A
:1033F000000C02400010024000140240001802407D
:10340000083C0140024613690B400BB1012000E06B
:103410000020704710B5426921EA020302EA010464
:1034200043EA0443836110BD0AB1816101E00B04EA
:103430008361704701480068704700000000002069
:103440000348006803490978084401490860704747
:10345000000000200800002010B50D48006840F46E
:1034600000700B4908600846006840F480600860FE
:103470000846006840F480700860032000F0DAF825
:103480000F2000F007F800F05FF8002010BD0000EA
:10349000003C02402DE9F04188B004460027B846C0
:1034A00000BF002001902348006840F0100021492F
:1034B00008600846006800F01000019000BF00BFDF
:1034C00002A903A800F08CF9069F1FB900F0B0F91B
:1034D000054602E000F0ACF945001748B5FBF0F0F6
:1034E000A0F1010815481649086040F2E731144878
:1034F000C160C0F80480002101618160816100F039
:10350000C3FC064696B90E4800F09AFD06466EB911
:10351000362000F03DF8102C07D20022214636203C
:1035200000F04AF80748046000E00126304608B081
:10353000BDE8F0814038024040420F0000100040DA
:10354000640B00200400002008B500BF002000909C
:103550000E48006840F480400C4908600846006846
:1035600000F48040009000BF00BF00BF002000902A
:10357000081F006840F08050091F08600846006876
:1035800000F08050009000BF00BF08BD44380240EA
:103590000146084600280DDB00BF00BF00F01F03F6
:1035A00001229A4043099B0003F1E023C3F8002164
:1035B00000BF00BF00BF70472DE9F05F80460D4699
:1035C0001646002709F072F8074639462A46334660
:1035D00001F00700C0F1070ABAF1040F02D94FF059
:1035E000040A01E0C0F1070AD14600F1040ABAF169
:1035F000070F02D24FF0000A01E0A0F1030AD446FF
:103600004FF0010A0AFA09FAAAF1010A0AEA020AC3
:103610000AFA0CFA4FF0010B0BFA0CFBABF1010BA1
:103620000BEA030B4AEA0B042146404609F046F830
:10363000BDE8F09F00BF00F00702064B19684FF687
:10364000FF031940044B0B4343EA0221014B19606D
:1036500000BF70470CED00E00000FA0570B50446AD
:103660000D460CB9012070BD5848006800F00700F5
:10367000A84209D255490D700846006800F00700BD
:10368000A84201D00120EEE7207800F002000228D5
:103690001DD1207800F00400042805D14C480068B2
:1036A00040F4E0504A490860207800F008000828FB
:1036B00005D14748006840F46040454908604448E7
:1036C000006820F0F000A1680843414908602078B4
:1036D00000F00100A8B36068012807D13C48083811
:1036E0000068C0F34040B8B90120BCE76068022818
:1036F00002D06068032807D1354808380068C0F355
:10370000406048B90120AEE7314808380068C0F38E
:10371000400008B90120A6E72D48006820F003000A
:10372000616808432A490860FFF784FE064609E0FD
:10373000FFF780FE801B41F28831884202D90320C6
:1037400091E707E02248006800F00C006168B0EBE8
:10375000810FEDD11D48006800F00700A84209D98B
:103760001A490D700846006800F00700A84201D011
:10377000012078E7207800F00400042807D11448DD
:10378000006820F4E050E16808431149086020789F
:1037900000F00800082808D10D48006820F46040B7
:1037A000216940EAC1000A49086000F061F808494F
:1037B0000968C1F30311074A515CC8400649086013
:1037C00006480068FFF766FE00204CE7003C024018
:1037D00008380240A2D400080C0000200400002099
:1037E0000F2202600D4A126802F0030242600B4A87
:1037F000126802F0F0028260084A126802F4E05295
:10380000C260064A126802F46042D2080261044AA9
:10381000126802F007020A60704700000838024090
:10382000003C024001480068704700000C00002086
:1038300000B5FFF7F7FF04490968C1F38221034A85
:10384000515CC84000BD000008380240B2D40008F6
:1038500000B5FFF7E7FF04490968C1F34231034AA5
:10386000515CC84000BD000008380240B2D40008D6
:103870002DE9F047002400250026A14625480068D0
:1038800000F00C0020B1042805D008283AD105E04A
:10389000DFF8849039E0DFF8849036E01D48001F9F
:1038A000006800F03F041B48001F006800F480001F
:1038B00078B11A481749091F0968C1F38811A0FB9C
:1038C00001700146224600233846FCF715FD0546E7
:1038D0000EE011480F49091F0968C1F38811A0FBC8
:1038E00001700146224600233846FCF705FD0546D7
:1038F0000848001F0068C0F30140401C4600B5FBAB
:10390000F6F902E0DFF8109000BF00BF4846BDE8BE
:10391000F0870000083802400024F40000127A000A
:10392000F8B504460CB90120F8BD207800F001007C
:10393000002874D0F748006800F00C0004280DD06F
:10394000F448006800F00C00082813D1F148001F6B
:10395000006800F48000B0F5800F0BD1ED48083806
:103960000068C0F34040002859D06068002856D154
:103970000120D9E700BF6068B0F5803F08D1E54875
:103980000838006840F48030E249083908601EE0D9
:103990006068B0F5A02F0DD1DE480838006840F40B
:1039A0008020DC49083908600846006840F480300F
:1039B00008600CE0D7480838006820F48030D5490A
:1039C000083908600846006820F48020086000BFBD
:1039D000606890B1FFF72EFD054606E0FFF72AFD6F
:1039E000401B642801D903209EE7CA4808380068B4
:1039F000C0F340400028F1D011E0FFF71BFD054661
:103A000006E0FFF717FD401B642801D903208BE770
:103A1000C04808380068C0F340400028F1D1207841
:103A200000F0020002285FD1BA48006800F00C00E4
:103A300058B1B848006800F00C0008281CD1B548FF
:103A4000001F006800F48000B0B9B2480838006870
:103A5000C0F3400020B1E068012801D0012063E7F5
:103A6000AC480838006820F0F800216940EAC1003D
:103A7000A8490839086037E0E06800B30120A6498A
:103A80000860FFF7D7FC054606E0FFF7D3FC401BB4
:103A9000022801D9032047E79E4808380068C0F390
:103AA00040000028F1D09B480838006820F0F8005A
:103AB000216940EAC10097490839086014E00020F4
:103AC00095490860FFF7B6FC054606E0FFF7B2FC33
:103AD000401B022801D9032026E78E4808380068D9
:103AE000C0F340000028F1D1207800F00800082839
:103AF0002CD16069A8B1012088490860FFF79AFCC1
:103B0000054606E0FFF796FC401B022801D903207A
:103B10000AE780486C300068C0F340000028F1D00C
:103B200014E000207D490860FFF784FC054606E0AC
:103B3000FFF780FC401B022801D90320F4E67548FA
:103B40006C300068C0F340000028F1D1207800F00C
:103B50000400042870D100276E483830006800F057
:103B6000805090B900BF002000906A48383000684B
:103B700040F080506749383108600846006800F01E
:103B80008050009000BF00BF01276548006800F426
:103B90008070B0B96248006840F480706049086085
:103BA000FFF748FC054606E0FFF744FC401B0228EF
:103BB00001D90320B8E65A48006800F48070002854
:103BC000F2D000BFA068012808D1524868300068D0
:103BD00040F001004F49683108601DE0A0680528E9
:103BE0000DD14C486830006840F004004949683104
:103BF00008600846006840F0010008600CE0454895
:103C00006830006820F001004249683108600846C9
:103C1000006820F00400086000BFA068A8B1FFF7AA
:103C200009FC054609E0FFF705FC401B41F288311D
:103C3000884202D9032077E626E0364868300068DB
:103C4000C0F340000028EED013E0FFF7F3FB054679
:103C500008E0FFF7EFFB401B41F28831884201D9B1
:103C6000032061E62B4868300068C0F3400000285C
:103C7000EFD1012F07D127483830006820F080505D
:103C800024493831086000BFA069002850D021487D
:103C9000006800F00C00082860D0A069022848D114
:103CA00000201D490866FFF7C5FB054606E0FFF743
:103CB000C1FB401B022801D9032035E6154808380E
:103CC0000068C0F340600028F1D1D4E9070108433F
:103CD000616A40EA81110122A06AC2EB500041EA08
:103CE00000412C20005D41EA00613020005D41EA86
:103CF00000700849091F0860012007490866FFF79E
:103D000099FB05460EE0FFF795FB401B022809D9F9
:103D1000032009E60838024000004742800E47426F
:103D20000070004028480068C0F340600028EAD0D6
:103D300048E0002025490866FFF77CFB054606E0C1
:103D4000FFF778FB401B022801D90320ECE51E4851
:103D50000068C0F340600028F2D133E0A069012878
:103D600000D1E1E51848001D0668A069012827D0A8
:103D700006F48001E069814222D106F03F01206A09
:103D800081421DD147F6C0703040616AB0EB811F9F
:103D900016D106F440310122A06AC2EB5000B1EB0B
:103DA000004F0DD106F070612C20005DB1EB006F6B
:103DB00006D106F0E0413020005DB1EB007F01D07C
:103DC0000120B1E50020AFE5003802400000474285
:103DD0007047704730B502460B4600BF92F83C0072
:103DE000012801D1022030BD012082F83C0000BF33
:103DF000022082F83D00106844681068816824F051
:103E000070041868044310684460184D1068A84294
:103E10001BD01068B0F1804F17D0154D1068A84224
:103E200013D0144D1068A8420FD0134D1068A8424B
:103E30000BD0124D1068A84207D0114D1068A8424F
:103E400003D0104D1068A84205D121F080015868B8
:103E5000014310688160012082F83D0000BF00200E
:103E600082F83C0000BF00BFBDE700000000014039
:103E70000004004000080040000C00400004014025
:103E8000004001400018004010B504460CB9012064
:103E900010BD94F83D0028B9002084F83C0020466D
:103EA00000F026F8022084F83D00211D206807F06C
:103EB00039FA012084F8460000BF84F83E00012151
:103EC0003F200155402001554120015500BF00BF52
:103ED000012084F84200432001554420015545202B
:103EE000015500BF012084F83D000020D0E700000C
:103EF00038B504462749206888420FD100BF00200A
:103F000000902548006840F02000234908600846DA
:103F1000006800F02000009000BF3AE01F492068D0
:103F200088421AD100BF002000901B48001D006885
:103F300040F400301849091D08600846006800F484
:103F40000030009000BF00BF002211461920FFF78B
:103F500033FB1920FFF71CFB1BE011492068884246
:103F600017D100BF002000900B48006840F480701B
:103F7000094908600846006800F48070009000BF9E
:103F800000BF002211462D20FFF716FB2D20FFF762
:103F9000FFFA38BD001400404038024000440140A0
:103FA00000200040014691F83D00012801D0012089
:103FB0007047022081F83D001A4B086898421BD0D8
:103FC0000868B0F1804F17D0174B0868984213D09B
:103FD000164B086898420FD0154B086898420BD0D2
:103FE000144B0868984207D0134B0868984203D0D6
:103FF000124B086898420CD10868806800F00702EC
:10400000062A0CD00868006840F001000B681860B0
:1040100005E00868006840F001000B6818600020A7
:10402000C6E7000000000140000400400008004016
:10403000000C004000040140004001400018004016
:10404000014691F83D00012801D00120704702206F
:1040500081F83D000868C06840F001000B68D86036
:104060001A4B086898421BD00868B0F1804F17D0EF
:10407000174B0868984213D0164B086898420FD027
:10408000154B086898420BD0144B0868984207D02B
:10409000134B0868984203D0124B086898420CD121
:1040A0000868806800F00702062A0CD008680068DB
:1040B00040F001000B68186005E00868006840F0F7
:1040C00001000B6818600020C0E7000000000140FC
:1040D0000004004000080040000C004000040140C3
:1040E0000040014000180040704770B50446206849
:1040F000C5682068066906F00200022819D105F09B
:104100000200022815D1401F216808610120207794
:104110002068806900F0030018B12046FFF7E4FF33
:1041200005E0204600F097F8204600F095F80020C2
:10413000207706F00400042819D105F004000428B3
:1041400015D1C0432168086102202077206880696A
:1041500000F4407018B12046FFF7C6FF05E0204686
:1041600000F079F8204600F077F80020207706F07C
:104170000800082819D105F00800082815D1C04307
:1041800021680861042020772068C06900F00300DE
:1041900018B12046FFF7A8FF05E0204600F05BF8C5
:1041A000204600F059F80020207706F01000102873
:1041B00019D105F01000102815D1C04321680861FD
:1041C000082020772068C06900F4407018B12046AC
:1041D000FFF78AFF05E0204600F03DF8204600F09A
:1041E0003BF80020207706F0010048B105F00100FF
:1041F00030B16FF0010021680861204600F02EF810
:1042000006F08000802809D105F08000802805D1C3
:10421000C043216808612046FFF7DAFD06F0400040
:10422000402809D105F04000402805D1C04321684D
:104230000861204600F03AF806F02000202809D155
:1042400005F02000202805D1C043216808612046E0
:10425000FFF7BFFD70BD70477047000010B5044602
:104260000E492068884204D1FFF7EAF808F03CFBC9
:1042700013E00B492068884202D1FCF7DDFB0CE01B
:1042800008492068884208D10748C06A401C06498E
:10429000C8620846806A401C886210BD0010004059
:1042A0000044014000200040640400207047704733
:1042B00070B50446002520684069C0F3C01594F825
:1042C0004100212817D1B5B100BF00BF21681431CA
:1042D00051E8001F21F080002168143141E80002FC
:1042E000002AF3D100BFA06B10B1A06BFEF75CFCFD
:1042F000204607F0A7F920684069C0F3801594F8BC
:104300004200222817D1B5B100BF00BF2168143187
:1043100051E8001F21F040002168143141E80002FB
:10432000002AF3D100BFE06B10B1E06BFEF73CFC5C
:10433000204607F041F9002070BD70472DE9F84F85
:104340000446206805682068C668206847694FF001
:104350000009CA4605F00F09B9F1000F0AD105F0AE
:10436000200038B106F0200020B1204607F07DF98A
:10437000BDE8F88FB9F1000F7CD007F0010018B943
:1043800006F49070002875D005F0010030B106F4F5
:10439000807018B1606C40F00100606405F00400AA
:1043A00030B107F0010018B1606C40F002006064A9
:1043B00005F0020030B107F0010018B1606C40F068
:1043C0000400606405F0080048B106F0200010B950
:1043D00007F0010018B1606C40F008006064606C88
:1043E000002846D005F0200028B106F0200010B1CA
:1043F000204607F03AF920684069C0F3801A606CE3
:1044000000F0080010B9BAF1000F2DD0204607F0D7
:10441000D3F82068406900F04000402820D100BF58
:1044200000BF2168143151E8001F21F040002168CD
:10443000143141E80002002AF3D100BFE06B50B113
:104440007748E16B0865E06BFEF704FC88B1E06B30
:10445000016D88470DE02046FFF76FFF09E009E096
:104460002046FFF76AFF04E02046FFF766FF0020C2
:1044700060647DE7206B012878D105F010000028EA
:1044800074D006F010000028FAD000BF0020009081
:1044900020680068009020684068009000BF00BF5E
:1044A0002068406900F04000402860D1E06B00685F
:1044B00040681FFA80F8B8F1000F56D0A08D404533
:1044C00053DDA4F82E80E06BC069B0F5807F43D047
:1044D00000BF00BF21680C3151E8001F21F480703B
:1044E00021680C3141E80002002AF3D100BF00BF6F
:1044F00000BF2168143151E8001F21F0010021683C
:10450000143141E80002002AF3D100BF00BF00BF10
:104510002168143151E8001F21F040002168143156
:1045200041E80002002AF3D100BF202084F84200B5
:104530000020206300BF00BF21680C3151E8001F3C
:1045400021F0100021680C3141E80002002AF3D16B
:1045500000BFE06BFEF728FB02206063A08DE28DB8
:10456000801A81B22046FFF7A2FE01E742E0A08D4B
:10457000E18D401A1FFA80F8E08DD0B3B8F1000F3A
:1045800037D000BF00BF21680C3151E8001F21F473
:10459000907021680C3141E80002002AF3D100BF7D
:1045A00000BF00BF2168143151E8001F21F0010055
:1045B0002168143141E80002002AF3D100BF202015
:1045C00084F842000020206300BF00BF21680C3146
:1045D00051E8001F21F0100021680C3141E8000271
:1045E000002AF3D100BF0220606341462046FFF756
:1045F0005EFEBDE605F0800030B106F0800018B127
:10460000204607F037FAB3E605F0400030B106F077
:10461000400018B1204607F005F8A9E600BFA7E65C
:104620007DB4000810B504460CB9012010BDA06986
:1046300000B100E000BF94F8410028B9002084F8E0
:104640004000204600F02AF8242084F84100206829
:10465000C06820F400502168C860204607F084F844
:104660002068006920F49040216808612068406952
:1046700020F02A00216848612068C06840F400509A
:104680002168C86000206064202084F8410084F81C
:1046900042000020606300BFC8E7000010B586B08C
:1046A0000446142101A8FBF7C0FEFE492068884299
:1046B00058D100BF00200090FB48006840F4002063
:1046C000F94908600846006800F40020009000BF27
:1046D00000BF00BF00200090F3481038006840F091
:1046E0000100F149103908600846006800F0010037
:1046F000009000BF00BF4FF4C05001900220029014
:1047000000200390032004900B20059001A9E748A6
:10471000FEF786FDE648E74908604005486000214D
:10472000E4488160C1604FF4806101610021416112
:1047300081614FF48071C161002101624162FEF725
:10474000BDFB08B1FCF7A1FF00BFDA48E06384635A
:1047500000BF002211463420FEF72EFF3420FEF762
:1047600017FF59E2D4492068884259D100BF002080
:104770000090CD48006840F48010CB49086008469E
:10478000006800F48010009000BF00BF00BF002050
:104790000090C5481038006840F00200C249103946
:1047A00008600846006800F00200009000BF00BFEB
:1047B0004FF44070019002200290002003900320EB
:1047C00004900B20059001A9BC48FEF729FDB848CC
:1047D0003038BB490860C00548600021B848816096
:1047E000C1604FF4806101610021416181614FF43A
:1047F0008071C161002101624162FEF75FFB08B177
:10480000FCF743FF00BFAE48E063846300BF0022B3
:1048100011463520FEF7D0FE3520FEF7B9FEFBE14C
:10482000A849206888425AD100BF002000909E48C5
:10483000006840F080409C4908600846006800F02D
:104840008040009000BF00BF00BF0020009096484D
:104850001038006840F0100093491039086008468D
:10486000006800F01000009000BF00BF4FF4C0705F
:104870000190022002900020039003200490082061
:10488000059001A99048FEF7CBFC894818308F4964
:1048900008604FF02060486000218C488160C16052
:1048A0004FF4806101610021416181614FF48071A9
:1048B000C161002101624162FEF700FB08B1FCF713
:1048C000E4FE00BF8148E063846300BF002211461C
:1048D0005220FEF771FE5220FEF75AFE9CE17C4901
:1048E000206888425AD100BF002000906E48001D09
:1048F000006840F010006C49091D08600846006817
:1049000000F01000009000BF00BF00BF002000902A
:1049100065481038006840F00200634910390860AB
:104920000846006800F00200009000BF00BFC020F1
:1049300001900220029000200390032004900720A1
:10494000059001A95D48FEF76BFC6248624908606A
:104950004FF00060486000215F488160C1604FF403
:10496000806101610021416181614FF48071C16109
:10497000002101624162FEF7A1FA08B1FCF785FE51
:1049800000BF5548E063846300BF00221146252024
:10499000FEF712FE2520FEF7FBFD3DE14F492068A2
:1049A000884259D100BF002000903F48006840F481
:1049B00000303D4908600846006800F4003000906F
:1049C00000BF00BF00BF00200090374810380068CB
:1049D00040F008003449103908600846006800F0CB
:1049E0000800009000BF00BF6020019002200290EC
:1049F00000200390032004900720059001A9384867
:104A0000FEF70EFC2A484830364908604FF0006037
:104A10004860002133488160C1604FF480610161CA
:104A20000021416181614FF48071C1610021016207
:104A30004162FEF743FA08B1FCF727FE00BF2948A0
:104A4000E063846300BF002211462620FEF7B4FD18
:104A50002620FEF79DFDDFE02349206888427CD1B7
:104A600000BF002000901048006840F480200E49EC
:104A700008600846006800F48020009000BF00BF76
:104A800000BF0020009008481038006840F008007F
:104A90000549103908600846006800F008000090D9
:104AA00000BF23E0004C00404038024000000240BC
:104AB00040600240C4080020005000400004024052
:104AC00024090020007800400010024084090020E2
:104AD0000010014040640240E4090020004400400E
:104AE000000C0240440A00200048004000BF4FF480
:104AF0004070019002200290002003900320049057
:104B00000720059001A94548FEF78AFB444845491E
:104B100008604FF000604860002142488160C16039
:104B20004FF4806101610021416181614FF4807126
:104B3000C161002101624162FEF7C0F908B1FCF7D2
:104B4000A4FD00BF3748E063846300BF0022114624
:104B50002720FEF731FD272000E002E0FEF718FDD8
:104B60005AE031492068884256D100BF00200090A9
:104B70002E48006840F020002C4908600846006874
:104B800000F02000009000BF00BF00BF0020009098
:104B900026481438006840F004002449143908609D
:104BA0000846006800F00400009000BF00BFC0206D
:104BB000019002200290002003900320049008201E
:104BC000059001A91A48FEF72BFB1A481A490860FC
:104BD00080054860002118488160C1604FF4806101
:104BE00001610021416181614FF48071C161002147
:104BF00001624162FEF762F908B1FCF746FD00BFB1
:104C00000D48E063846300BF002211464720FEF791
:104C1000D3FC4720FEF7BCFC06B010BD000C0240E0
:104C200028600240A40A00200014014044380240D9
:104C30000008024028640240040B002070B50446BE
:104C40000D46164694F8420020280BD105B10EB946
:104C5000012070BD0020206332462946204606F020
:104C6000A5FEF6E70220F4E7704770472DE9F84FFC
:104C700004460E46174699464FF0000A94F8410044
:104C8000202850D106B117B90120BDE8F88F0020C7
:104C90006064212084F84100FEF7CCFB8246A784A3
:104CA000E784A068B0F5805F04D1206910B90025C1
:104CB000B04602E035464FF000081EE053460022A1
:104CC00080212046CDF8009006F004FF20B120207E
:104CD00084F841000320D8E745B9B8F80000C0F3D4
:104CE00008002168486008F1020803E0287821687C
:104CF00048606D1CE08C401EE084E08C0028DDD113
:104D00005346002240212046CDF8009006F0E2FEF6
:104D100020B1202084F841000320B6E7202084F849
:104D200041000020B1E70220AFE7704710B504460C
:104D3000054890F8370000B110BD00F043F800F0CE
:104D4000DDF800BFF8E70000040E002010B50446AF
:104D500000F04CFC10BD00001048807D28B1002000
:104D60000E4981F83800887770470C4890F8370072
:104D700088B10A4890F8380028B101200849087025
:104D80000649887707E00648007820B100200449EA
:104D900008700249887700BFE6E70000040E002093
:104DA0001E02002010B50549054807F01BFD1E2214
:104DB0000021034807F06AFD10BD00002D4D0008DA
:104DC0008C0C002010B547480078012803D14548D5
:104DD0004078052800D010BD4248C07D0B2803D084
:104DE0004048C07D0C2800D1F5E74FF480613E4873
:104DF000FEF708FB002842D13C4908703C48007887
:104E0000401C3B490870084600780F2800DAE2E7AA
:104E100000203749087037480078002860D000200B
:104E2000344908702F48407C012808D106202D49BC
:104E3000C875012088750020C8778877CBE7294896
:104E4000407C02284CD12748C07D082806D100208C
:104E5000294908702349C877887741E026480078B7
:104E600030B90120244908701E49C877887737E097
:104E70000020214908701B49C877887730E000205E
:104E80001B49087019480078401C184908700846EA
:104E900000780A2800DA9EE70120164908701348B6
:104EA000007837281CDD0F48C07D062806D1002079
:104EB0000C49C87588750D49087011E00948C07D16
:104EC00008280AD10748407C022809D1002005495A
:104ED000C87588750549087002E00020034908700C
:104EE00000BF78E7040E0020000802403A020020CC
:104EF000390200203B0200203C02002010B5494846
:104F00000078022803D147484078052800D010BD1A
:104F10004448C07D0B2803D04248C07D0C2800D1F6
:104F2000F5E74FF400614048FEF76CFA002842D1E3
:104F30003E4908703E480078401C3D4908700846CC
:104F400000780F2800DAE2E7002039490870394874
:104F50000078002864D00020364908703148407C31
:104F6000012808D107202F49C87501208875002025
:104F7000C8778877CBE72B48407C022850D1294856
:104F8000C07D092806D100202B4908702549C87723
:104F9000887745E02848007830B901202649087014
:104FA0002049C87788773BE00020234908701D49D5
:104FB000C877887734E000201D4908701B480078C6
:104FC000401C1A490870084600780A2800DA9EE753
:104FD00001201849087015480078372820DD11484D
:104FE000C07D072808D100200E49C87588750F4973
:104FF00008701149087013E00A48C07D09280CD1D7
:105000000848407C02280BD100200649C8758875E5
:10501000064908700849087002E00020034908703A
:1050200000BF74E7040E0020000802403E0200208A
:105030003D0200203F0200204002002070B5002405
:10504000594890F83000012802D05748807F28B195
:105050000020564908705649087070BD0121554816
:10506000FEF7D0F985004FF480515348FEF7CAF996
:1050700045EA400502214F48FEF7C4F90543ECB26A
:10508000072C5DDA0020494908704748C07C002899
:1050900052D147480078401CC0B2454908703C28AE
:1050A00049DD4148807F38B10D203F49C875012056
:1050B000887500208877D0E700203D4908700120DE
:1050C000394981F82E00072C26D2DFE804F01D199B
:1050D000100C080421000120334948701DE008200D
:1050E0003149487019E002202F49487015E0052029
:1050F0002D4948704FF480402E49183108600CE06B
:1051000007202949487008E006202749487004E034
:105110000B202549487000E000BF00BF0020274950
:10512000087021484078264948701C2000F0E8FCAF
:1051300001202449087035E000201D49087031E045
:1051400000201B4908701848C07C40B317480078FD
:10515000401CC0B215490870782823DD1248807FB2
:1051600038B10120104988750D20C8750020887756
:1051700073E70D48C07D082800D16EE700200A497A
:1051800081F82E00094908700D4948701A20064917
:1051900081F82000400707491831086002E000202C
:1051A0000249087000BF58E7040E002045020020A5
:1051B00046020020000C0240000802404802002085
:1051C000400E00201604002070B500245A4890F8C4
:1051D0003100012802D05848807F28B1002057496B
:1051E00008705749087070BD08215648FEF70AF943
:1051F000850004215348FEF705F945EA40051021D2
:105200005048FEF7FFF80543ECB2072C5DDA0020AA
:105210004A4908704848007D002852D14848007823
:10522000401CC0B2464908703C2849DD4248807F96
:1052300038B1002040498877012088750D20C87555
:10524000D1E701203C4981F82F00072C26D2DFE866
:1052500004F01D19100C0804210001203649487083
:105260001DE008203449487019E002203249487096
:1052700015E00520304948704FF40040314918319D
:1052800008600CE007202C49487008E006202A49F5
:10529000487004E00B202849487000E000BF00BFC0
:1052A00000202949087024484178284841721D206F
:1052B00000F026FC012026490870002020490870D3
:1052C00038E000201E49087034E000201C490870B6
:1052D0001948007D58B319480078401CC0B21749DE
:1052E0000870782826DD1448807F38B100201249E4
:1052F0008877012088750D20C87574E70E48C07D39
:10530000092800D16FE700200B4981F82F00002108
:105310000E4841721B20084981F8200000200749EF
:1053200008704FF0004007491831086002E0002083
:105330000249087000BF56E7040E00204A02002010
:105340004B020020000C02404C020020400E0020C6
:105350001604002010B50549054807F043FA0A2253
:105360000021034807F092FA10BD00004D4D0008DF
:10537000AC0C002030B585B000240025142168460F
:10538000FBF753F8444890F82E00012802D0424819
:10539000807F30B10020414908704149087005B054
:1053A00030BD3E480078401CC0B23C4908700A2815
:1053B00000DAF4E700203949087039480078401CC9
:1053C000374908706A461021002002F0B7FC0E2110
:1053D0006846FBF701FF04469DF80F009DF80E108C
:1053E00000EB0120A04238D100202D490870012097
:1053F000294981F830009DF801002A4908609DF88C
:10540000020048609DF8030088609DF804000128B0
:1054100003D10A202449487009E09DF8080018B912
:105420000C202149487002E009201F4948701A48A1
:10543000C07C90B91848807F38B100201649887721
:10544000012088750D20C875A9E71C2000F058FBC5
:105450000120164908701049C874114800780928BD
:1054600000DA9CE70C48C07C01280ED10A48807FF6
:1054700038B1002008498877012088750D20C8754B
:105480008DE71A20044981F820000020024981F8A4
:105490003000C87400BF82E7040E00204D020020D7
:1054A0004E0200208C0D0020400E0020160400202B
:1054B00030B585B00024002514216846FAF7B5FF01
:1054C000444890F82F00012802D04248807F30B134
:1054D0000020414908704149087005B030BD3E4880
:1054E0000078401CC0B23C4908700A2800DAF4E792
:1054F00000203949087039480078401C3749087045
:105500006A461021002002F057FB0E216846FBF787
:1055100063FE04469DF80F009DF80E1000EB01207D
:10552000A04238D100202D4908700120294981F876
:1055300031009DF801002A4908609DF8020048608A
:105540009DF8030088609DF80400012803D10A211A
:105550002448417209E09DF8080018B90C2121483F
:10556000417202E009211F4841721A48007D90B93A
:105570001848807F38B10020164988770120887547
:105580000D20C875A9E71D2000F0BAFA01201649C0
:1055900008701049087511480078092800DA9CE75E
:1055A0000C48007D01280ED10A48807F38B10020C8
:1055B00008498877012088750D20C8758DE71B2064
:1055C000044981F820000020024981F83100087563
:1055D00000BF82E7040E00204F020020500200208E
:1055E0009C0D0020400E00201604002010B5FFF78F
:1055F00025FDFFF7E9FDFFF7BDFEFFF759FF10BDE1
:1056000000BFFEE770B50446002603F08FFB254679
:10561000E11704EB11610912A02202EB4101C8B2AB
:1056200007F016F800F082F8E11704EB1161091297
:10563000A4EB0121C8B207F00BF800F077F803F0F3
:1056400075FBA12007F004F800F070F8002003F0CB
:10565000CFF8064603F084FB0120FBF7A7FE304697
:1056600070BD70B504460E4603F060FB2546E11799
:1056700004EB11610912A02202EB4101C8B206F04D
:10568000E7FF00F053F8E11704EB11610912A4EBF6
:105690000121C8B206F0DCFF00F048F8304606F001
:1056A000D7FF00F043F803F05BFB0120FBF77EFE21
:1056B00070BD000010B54FF480100A49086040002A
:1056C00008600A20FBF782FE1020064908600A20C5
:1056D000FBF77CFE4FF48010024908600A20FBF7BC
:1056E00075FE10BD180802402020024908601020F5
:1056F000086070471808024010B54FF480100A493E
:105700000860202008600A20FBF760FE1020064990
:1057100008600A20FBF75AFE4FF480100249086027
:105720000A20FBF753FE10BD1808024070B5002494
:10573000002510200F4908600A20FBF747FE07E00C
:10574000601CC4B2C82C03DD03F00AFB012506E08F
:1057500008480838006800F020000028F0D100BF99
:105760004FF48010034908600A20FBF72FFE2846FB
:1057700070BD00001808024070B505460C460026B2
:10578000002D69D040F27F1141F2154000F0B4FEC7
:1057900040F2F31141F2174000F0AEFE40F2F51175
:1057A00041F2184000F0A8FE40F2E11141F2194028
:1057B00000F0A2FE43F2505149F2505000F082FE38
:1057C000214643F2505000F05DFE04B93DE0002C4C
:1057D00003DD1E2C01DC012637E01E2C03DD3C2CF2
:1057E00001DC022631E03C2C03DD5A2C01DC0326CF
:1057F0002BE05A2C03DD782C01DC042625E0782CE4
:1058000003DD962C01DC05261FE0962C03DDB42C6D
:1058100001DC062619E0B42C03DDD22C01DC0726BE
:1058200013E0D22C03DDF02C01DC08260DE0F02C77
:1058300004DDB4F5877F01DC092606E0B4F5877F37
:1058400003DDB4F5967F00DC0A2606F2831141F2EF
:10585000164000F051FE27E04FF4BF7141F21540B1
:1058600000F04AFE4FF4F97141F2174000F044FE97
:105870004FF4FA7141F2184000F03EFE4FF4F0711F
:1058800041F2194000F038FE4FF4C0714FF4A150BE
:1058900000F032FE40F2831141F2164000F02CFE7F
:1058A00049F2505000F038FC70BD000070B504465D
:1058B0000025072C70D14E48407B00286AD101207A
:1058C0004C4908704A48407F00283ED04A4800783A
:1058D000401C4949087008460078012803D10A2075
:1058E0004349C87226E044480078022803D11420B6
:1058F0003F49C8721EE040480078032803D11E20AB
:105900003B49C87216E03C480078042803D1322095
:105910003749C8720EE038480078052803D1462080
:105920003349C87206E034480078062802D10020C6
:105930002F49C87200202E4948772F480078062842
:1059400018DB00202C49087014E02948C07A1E2872
:1059500005DA2748C07A401D2549C8720AE0244864
:10596000C07A0A302249C8720846C07A462801DD4A
:105970004620C8721E48C17A012007F01CF81C4856
:10598000007F38B11A49C87AFAF7F0FD0546284673
:1059900002F014FE2BE0FFE7082C28D11448407BCE
:1059A00028BB0120134908701148C07A05280EDB76
:1059B0000F48C07A1E2805DC0D48C07A401F0C49EC
:1059C000C87204E00A48C07A0A380949C87208480F
:1059D000C17A012006F0EFFF0548007F38B1044985
:1059E000C87AFAF7C3FD0546284602F0E7FD70BD08
:1059F000040E0020160400201E04002010B52DED1A
:105A00000A8B00243548C07C18B93448007D002832
:105A100059D03248007F00285DD13048807D002871
:105A200059D12E48C07F002855D101202C4908703B
:105A30002A48407B08B9012000E00020274948732C
:105A40000846407B90B34624204607F026FB41ECF5
:105A50001C0B9FED240B53EC102B07F031FB41EC9A
:105A60001B0B9FED220B53EC102B07F0E9F841ECD8
:105A7000190B204607F011FB41EC1A0B53EC192BC4
:105A800007F01EFB41EC180B07F0DAFA044602207F
:105A900006F054FFE0B2FAF769FD0446204602F032
:105AA0008DFD4621012006F086FF14E0FFE700206F
:105AB00002F084FD0948C17A012006F07CFF012034
:105AC00006F03CFF07E0012006F038FF0020034904
:105AD000487302F073FDBDEC0A8B10BD040E00206C
:105AE000160400207B14AE47E17A943FCDCCCCCC99
:105AF000CCCC004010B50446102006F009FD10BDC6
:105B000010B504461C2C03D1032004F027FA02E050
:105B1000042004F023FA10BD10B5002002F022F892
:105B2000002002F0F7F9002005F070FC00210120B0
:105B300006F01EFF0020FAF7F6FD0020FBF728F81C
:105B40000021084607F00AF80021084606F033FF56
:105B5000002006F0F3FE002006F0DEFD002006F037
:105B6000C1FD002002F00DF800231A461946184620
:105B700006F0D8FF10BD000070B52DED048B044673
:105B80000025052C51D14748407F00283FD046488A
:105B90000078401C4449087008460078012803D169
:105BA00032204049088127E03F480078022803D18D
:105BB00064203C4908811FE03B480078032803D15A
:105BC00096203849088117E037480078042803D127
:105BD000C820344908810FE033480078052804D1F3
:105BE0004FF496702F49088106E02F480078062868
:105BF00002D100202B49088100202A4948772A48F1
:105C0000007806281CDB00202749087018E025488A
:105C100000891E302349088108460089B0F5967F27
:105C20000EDD4FF4967008810AE0062C08D11D485D
:105C300000891E2804DB1B4800891E381949088189
:105C4000184801890120FFF797FD1648807A30B384
:105C500014480089D22811DD1249088907F01DFA7D
:105C600041EC190B9FED110B53EC102B07F028FAA8
:105C700041EC180B07F0E4F9054610E009490889E2
:105C800007F00BFA41EC190B9FED0A0B53EC102BAC
:105C900007F016FA41EC180B07F0D2F90546BDECF7
:105CA000048B70BD040E00201D040020D7A3703D9E
:105CB0000AD7E33F9A9999999999E13F10B5002441
:105CC00001200A4908700A48807A08B9012000E0DA
:105CD0000020074988720846807A18B1012000F038
:105CE00009F802E0022000F005F810BD16040020BB
:105CF000040E002010B5044634B94FF4C0714FF4BF
:105D0000A15000F0F9FB0EE0012C06D140F2811108
:105D10004FF4A15000F0F0FB05E04FF4C1714FF4D7
:105D2000A15000F0E9FB10BD00B500F011F800BD76
:105D300010B50549054806F055FD4FF4967200214F
:105D4000024806F0A3FD10BD295D000800100020E8
:105D50007047000010B5E94890F83700E8B3E7480D
:105D600090F820002B283ED0E44890F8200001282D
:105D700039D0E24890F82000032834D0DF4890F86A
:105D8000200018282FD0DD4890F8200019282AD0AC
:105D9000DA4890F820000B2825D0D84890F8200049
:105DA0000C2820D0D54890F8200007281BD0D348D5
:105DB00090F82000052816D0D04890F820001A2826
:105DC00011D0CE4890F820001B280CD0CB4890F87A
:105DD00020001C2807D0C94800E004E090F820000B
:105DE0001D2800D010BDC548407C03281ED1C348E3
:105DF00090F82000282819D0C04890F820001228D8
:105E000014D0BE4890F8200029280FD0BB4890F845
:105E100020002A280AD0B94890F820001A2805D076
:105E2000B64890F820001B2800D0DBE7B348C07CC0
:105E3000C8BBB248007DB0BBB048C07D0D2833D090
:105E4000AE4890F8200028282ED0AC4890F82000CA
:105E5000052829D0A94890F82000062824D0A74872
:105E600090F820000B281FD0A44890F82000182894
:105E70001AD0A24890F82000192815D09F4890F811
:105E800020001A2810D09D4890F820001B280BD025
:105E90009A4890F820001E2806D0984890F82000D4
:105EA0001F2801D09EE7FFE7944890F8200000B932
:105EB00098E7924890F820002C281DD2DFE800F0E7
:105EC0001C161D242B32394044484C5063666A6EC0
:105ED00072767A8283878B8F93979B9FA3A4A5A9C1
:105EE000ADAEAFB0B11C1C1CD0D8E2FA012002F05C
:105EF00051FF012082490870FDE0022002F04AFFB4
:105F000001207F490870F6E0032002F043FF0120E2
:105F10007B490870EFE0042002F03CFF0120784943
:105F20000870E8E00520FFF727FE0120744908709B
:105F3000E1E00620FFF720FE012071490870DAE059
:105F40000720FFF7B3FCD6E00820FFF7AFFCD2E054
:105F50000920FCF7FFFDCEE00A20FCF7FBFDCAE0BC
:105F6000FFF7ACFE654890F8390050B10020634956
:105F700081F839000846407B20B10C2081F82000D0
:105F800000E0B8E000BFFFF739FDB4E00D20FBF7FB
:105F90002DFAB0E00E20FBF729FAACE00F20FBF75A
:105FA00025FAA8E0102006F0B3FAA4E0112006F0CC
:105FB000AFFAA0E0122006F0ABFA01204F4981F8B9
:105FC000340098E097E0142000F01CFE93E01520C8
:105FD00000F018FE8FE0162001F072FF8BE0172012
:105FE00001F06EFF87E0182005F002F983E0192028
:105FF00005F0FEF87FE01A20FBF74AFB7BE01B2050
:10600000FBF746FB77E076E075E01E20FFF772FDB8
:1060100071E01F20FFF76EFD6DE06CE06BE06AE061
:1060200069E03648807F00B1DCE6344840780528D6
:1060300003D032484078062811D1304890F82C001F
:1060400020B100202D4981F82C0003E001202B49CC
:1060500081F82C00294991F82C00FAF701FC4AE05C
:10606000282006F055FA0020244981F8340042E047
:10607000224890F8340020B1012020498877204937
:10608000087038E000201D49887701201C490870FD
:106090001A48C07D082807D01848C07D092803D0B9
:1060A0001648C07D0D2803D100201449C875887595
:1060B00021E0FFE7114890F83700D8B101201049DE
:1060C000087041F2504000F041F800200B4981F87F
:1060D000370081F838000846807A10B10B2081F82B
:1060E00020000648807D28B1002004498875C875C5
:1060F00081F8380000BF00BF00BF73E6040E002027
:106100001604002010B5FFF725FE0020014981F894
:10611000200010BD040E00203EB504460A4A07CAFE
:106120008DE80700200A8DF80400E0B28DF8050024
:10613000FF208DF8060000208DF807000821684632
:1061400006F048F93EBD0000D4D400081CB5044652
:10615000284903C9CDE90001200A8DF80400E0B206
:106160008DF80500FF208DF806008DF80700082146
:10617000684606F02FF9B4F5B05F1AD00DDCA4F52F
:106180009050A0F5897048B301282BD0B0F5F87F66
:106190001BD0B0F5FA7F29D113E06FF4B050204442
:1061A00058B1012815D0052820D100201249487087
:1061B0001DE000201049887019E000200E49C870C9
:1061C00015E000200C49087111E000200A4908730D
:1061D0000DE0002008494871887108E00020064958
:1061E000087204E000200449487200E000BF00BFCC
:1061F0001CBD0000E0D40008F20F0020F0B593B001
:1062000007460C4616461D4600201290119010902D
:106210003C2101A8FAF709F98948006800908948EB
:106220000088844209D188480078864205D1874891
:106230000078854201D113B0F0BD824804808248C5
:10624000067082480570380A8DF80400F8B28DF89F
:106250000500642094FBF0F0C0B28DF84A000A20DB
:1062600094FBF0F00A2190FBF1F201FB1200C0B2A6
:106270008DF849000A2094FBF0F100FB1140C0B2F8
:106280008DF848000A2096FBF0F00A2190FBF1F20D
:1062900001FB1200C0B28DF845000A2096FBF0F118
:1062A00000FB1160C0B28DF84400642095FBF0F053
:1062B000C0B28DF842000A2095FBF0F00A2190FB55
:1062C000F1F201FB1200C0B28DF841000A2095FBEB
:1062D000F0F100FB1150C0B28DF840001F208DF886
:1062E000020044B93EB935B91C220DF10601202047
:1062F000FAF790FF9EE0B9208DF80600E6208DF8B1
:106300000700B8208DF80800F1208DF809003A2028
:106310008DF80A0020208DF80B00A6208DF80C00C7
:10632000D5208DF80D009DF845003030C0B28DF8B5
:106330000E002E208DF80F009DF844003030C0B2C2
:106340008DF81000A1208DF81100A2208DF8120008
:1063500020208DF813009DF84A003030C0B28DF82F
:1063600014009DF849003030C0B28DF815009DF83A
:1063700048003030C0B28DF816006D208DF817003F
:106380008DF81800A1208DF81900A2208DF81A00B0
:1063900020208DF81B009DF8420000281BDD9DF891
:1063A00042003030C0B28DF81C009DF84100303002
:1063B000C0B28DF81D009DF840003030C0B28DF89D
:1063C0001E00A1208DF81F00E3208DF82000202062
:1063D0008DF821002EE09DF84100002817DD9DF882
:1063E00041003030C0B28DF81C009DF840003030C4
:1063F000C0B28DF81D00A1208DF81E00E3208DF89D
:106400001F0020208DF820008DF8210012E09DF85B
:1064100040003030C0B28DF81C00A1208DF81D0066
:10642000E3208DF81E0020208DF81F008DF820003D
:106430008DF821002221684605F0CCFF00BFFAE666
:1064400010D50008BE050020C0050020C1050020B1
:106450007CB505460C460A4903C9CDE90001280A66
:106460008DF80400E8B28DF80500200A8DF80600CA
:10647000E0B28DF807000821684605F0ABFF7CBD4F
:10648000FCD400083EB505460C460D4A07CA8DE807
:106490000700280A8DF80400E8B28DF80500200EE8
:1064A0008DF80600200C8DF80700200A8DF80800F2
:1064B000E0B28DF809000A21684605F08BFF3EBD69
:1064C00004D500083EB505460C460A4A07CA8DE8C1
:1064D0000700280A8DF80400E8B28DF80500200AAC
:1064E0008DF80600E0B28DF807000821684605F037
:1064F00071FF3EBDE8D400087CB505460C468549D1
:1065000003C9CDE90001280A8DF80400E8B28DF82E
:106510000500200A8DF80600E0B28DF8070008217A
:10652000684605F057FF41F20651681A8D4273D054
:1065300014DCB5F5A85F59D008DCA5F59050A0F59E
:106540008970002867D0012871D190E06FF4A850BD
:106550002844002854D00128F6D169E0FA280DD04B
:10656000FB281AD0FC286ED0B0F5807FECD1B4F5B2
:10657000C87F02D1012068494870C8E0B4F5AA7FFD
:1065800003D101206449887006E040F2551084422E
:1065900002D1022060498870B9E0B4F5AF7F03D022
:1065A00040F26310844203D101205B49C8701CE0B3
:1065B00040F25F10844203D102205749C87014E0B2
:1065C000B4F5B07F03D103205349C8700DE040F209
:1065D0006110844203D104204F49C87005E0B4F52E
:1065E000B17F02D105204C49C87090E06A2C03D1DC
:1065F00000204949887202E001204749887286E0FC
:10660000CE2C03D100204449C87202E00120424947
:10661000C8727CE000E017E0B4F5977F03D1012059
:106620003D49087102E002203B4908716FE06DE0CE
:10663000B4F5977F03D101203749087302E00220A7
:106640003549087363E025E0B4F5827F03D1022069
:10665000314908720AE040F20510844203D1032058
:106660002D49087202E001202B4908724FE0B4F571
:10667000837F03D10220284948720AE040F20710C4
:10668000844203D103202449487202E001202249B8
:1066900048723CE0B4F5B47F04D100201E498871F3
:1066A000487132E040F26910844204D101201A4955
:1066B0008871487129E0B4F5B57F05D102201649EB
:1066C00088710120487120E040F26B10844205D1AE
:1066D0000320114988710120487116E0B4F5B67F96
:1066E00005D101200C498871002048710DE040F26D
:1066F0006D10844205D1032007498871002048713C
:1067000003E0002004498871487100E000BF00BF29
:106710007CBD0000F4D40008F20F00203EB5044612
:10672000114A07CA8DE807001048007CA0420AD130
:106730000F480078002805DD0D480078401E0C4900
:10674000087003E03EBD0120094908700748047441
:1067500000208DF80800E0B28DF809000A21684693
:1067600005F038FE00BFEDE7C8D400085004002053
:10677000BC05002010B504464FF480610148FCF7C9
:1067800049FE10BD0010024010B50549054806F04D
:1067900029F8C8220021034806F078F810BD00004F
:1067A00075670008500F002010B5044600F09AFAF3
:1067B00010BD00B50246FEF7CFFA00BD10B5044685
:1067C000FAF7EAFAFAF7CEFB10BD000008B500BFF1
:1067D000002000902A48006840F4800028490860A2
:1067E0000846006800F48000009000BF00BF00BFB2
:1067F000002000900846006840F400100860084639
:10680000006800F40010009000BF00BF0022114695
:106810000B20FCF7D1FE0B20FCF7BAFE002211463C
:106820000C20FCF7C9FE0C20FCF7B2FE002211463A
:106830000D20FCF7C1FE0D20FCF7AAFE0022114638
:106840000E20FCF7B9FE0E20FCF7A2FE0022114636
:106850001020FCF7B1FE1020FCF79AFE0022114632
:106860003920FCF7A9FE3920FCF792FE00221146E0
:106870003A20FCF7A1FE3A20FCF78AFE08BD000092
:106880003038024000B587B0142102A8F9F7CDFDD9
:1068900000BF002001903748006840F08000354973
:1068A00008600846006800F08000019000BF00BF4B
:1068B00000BF002001900846006840F0100008600A
:1068C0000846006800F01000019000BF00BF00BF44
:1068D000002001900846006840F008000860084663
:1068E000006800F00800019000BF00BF00BF00205A
:1068F00001900846006840F00400086008460068FF
:1069000000F00400019000BF00BF00BF0020019014
:106910000846006840F0010008600846006800F082
:106920000100019000BF00BF00BF00200190084699
:10693000006840F0020008600846006800F00200AD
:10694000019000BF00BF08150290002003900120B5
:10695000049002A90848FCF763FC4FF40060029021
:10696000002003900120049002A90348FCF758FC82
:1069700007B000BD303802400008024010B5104892
:10698000104908604CF24F30486000210D4881608A
:106990001421C1600021016180218161FDF774FA39
:1069A00008B1FAF772FE6FF0010006490968086144
:1069B0000449096808610348FDF742FB10BD000067
:1069C000004401403C06002010B510481049086002
:1069D0004CF24F30486000210D4881604FF4FA615D
:1069E000C1600021016180218161FDF74DFA08B18C
:1069F000FAF74BFE6FF00100054909680861044988
:106A0000096808610248FDF71BFB10BD002000402B
:106A1000840600201CB50020009001901148124906
:106A200008606320486000210F4881604FF6FF71C5
:106A3000C16080218161FDF727FA08B1FAF725FED0
:106A400000200090019069460748FDF7C3F908B19E
:106A5000FAF71BFE00200449096848620248FDF766
:106A6000A1FA1CBD00140040F405002010B50C482C
:106A70000C4908604FF4E13048600021094881600A
:106A80004FF40051C160002101610C2141610021DE
:106A90008161C161FDF7C6FD08B1FAF7F6FD10BDD1
:106AA000004C0040CC06002010B50B480B49086094
:106AB0004FF4E1304860002108488160C160016105
:106AC0000C21416100218161C161FDF7ABFD08B17D
:106AD000FAF7DBFD10BD0000005000401407002055
:106AE00010B50B480B4908604FF4E13048600021B5
:106AF00008488160C16001610C2141610021816110
:106B0000C161FDF78FFD08B1FAF7BFFD10BD0000B0
:106B1000007800405C07002010B50B480B49086066
:106B20004FF4E1304860002108488160C160016194
:106B30000C21416100218161C161FDF773FD08B144
:106B4000FAF7A3FD10BD000000100140A4070020CB
:106B500010B50B480B4908604FF4E1304860002144
:106B600008488160C16001610C214161002181619F
:106B7000C161FDF757FD08B1FAF787FD10BD0000B0
:106B800000440040EC07002010B50C480C49086098
:106B90004FF4E13048600021094881604FF4005112
:106BA000C160002101610C21416100218161C1614D
:106BB000FDF738FD08B1FAF768FD10BD0048004048
:106BC0003408002010B50C480C4908604FF4E1303F
:106BD00048600021094881604FF40051C1600021E4
:106BE00001610C21416100218161C161FDF71AFD44
:106BF00008B1FAF74AFD10BD001401407C080020DE
:106C000000BFFEE710B504463348807F002861D1FD
:106C10003148C07D00285DD12F484078052803D039
:106C20002D484078062855D101202C490870142C95
:106C30002AD12948C07B01284CD101F06BF92648A4
:106C4000007C032803D10021012005F091FE0020E3
:106C50002149C8734CF2503048608C20204908729A
:106C600002201D49087405F057FD012005F03AFD8A
:106C7000002000F086FF18484168012005F06EFFF3
:106C8000022004F0C3FB25E01348C07B10BB0220A8
:106C900001F040F901201049C87341F28830486082
:106CA00028208873032008740846817B002005F0A3
:106CB0005FFE012005F030FD012005F013FD0220EC
:106CC00000F05FFF04484168012005F047FF032002
:106CD00004F09CFB10BD0000040E002016040020F0
:106CE000AC0D002000B58BB000200A9009900890F0
:106CF0000790FA48007858B9F84890F83800012809
:106D000003D1F649C8750D2088750020F3498877AE
:106D1000F248807F00287DD0F0484078052803D0D5
:106D2000EE484078062804D10220EC4981F82D0075
:106D300010E0EA484078092803D0E84840780A285B
:106D400004D10320E54981F82D0003E00120E34947
:106D500081F82D00E14840780A2803D0DF484078C8
:106D6000092803D10120DE49087002E00020DC4937
:106D700008704FF6E07149F22340FFF769FBD748EE
:106D8000C07F012809D0D54890F83400012804D0EC
:106D9000D24890F8370001281FD1D04840680A2116
:106DA000B0FBF1F00990CD48C07A0690F9F7DEFB10
:106DB0000890089801F002FCC848407B80B1002090
:106DC000C64948730846C07A01460690012005F07E
:106DD000F2FD012005F0B2FD02E0C048806A099092
:106DE0000120C04908700020BF490870099800EBD5
:106DF0008000400001460690012005F0AFFEB74834
:106E0000007801287AD1B9490870B44840780D2833
:106E10001BD200E0FEE3DFE800F0181984858698B5
:106E2000992B72F8F7073E004FF4A571099880B2CC
:106E3000CDE90001A948007C0690A848007801230C
:106E4000002205900699FAF711F9EBE24FF4A571CB
:106E5000099880B2CDE90001A048007C06909F48C7
:106E600000780123002205900699FAF7FFF8D9E28D
:106E70004FF4AF710998C0F34F00CDE90001974876
:106E8000007C069095480078012300220590069921
:106E9000FAF7ECF8C6E29148007C012802D1022002
:106EA000079005E08D48007C022801D10120079061
:106EB000099806F0F2F89FED8E0B53EC102BCDE9FC
:106EC00002019DED020B51EC100B05F061FFCDE9C5
:106ED00004019DED040B51EC100B06F0B1F880B2EB
:106EE0004FF4E1710690CDE900017C480078012360
:106EF000002205900799FAF7B9F893E293E24FF46C
:106F00008271099880B2CDE900017448007C069036
:106F1000724800780123002205900699FAF7A6F836
:106F200080E200BF00BF4FF4E171099880B2CDE963
:106F300000016A48007C069068480078012300221E
:106F400005900699FAF792F86CE200BF6348C07B9F
:106F500001285BD16148007C03282AD1099806F0FA
:106F60009CF89FED650B53EC102BCDE902019DEDD4
:106F7000020B51EC100B06F0A3F8CDE904019DEDD6
:106F8000040B51EC100B06F05BF880B278210690F0
:106F9000CDE900015148807B05905048007C049069
:106FA0004E48007802230390DDE90412FAF75EF8F8
:106FB00029E0099806F071F89FED4F0B53EC102B68
:106FC000CDE902019DED020B51EC100B06F078F8B3
:106FD000CDE904019DED040B51EC100B06F030F8E7
:106FE00080B278210690CDE900013C48807B059075
:106FF0003A48007C04903948007801230390DDE989
:107000000412FAF733F80DE2DEE07FE03C48007A44
:107010008C2813D1DC21099880B2CDE900012F48DA
:10702000807B06902D48007C05902C480078012339
:107030000490DDE90512FAF719F8F3E13048007A17
:107040001C281FD12548007C012802D1022007906E
:1070500005E02248007C022801D1012007904FF46E
:10706000B4710998C0F34F00CDE900011B48807B43
:1070700006901A48007801230590DDE90621F9F70A
:10708000F5FFCFE1099806F008F89FED1E0B53ECD1
:10709000102BCDE902019DED020B51EC100B06F017
:1070A0000FF8CDE904019DED040B51EC100B05F038
:1070B000C7FF80B24FF48C710690CDE900010748FC
:1070C000807B05900548007C0490044800780123EB
:1070D0000390DDE90412F9F7C9FFA3E1040E0020D3
:1070E00014020020160200201702002015020020C2
:1070F000DD24068195430640D7A3703D0AD713408F
:10710000AC0D00205C8FC2F5285CFF3F0998B0F5FC
:10711000967F2CD8099805F0C0FF9FEDFE0B53EC2D
:10712000102BCDE902019DED020B51EC100B05F087
:10713000C7FFCDE904019DED040B51EC100B05F0E8
:107140007FFF80B242210690CDE90001F348807BA9
:107150000590F248007C0490F0480078801CC0B292
:1071600003230390DDE90412F9F780FF5AE109983F
:1071700005F093FF9FEDEA0B53EC102BCDE90201D4
:107180009DED020B51EC100B05F09AFFCDE90401C7
:107190009DED040B51EC100B05F052FF80B2422123
:1071A0000690CDE90001DD48807B0590DB48007C3E
:1071B0000490DA480078801CC0B203230390DDE914
:1071C0000412F9F753FF2DE1099864287ED8D348BB
:1071D000007C02282CD1099805F05FFF9FEDD20BAF
:1071E00053EC102BCDE902019DED020B51EC100B7D
:1071F00005F066FFCDE904019DED040B51EC100B89
:1072000005F01EFF80B220210690CDE90001C348A1
:10721000807B0590C148007C0490C0480078801CA9
:10722000C0B203230390DDE90412F9F71FFFF9E070
:10723000BA48007C01282CD1099805F02EFF9FED5B
:10724000BA0B53EC102BCDE902019DED020B51EC72
:10725000100B05F035FFCDE904019DED040B51EC59
:10726000100B05F0EDFE80B220210690CDE9000163
:10727000AA48807B0590A948007C0490A748007824
:10728000801CC0B203230390DDE90412F9F7EEFE7F
:10729000C8E0A248007C03287ED1099805F0FDFED5
:1072A0009FEDA10B53EC102BCDE902019DED020BDC
:1072B00051EC100B05F004FFCDE904019DED040B2A
:1072C00051EC100B05F0BCFE80B200E014E0282168
:1072D0000690CDE900019148807B05908F48007CA5
:1072E00004908E480078801CC0B203230390DDE92F
:1072F0000412F9F7BBFE95E08848007C02282CD1E7
:10730000099805F0CAFE9FED880B53EC102BCDE9D0
:1073100002019DED020B51EC100B05F0D1FECDE901
:1073200004019DED040B51EC100B05F089FE80B2B9
:107330001C210690CDE900017848807B05907748B4
:10734000007C049075480078801CC0B20323039031
:10735000DDE90412F9F78AFE64E07048007C012838
:107360002ED1099805F099FE9FED6F0B53EC102B71
:10737000CDE902019DED020B51EC100B05F0A0FED2
:10738000CDE904019DED040B51EC100B05F058FE06
:1073900080B21C21069000E043E0CDE900015F4887
:1073A000807B05905D48007C04905C480078801CE0
:1073B000C0B203230390DDE90412F9F757FE31E070
:1073C0005648007C03282CD1099805F066FE9FEDF5
:1073D000560B53EC102BCDE902019DED020B51EC45
:1073E000100B05F06DFECDE904019DED040B51EC91
:1073F000100B05F025FE80B228210690CDE9000192
:107400004648807B05904548007C049043480078BE
:10741000801CC0B203230390DDE90412F9F726FEB5
:1074200000E000BF59E33D4800780228FAD1404906
:1074300008703A4840780D2819D2DFE800F0181992
:10744000949596BFC02B82EDEC073E004FF4A571DA
:10745000099880B2CDE900013048007C06902F48A1
:1074600000780123002205900699F9F7FFFD09E352
:107470004FF4A571099880B2CDE900012748007C3E
:107480000690264800780123002205900699F9F716
:10749000EDFDF7E24FF4AF710998C0F34F00CDE96D
:1074A00000011E48007C06901C4800780123002241
:1074B00005900699F9F7DAFDE4E21848007C012806
:1074C00002D10220079005E01448007C022801D177
:1074D00001200790099805F0E0FD1FEDFB0B53EC30
:1074E000102BCDE902019DED020B51EC100B05F0C4
:1074F0004FFCCDE904019DED040B51EC100B05F0A0
:107500009FFD80B24FF4E1710690CDE90001034880
:1075100000780FE03333333333330140040E00205F
:1075200000000000000000400000000000001240C9
:10753000150200200123002205900799F9F796FD16
:10754000A0E24FF48771099880B2CDE90001FC48B0
:10755000007C0690FA4800780123002205900699E5
:10756000F9F784FD8EE200BF00BF40F6B8310998FC
:10757000884211D94FF4E171099880B2CDE9000138
:10758000EF48007C0690EE48007801230022059029
:107590000699F9F76BFD10E04FF4EB71099880B292
:1075A000CDE90001E648007C0690E548007801231B
:1075B000002205900699F9F759FD63E200BFE04803
:1075C000C07B01285DD1DE48007C03282ED10998BC
:1075D00005F063FD9FEDDB0B53EC102BCDE90201B1
:1075E0009DED020B51EC100B05F06AFDCDE9040195
:1075F0009DED040B51EC100B05F022FD80B27821BB
:107600000690CDE90001CE48807B0590CC48007CF7
:10761000049002E037E2FAE09BE0C94800780223D8
:107620000390DDE90412F9F721FD29E0099805F03E
:1076300034FD9FEDC40B53EC102BCDE902019DED01
:10764000020B51EC100B05F03BFDCDE904019DED63
:10765000040B51EC100B05F0F3FC80B2782106907E
:10766000CDE90001B648807B0590B548007C0490C8
:10767000B348007801230390DDE90412F9F7F6FC22
:1076800000E2B248007A8C2813D1DC21099880B23C
:10769000CDE90001AA48807B0690A948007C0590AE
:1076A000A748007801230490DDE90512F9F7DEFC14
:1076B000E8E1A648007A1C281FD1A148007C0128D7
:1076C00002D10220079005E09D48007C022801D1EC
:1076D000012007904FF4B4710998C0F34F00CDE931
:1076E00000019748807B069095480078012305901B
:1076F000DDE90621F9F7BAFCC4E1099805F0CDFCF3
:107700009FED930B53EC102BCDE902019DED020B85
:1077100051EC100B05F0D4FCCDE904019DED040BF8
:1077200051EC100B05F08CFC80B24FF48C7106907C
:10773000CDE900018248807B05908148007C04905F
:107740007F48007801230390DDE90412F9F78EFCED
:1077500098E10998B0F5967F2CD8099805F09DFC22
:107760001FED940B53EC102BCDE902019DED020BA4
:1077700051EC100B05F0A4FCCDE904019DED040BC8
:1077800051EC100B05F05CFC80B242210690CDE973
:1077900000016B48807B05906948007C0490684834
:1077A0000078801CC0B203230390DDE90412F9F7CE
:1077B0005DFC67E1099805F070FC1FEDA70B53EC29
:1077C000102BCDE902019DED020B51EC100B05F0E1
:1077D00077FCCDE904019DED040B51EC100B05F095
:1077E0002FFC80B242210690CDE900015448807BF5
:1077F00005905348007C049051480078801CC0B22A
:1078000003230390DDE90412F9F730FC3AE109980B
:1078100064287DD84A48007C02282CD1099805F0BC
:107820003CFC1FEDBF0B53EC102BCDE902019DED8D
:10783000020B51EC100B05F043FCCDE904019DED6A
:10784000040B51EC100B05F0FBFB80B220210690DD
:10785000CDE900013A48807B05903948007C0490CE
:1078600037480078801CC0B203230390DDE904127E
:10787000F9F7FCFB06E13248007C01282CD109987D
:1078800005F00BFC1FEDD80B53EC102BCDE90201DA
:107890009DED020B51EC100B05F012FCCDE904013B
:1078A0009DED040B51EC100B05F0CAFB80B22021BA
:1078B0000690CDE900012248807B05902048007C9D
:1078C00004901F480078801CC0B203230390DDE9B8
:1078D0000412F9F7CBFBD5E01948007C03287CD1D2
:1078E000099805F0DAFB1FEDF00B53EC102BCDE9F6
:1078F00002019DED020B51EC100B05F0E1FBCDE90F
:1079000004019DED040B51EC100B05F099FB00E018
:1079100022E080B228210690CDE900010848807B52
:1079200005900748007C049005480078801CC0B290
:1079300003230390DDE90412F9F798FBA2E00000AD
:10794000040E0020D7A3703D0AD71340AC0D0020D1
:107950005C8FC2F5285CFF3F6148007C02282CD177
:10796000099805F09AFB9FED5F0B53EC102BCDE9C6
:1079700002019DED020B51EC100B05F0A1FBCDE9CE
:1079800004019DED040B51EC100B05F059FB80B286
:107990001C210690CDE900015148807B059050489C
:1079A000007C04904E480078801CC0B203230390F2
:1079B000DDE90412F9F75AFB64E04948007C01282C
:1079C0002ED1099805F069FB9FED460B53EC102B67
:1079D000CDE902019DED020B00E052E051EC100BED
:1079E00005F06EFBCDE904019DED040B51EC100B8D
:1079F00005F026FB80B21C210690CDE90001384835
:107A0000807B05903648007C049035480078801CC7
:107A1000C0B203230390DDE90412F9F727FB31E03C
:107A20002F48007C03282CD1099805F036FB9FEDE8
:107A30002D0B53EC102BCDE902019DED020B51EC07
:107A4000100B05F03DFBCDE904019DED040B51EC5D
:107A5000100B05F0F5FA80B228210690CDE900015F
:107A60001F48807B05901E48007C04901C480078CD
:107A7000801CC0B203230390DDE90412F9F7F6FA83
:107A800000E000BF29E019480078012812D14FF624
:107A9000FF7149F22340FEF7DBFC114840680146C4
:107AA0000690012005F05AF8002000F087FD002024
:107AB0000E4908700A4890F82D0006900848807B0F
:107AC00005900748007C049009480078801CC0B2EB
:107AD000039004A90EC9F9F741FB0BB000BD0000EB
:107AE000040E0020000000000000124016020020DA
:107AF0001502002010B50549054804F073FE032265
:107B00000021034804F0C2FE10BD0000BD6700085C
:107B1000CC0C002010B50123002219461846F9F7B5
:107B20001DFB0323002201210846F9F717FB02235E
:107B3000002201210846F9F711FB01230022194612
:107B40000220F9F70BFB0323002201210220F9F7A1
:107B500005FB0223002201211846F9F7FFFA10BDA8
:107B600000BFFEE710B5044634B14FF4C87141F2CE
:107B70000540FEF7C1FC03E041F20540FEF7E6FADE
:107B800010BD10B5044634B94FF4B77141F2094045
:107B9000FEF7B2FC0EE0012C06D140F26F1141F26B
:107BA0000940FEF7A9FC05E04FF4B87141F2094025
:107BB000FEF7A2FC10BD00002DE9F04105460E467F
:107BC000174600244FF08050144908601420F9F73C
:107BD000EDFB4FF48050114908600120F9F7E6FBF6
:107BE00000F052F810B10120BDE8F081CC2000F087
:107BF00091F8F02000F08EF86907080E00F08AF87E
:107C0000002000F087F8002404E000F029F838553F
:107C1000601CC4B2B442F8DB0020E5E7180C024057
:107C200010B500244FF080500C4908600320F9F78C
:107C3000CDFB4FF48050094908600720F9F7C6FBD7
:107C40004FF4805105481838FBF7DCFB002800DDB5
:107C500001243C20F9F7BAFB204610BD180C024065
:107C600070B500240026002500BF09E0FFF7D8FF0B
:107C700006461EB10120A0402843C5B2601CC4B214
:107C8000082CF3DB284670BD10B500244FF080505F
:107C90000D4908604FF4FA70F9F798FB4FF48050E3
:107CA000094908604620F9F791FB4FF480510648D6
:107CB0001838FBF7A7FB002800DD01244FF4D7702C
:107CC000F9F784FB204610BD180C024010B54FF0A8
:107CD0008050064908604120F9F778FB4FF4805046
:107CE000024908600520F9F771FB10BD180C02402D
:107CF00010B54FF08050064908600520F9F766FB83
:107D00004FF48050024908604120F9F75FFB10BD35
:107D1000180C024070B5054600242E4600BF0AE04C
:107D20000120A040304010B1FFF7E2FF01E0FFF773
:107D3000CDFF601CC4B2082CF2DB70BD2DE9F04110
:107D400005460E46174600244FF0005014490860BF
:107D50001420F9F72BFB4FF4005011490860012063
:107D6000F9F724FB00F052F810B10120BDE8F081D2
:107D7000CC2000F091F8F02000F08EF86907080E92
:107D800000F08AF8002000F087F8002404E000F0FA
:107D900029F83855601CC4B2B442F8DB0020E5E78E
:107DA000180C024010B500244FF000500C49086038
:107DB0000320F9F70BFB4FF4005009490860072036
:107DC000F9F704FB4FF4005105481838FBF71AFB8C
:107DD000002800DD01243C20F9F7F8FA204610BD08
:107DE000180C024070B500240026002500BF09E0F1
:107DF000FFF7D8FF06461EB10120A0402843C5B2B8
:107E0000601CC4B2082CF3DB284670BD10B50024FA
:107E10004FF000500D4908604FF4FA70F9F7D6FAA8
:107E20004FF40050094908604620F9F7CFFA4FF4A3
:107E3000005106481838FBF7E5FA002800DD012458
:107E40004FF4D770F9F7C2FA204610BD180C024063
:107E500010B54FF00050064908604120F9F7B6FA16
:107E60004FF40050024908600520F9F7AFFA10BD41
:107E7000180C024010B54FF000500649086005206C
:107E8000F9F7A4FA4FF40050024908604120F9F7CD
:107E90009DFA10BD180C024070B5054600242E4610
:107EA00000BF0AE00120A040304010B1FFF7E2FF20
:107EB00001E0FFF7CDFF601CC4B2082CF2DB70BDFF
:107EC00010B504461148807FF8B91048C07DE0B96C
:107ED0000E484078052803D00C484078062814D175
:107EE0000A48C07B012810D109490870162C06D118
:107EF0000649087801220521F9F7FCF805E0034955
:107F0000087801220421F9F7F5F810BD040E0020CD
:107F10001604002010B504465CB941F20340FEF798
:107F200015F941F20440FEF711F90020FFF71AFE9F
:107F300020E0012C0FD10020FFF714FE40F2A51124
:107F400041F20440FEF7D8FA4FF4D37141F20340F6
:107F5000FEF7D2FA0EE00120FFF704FE4FF4D271D3
:107F600041F20440FEF7C8FA40F2A71141F2034083
:107F7000FEF7C2FA10BD000010B50446044890F8A0
:107F8000370000B110BD00F06BF800BFFAE7000049
:107F9000040E002010B500F011F810BD10B5054911
:107FA000054804F01FFC64220021034804F06EFC25
:107FB00010BD0000957F00082C0D002010B52DEDA0
:107FC000048B002419480089D22811DD174908893B
:107FD00005F063F841EC190B9FED150B53EC102BDA
:107FE00005F06EF841EC180B05F02AF8044610E095
:107FF0000E49088905F051F841EC190B9FED0E0B65
:1080000053EC102B05F05CF841EC180B05F018F858
:1080100004460648807A18B1204600F00FFB02E0C3
:10802000002000F00BFBBDEC048B10BD040E002003
:10803000D7A3703D0AD7E33F9A9999999999E13F5F
:1080400010B50549054804F0CDFB03220021034883
:1080500004F01CFC10BD0000797F0008EC0C00202F
:1080600070B5CCB0002600250024982126A8F8F78A
:10807000DCF998216846F8F7D8F926A804F0CEF87C
:1080800005460A2D01DA4CB070BD0024C8E126A8CF
:10809000005DFE2876D126A9601C085CEF28F9D186
:1080A00008190A226946F9F789F808216846F9F79C
:1080B00093F806469DF809009DF8081000EB012092
:1080C000B042E7D19DF80200B6285CD19DF80300CC
:1080D000C12858D19DF80400012807D19DF805005A
:1080E000012803D1D24981F8220013E09DF8040051
:1080F000012803D19DF805000A2807D09DF8040047
:10810000012807D19DF805000B2803D10220C8499A
:1081100081F82200C64890F82200022821D19DF85B
:10812000040001280CD19DF805000A2808D19DF80B
:1081300007009DF8061000EB0120BE49088060E1B1
:108140009DF804000128FAD19DF805000B28F6D10E
:108150009DF807009DF8061000EB0120B549C88086
:108160004FE19DF804000128E9D19DF805000128A0
:10817000E5D19DF807009DF8061000EB0120AD4900
:1081800008803EE14AE19DF80200D0287ED19DF8AA
:108190000300B4287AD1A64890F82200022863D1BF
:1081A0009DF80400B5280CD19DF80500CD2808D114
:1081B0009DF807009DF8061000EB01209D494881BD
:1081C0000FE09DF80400B6280BD19DF80500CD28DE
:1081D00007D19DF807009DF8061000EB0120954996
:1081E00088819DF80400B8280CD19DF80500DF288F
:1081F00008D19DF807009DF8061000EB01208D497D
:10820000C8810FE09DF80400B9280BD19DF8050046
:10821000DF2807D19DF807009DF8061000EB01202C
:10822000844908829DF80400B2280CD19DF805000D
:10823000EE2808D19DF807009DF8061000EB0120FC
:108240007C494882DDE09DF80400B32888D19DF880
:108250000500EE2884D19DF807009DF8061000EB7C
:10826000012074498882CCE0714890F822000128EE
:1082700087D19DF80400B52810D19DF80500CD28C0
:108280000CD19DF807009DF8061000E02DE000EBF2
:108290000120684948800846408848819DF80400CC
:1082A000B8280ED19DF80500DF280AD19DF80700F7
:1082B0009DF8061000EB01205E4988800846808802
:1082C000C8819DF80400B2280ED19DF80500EE2863
:1082D0000AD10020584908709DF807009DF8061043
:1082E00000EB0120534948828BE0544890F8380055
:1082F00090BB9DF80200BB283DD19DF80300AA2841
:1083000039D19DF80400CC2835D19DF80500DD2831
:1083100031D19DF807000A2816D004DC032807D0C5
:10832000052826D108E00B2817D00C2821D11CE005
:108330000120404908771DE002203E49087755207A
:108340003E4981F8530015E003203A49087756204A
:108350003A4981F853000DE00DE0042035490877D3
:108360005720364981F8530004E005203149087749
:1083700000E000BF45E0314890F8380090BB9DF820
:108380000200BB283DD19DF80300AA2839D19DF8F1
:108390000400CC2835D19DF80500022831D19DF884
:1083A00007000A2816D004DC032807D0052826D1A8
:1083B00008E00B2817D00C2821D11CE001201D4912
:1083C00008771DE002201B49087755201B4981F8DA
:1083D000530015E00320174908775620174981F804
:1083E00053000DE00DE0042012490877572013498F
:1083F00081F8530004E005200E49087700E000BF33
:1084000000BF00200B494876012008760F226946FC
:108410000020F8F7FFFE04F1090084B2601C84B26A
:10842000A5F10900A0423FF732AE00BF2BE60000E5
:10843000040E0020D40F0020B702002064040020A6
:1084400010B50821014803F03DFF10BD8702002050
:1084500010B50821014803F035FF10BD8F02002040
:1084600010B50821014803F02DFF10BD9702002030
:1084700010B50821014803F025FF10BD9F02002020
:1084800010B50821014803F01DFF10BDA702002010
:1084900010B50821014803F015FF10BDAF02002000
:1084A00010B50821014803F00DFF10BD5702002050
:1084B00010B50821014803F005FF10BD6F02002030
:1084C00010B50821014803F0FDFE10BD5F02002039
:1084D00010B50821014803F0F5FE10BD7702002019
:1084E00010B50821014803F0EDFE10BD6702002021
:1084F00010B50821014803F0E5FE10BD7F02002001
:108500007047000010B5002004F050FB002004F07C
:1085100069FB002004F082FB0120F8F704F9012038
:10852000F8F736FB0021084604F018FB0021012073
:1085300004F01EFA0021084604F03DFA002004F081
:10854000FDF90220FDF7D6FB002004F0E5F800203D
:1085500004F0C8F80020FFF714FB002002F056FFDB
:10856000F7F7C8FF28201449887300204860C875B1
:10857000C87408754877887481F8210081F8240050
:108580000876087781F82200487548704873887229
:108590001E20C87296200881084601890120FDF737
:1085A000EBF80120044981F8350000231A461946EA
:1085B000184604F0B7FA10BD040E00201CB504469E
:1085C0001B480078A04231D034B14FF6E07149F237
:1085D0003350FDF73DFF05E04FF6FF7149F2335090
:1085E000FDF736FF13A103C9CDE90001AA208DF8DC
:1085F000000001208DF80100200A8DF80200E0B291
:108600008DF80300BB208DF80400AA208DF805002A
:108610000621684603F072FE0A20F8F7C7FE06211D
:10862000684603F06BFE02490C7000BF1CBD0000E1
:10863000EC020020AA000000000000001CB5044667
:1086400034B14FF6E07149F25350FDF701FF05E0F8
:108650004FF6FF7149F25350FDF7FAFE10A103C91E
:10866000CDE90001AA208DF8000000208DF801005E
:10867000200A8DF80200E0B28DF80300BB208DF8CF
:108680000400AA208DF805000621684603F0BEFE0E
:108690000A20F8F78BFE0621684603F0B7FE1CBDE2
:1086A000AA000000000000002DE9F04706460F4632
:1086B0000024A046A1460025A24600BF5EE0BAF114
:1086C000000F11D1FE2C00DB5AE0305DBB2853D1E6
:1086D000601C305C01284FD1A01C305C39284BD184
:1086E000E5B24FF0010A47E0305D7E2844D1281DF5
:1086F000315C601B801F814235D1681CC2B2281DCD
:10870000305C001DC1B2304600F03EF88046B8F142
:10871000000F24D0A81C305C392807D0492802D08B
:10872000FF2817D113E04FF0010916E04FF00209BE
:10873000681D305C801D2844C5B2002404E028195F
:10874000305C3855601C84B2102CF8DB05E04FF02B
:10875000030902E04FF0000900BF00BF10E04FF036
:10876000000AEC1C08E0281D315C601B801F814260
:1087700002DAEC1C4FF0000A601C84B2FE2C9EDB77
:1087800000BF4846BDE8F08770B5034600250024C9
:1087900000BF04E01019185C0544601C84B28C42D0
:1087A000F8DB8818185CEEB2B04201D1012070BD30
:1087B0000020FCE710B509210A4803F017FD32201C
:1087C000F8F7F4FD0821084803F010FD3220F8F70F
:1087D000EDFD0821054803F009FD3220F8F7E6FD1C
:1087E00010BD0000330300206603002000030020BA
:1087F00070B50546002400261BE06006040E4FF409
:108800008010114908600A20F8F7E0FD10200E4999
:1088100008600520F8F7DAFD0B480838006800F01A
:10882000200008B1601CC4B20520F8F7CFFD701C11
:10883000C6B2082EE1DB012D02D1FCF73BFF01E0BF
:10884000FCF75AFF204670BD1808024010B50446D8
:1088500000F016F810BD0146086870477047000028
:1088600010B50549054803F0BDFF1E22002103484D
:1088700004F00CF810BD0000056100080C0D00208C
:108880002DE9F041AAB04FF000080026002700248F
:108890000025982104A8F7F7C8FD0020009001905A
:1088A0000290039004A803F041FDC6B2092E02DA3B
:1088B0002AB0BDE8F08137460024A1E104A8005D9C
:1088C0005A2871D104A9601C085CA528F9D1E01CC4
:1088D000085C8328F5D1A01C085CC01CC5B2AF425F
:1088E00000DA92E104A908192A466946F8F766FCFD
:1088F0009DF8040052286FD006DC20280BD02428D5
:108900001CD0512869D12AE1532867D054286FD050
:108910005528F7D153E19DF8050001280DD1C24833
:108920000078401CC0B2C0490870052805DB002053
:1089300008701520BD4981F8530054E19DF80500E9
:10894000072871D007DC68B101281FD0052846D060
:1089500006286AD15FE0082868D0092867D0202857
:10896000F7D1CDE09DF80800012802D002280AD1F5
:1089700004E01820AE4981F8200005E01920AC4938
:1089800081F8200000E000BF00BFE6E09DF808008D
:1089900006281ED2DFE800F01D03090E131815206B
:1089A000A34981F8200015E028E11420A04981F8AE
:1089B00020000FE016209E4981F820000AE01720D1
:1089C0009B4981F8200005E02420994981F8200086
:1089D00000E000BF00BFC0E0C5E003E1C7E09DF8D4
:1089E0000800012805D0022808D0032810D10AE089
:1089F000D1E007208E4981F820000AE008208C4948
:108A000081F8200005E00C20894981F8200000E071
:108A100000BF00BFA1E09DF80800012808D002288F
:108A20000BD0032813D10DE014E095E039E04CE0C1
:108A30000D207F4981F820000AE00F207C4981F851
:108A4000200005E00E207A4981F8200000E000BFF8
:108A500000BF82E09DF8080006281FD2DFE800F082
:108A60001E03080D12171020714981F8200016E02E
:108A700011206F4981F8200011E012206C4981F823
:108A800020000CE028206A4981F8200007E02B2014
:108A9000674981F820004FF0010800E000BF00BFE7
:108AA0005BE09DF80800012802D002280AD104E00A
:108AB0000A205F4981F8200005E009205C4981F81F
:108AC000200000E000BF00BF47E09DF8080001283B
:108AD00004D0022807D003280FD109E0052054490B
:108AE00081F820000AE00620514981F8200005E0C5
:108AF0000B204F4981F8200000E000BF00BF2CE0B0
:108B00009DF80800092824D2DFE800F023050A0FA9
:108B1000142323191E000F20444981F8530019E043
:108B20001020424981F8530014E050203F4981F859
:108B300053000FE051203D4981F853000AE05220D4
:108B40003A4981F8530005E05320384981F8530031
:108B500000E000BF00BF00E000BF00BF43E000BF77
:108B600000BF00BF3FE000BF00BF00BF3BE09DF87B
:108B70000500102802D050280AD104E002202C4918
:108B800081F8200005E00420294981F8200000E058
:108B900000BF00BF27E09DF80500102802D0502834
:108BA0000AD104E00120224981F8200005E00320D9
:108BB0001F4981F8200000E000BF00BF13E09DF8CE
:108BC0000500102802D030280AD104E029201849D5
:108BD00081F8200004E02A20154981F8200000BF18
:108BE00000BF00E000BF00BF0F2269460020F8F779
:108BF00011FB681E2044C4B2781BC7B2601CC4B20B
:108C0000A6F10800A0423FF759AE00BF084890F80F
:108C1000370030B1B8F1000F03D10020044981F8CA
:108C2000200000BF44E6000042040020640400204D
:108C3000040E002010B50549054803F0D3FD1E229F
:108C40000021034803F022FE10BD00004D880008FB
:108C5000BC0E002010B5044633480078844200D191
:108C600010BD314804700E2C5AD2DFE804F0070C16
:108C7000131A21282F363D4459594B5241F20760AF
:108C8000FDF764FA4DE040F2971141F20760FDF7FD
:108C900033FC46E040F2931141F20760FDF72CFCF3
:108CA0003FE04FF4CC7141F20760FDF725FC38E05E
:108CB0004FF4CA7141F20760FDF71EFC31E04FF43A
:108CC000CB7141F20760FDF717FC2AE04FF4CD713C
:108CD00041F20760FDF710FC23E040F2951141F2EC
:108CE0000760FDF709FC1CE040F2991141F20760B2
:108CF000FDF702FC15E040F29B1141F20760FDF721
:108D0000FBFB0EE04FF4CE7141F20760FDF7F4FB80
:108D100007E040F29D1141F20760FDF7EDFB00E036
:108D200000BF00BF00BF9BE73F04002010B520201C
:108D30000A490860102008600A20F8F747FB4FF442
:108D40000010064908600A20F8F740FB4FF4801035
:108D5000024908600A20F8F739FB10BD18080240E4
:108D600010B54FF480100A490860400008600A20DE
:108D7000F8F72CFB1020064908600A20F8F726FBBC
:108D80002020034908600A20F8F720FB10BD0000EE
:108D90001808024010B50446F84840780D2870D2F3
:108DA000DFE810F06F00A0003301C3015902E902AF
:108DB000EA02670594065304E0040D000506012C41
:108DC00006D0022C40D0032C5CD0042C3BD169E0AF
:108DD000EA48407F40B3EA480078401CE849087000
:108DE00008460078032801DD00200870E448007878
:108DF000012804D142F21070E049486010E0E048D8
:108E00000078022804D144F62060DC49486007E07D
:108E1000DB480078032803D147F23050D749486037
:108E20000020D64948770EE0D4484068A0F5FA60A3
:108E3000D24948600846406842F21071884202D226
:108E40000846CE4948604BE0CC48406844F6206173
:108E5000884206D3C9484068A0EBA100C7494860D2
:108E60000EE0C6484068A0F5FA60C449486008466C
:108E7000406842F21071884202D20846BF494860F9
:108E80002EE077E2BD48406800F5FA60BB494860D3
:108E90000846406847F23051884202D90846B7492F
:108EA00048601DE0B548406844F62061884206D21B
:108EB000B248406800F5FA60B04948600FE0AF483A
:108EC000406841F288310844AC494860084640682F
:108ED00047F23051884202D90846A849486000BF8D
:108EE00000BF47E2012C06D0022C40D0032C5CD0FE
:108EF000042C3BD169E0A148407F40B3A0480078F2
:108F0000401C9F49087008460078032801DD0020B6
:108F100008709B480078012804D144F620609749E6
:108F2000486010E096480078022804D14CF2503096
:108F30009249486007E092480078032803D14EF632
:108F400060208E49486000208C4948770EE08B48AD
:108F50004068A0F5FA60894948600846406842F2D6
:108F60001071884202D20846844948604BE0834829
:108F7000406846F2A811884207D380484068A0F5AF
:108F8000985088387D4948600EE07C484068A0F5DC
:108F9000FA607A4948600846406842F21071884297
:108FA00002D20846754948602DE07448406800F5D3
:108FB000FA6072494860084640684EF6602188426F
:108FC00002D908466D4948601DE06C48406844F687
:108FD0002061884206D26948406800F5FA60674916
:108FE00048600FE06548406841F2883108446349B1
:108FF0004860084640684EF66021884202D908461B
:109000005E49486000BF00BF6BE7012C06D0022C10
:109010003FD0032C5BD0042C3AD167E05748407F07
:1090200038B357480078401C554908700846007806
:10903000032801DD0020087051480078012804D180
:1090400044F620604D4948600FE04D480078022802
:1090500004D14CF250304949486006E04848007855
:10906000032802D1474845494860002043494877D2
:109070000EE042484068A0F5FA6040494860084662
:10908000406842F21071884202D208463B4948606B
:1090900049E03A48406846F2A811884207D3374869
:1090A0004068A0F598508838344948600EE033484D
:1090B0004068A0F5FA60314948600846406842F2CD
:1090C0001071884202D208462C4948602BE02B4898
:1090D000406800F5FA602949486008464068294917
:1090E000884202D90846254948601CE02348406868
:1090F00044F62061884206D22048406800F5FA60B4
:109100001E4948600EE01D48406841F2883108441D
:109110001A494860084640681A49884202D90846F8
:109120001649486000BF00BFDBE6012C06D0022CC8
:1091300045D0032C61D0042C40D16DE00F48407F16
:1091400068B30F480078401C0D4908700846007845
:10915000032801DD0020087009480078012804D1A7
:1091600044F620600549486015E00548007802286B
:109170000AD14CF25030014948600CE0040E002046
:109180001C04002070110100F5480078032802D16A
:10919000F448F54948600020F34948770EE0F2486A
:1091A0004068A0F5FA60F04948600846406842F21D
:1091B0001071884202D20846EB49486049E0EA480B
:1091C000406846F2A811884207D3E7484068A0F5F6
:1091D00098508838E44948600EE0E3484068A0F5BC
:1091E000FA60E14948600846406842F210718842DE
:1091F00002D20846DC4948602BE0DB48406800F5B5
:10920000FA60D949486008464068D649884202D980
:109210000846D54948601CE0D348406844F62061C0
:10922000884206D2D048406800F5FA60CE494860CE
:109230000EE0CD48406841F288310844CA49486090
:1092400008464068C749884202D90846C64948606E
:1092500000BF00BF45E6012C06D0022C3FD0032CF6
:109260005BD0042C3AD167E0BF48407F38B3BC489C
:109270000078401CBA49087008460078032801DDD0
:1092800000200870B6480078012804D144F6206018
:10929000B54948600FE0B2480078022804D14CF28A
:1092A0005030B149486006E0AD480078032802D14B
:1092B000AC48AD4948600020AB4948770EE0AA4869
:1092C0004068A0F5FA60A84948600846406842F244
:1092D0001071884202D20846A349486049E0A2487A
:1092E000406846F2A811884207D39F484068A0F51D
:1092F000985088389C4948600EE09B484068A0F52B
:10930000FA60994948600846406842F21071884204
:1093100002D20846944948602BE09348406800F523
:10932000FA6091494860084640688E49884202D9EF
:1093300008468D4948601CE08B48406844F620612F
:10934000884206D28848406800F5FA60864948603D
:109350000EE08548406841F28831084482494860FF
:10936000084640687F49884202D908467E494860DD
:1093700000BF00BF7CE200BF012C06D0022C6DD0E4
:10938000032C7DD0042C68D105E17748C07B50BB0D
:109390007548407F30BB7548007A8C2803D07348ED
:1093A000007A1C280FD170484068A0F5FA606E4919
:1093B00048600846406842F2107188424DD2084623
:1093C0006949486049E068484068A0F57A70664994
:1093D00048600846406840F6B83188423DD20846A9
:1093E0006149486039E06048407F40B35C4800789C
:1093F000401C5B49087008460078032801DD002006
:10940000087057480078012804D14FF47A70564903
:10941000486010E052480078022804D14FF47A6086
:109420005149486007E04E480078032803D141F2D3
:1094300070704D49486000204B4948770DE04A481C
:109440004068A0F5FA704849486008464068B0F5A1
:10945000FA7F02D24FF4FA704860F4E04248C07BD1
:1094600050BB4248007A8C2803D04048007A1C2820
:1094700012D13D484068A0F5985088383A4900E03C
:1094800035E048600846406842F2107188422DD2AB
:1094900008463549486029E033484068A0F5FA603D
:1094A000314948600846406840F6B83188421DD2CC
:1094B00008462D49486019E02B484068B0F5FA6F1E
:1094C00006D929484068A0F57A70274948600DE020
:1094D00025484068A0F5FA7023494860084640686E
:1094E000B0F5FA7F02D24FF4FA704860ABE01E4844
:1094F000C07BF8BB1D48007A8C280ED11A48406802
:1095000000F5FA60184948600846406815498842E5
:1095100040D90846144948603CE01448007A1C28A9
:109520000ED11148406800F5FA600F4948600846BE
:1095300040680F4988422DD908460B49486029E008
:109540000948406800F57A70074948600846406855
:1095500043F2C82188421DD908460349486019E0F2
:109560001C04002070110100040E0020AC0D00202E
:10957000E0220200FFE7F748406800F5FA70F5497D
:1095800048600846406841F27071884202D9084636
:10959000F049486057E0EF48C07B01281BD1ED48F7
:1095A0004068B0F5FA6F06D2EA48406800F5FA70F4
:1095B000E849486046E0E748406800F57A70E549C8
:1095C00048600846406841F2707188423AD90846BE
:1095D000E049486036E0E048007A8C280FD1DD4849
:1095E000406841F288310844DA49486008464068DA
:1095F000DA49884226D90846D649486022E0D6484A
:10960000007A1C280FD1D348406841F288310844C1
:10961000D049486008464068D149884212D9084676
:10962000CC4948600EE0CB48406800F5FA60C94973
:1096300048600846406843F2C821884202D908467B
:10964000C449486000BF00BFD3E2012C06D0022C01
:1096500040D0032C64D0042C3BD171E0BD48407F46
:1096600040B3C0480078401CBE49087008460078E6
:10967000032801DD00200870BA480078012804D1D1
:1096800040F6B830B349486010E0B6480078022888
:1096900004D142F21070AF49486007E0B148007849
:1096A000032803D143F2C820AA4948600020A949F1
:1096B00048770EE0A7484068A0F57A70A549486051
:1096C0000846406840F6B831884202D20846A149AF
:1096D000486045E09F48406841F2883188420FD396
:1096E0009C484068A0F5FA609A494860084640687E
:1096F00040F6B831884212D20846964948600EE0DA
:1097000094484068A0F57A709249486008464068DD
:1097100040F6B831884202D208468E4948601FE0C0
:109720008C48406800F57A708A494860084640686D
:1097300043F2C821884202D90846864948600FE0B2
:109740008448406800F5FA608249486008464068ED
:1097500043F2C821884202D908467E49486000BFCA
:1097600000BF46E2012C06D0022C3FD0032C58D07B
:10977000042C7CD165E07748407F40B3794800787D
:10978000401C7849087008460078032801DD002055
:10979000087074480078012804D14FF47A706D493C
:1097A000486010E06F480078022804D141F2883008
:1097B0006849486007E06B480078032803D141F20C
:1097C0007070644948600020624948770DE0614844
:1097D0004068A0F5FA705F49486008464068B0F5F7
:1097E000FA7F02D24FF4FA70486040E0594840686E
:1097F000B0F5FA6F06D357484068A0F57A7055491E
:1098000048600DE053484068A0F5FA70514948603F
:1098100008464068B0F5FA7F02D24FF4FA7048600B
:1098200025E04C48406800F5FA704A49486008460F
:10983000406841F27071884202D908464549486043
:1098400015E04448406841F27071884205D24148B1
:10985000406800F57A703F4948603E48406841F2F0
:109860007071884202D908463A49486000BF00BF7B
:10987000BFE1012C06D0022C3ED0032C5AD0042C80
:1098800039D175E03348407F30B336480078401C0A
:109890003449087008460078032801DD002008706C
:1098A00030480078012804D144F6206029494860F6
:1098B0000EE02C480078022803D12B482549486047
:1098C00006E028480078032802D12848214948604A
:1098D0000020204948770EE01E484068A0F5FA6055
:1098E0001C4948600846406842F21071884202D222
:1098F00008461849486058E01648406846F2A811E2
:10990000884207D313484068A0F598508838114919
:1099100048600EE00F484068A0F5FA600D494860C5
:109920000846406842F21071884202D2084609494E
:1099300048603AE00748406800F5FA600549486029
:10994000084640680949884202D9084601494860EA
:109950002BE00000040E0020AC0D0020701101006F
:10996000E02202001C04002080380100C0D4010065
:10997000A648406844F62061884206D2A348406861
:1099800000F5FA60A14948600EE0A048406841F245
:10999000883108449D494860084640689C4988428F
:1099A00002D908469949486000BF00BF21E1012C57
:1099B00006D0022C3ED0032C5AD0042C39D166E0BC
:1099C0009248407F30B393480078401C914908701A
:1099D00008460078032801DD002008708D480078D3
:1099E000012804D144F62060884948600EE0894887
:1099F0000078022803D186488449486006E08548FB
:109A00000078032802D184488049486000207F49BB
:109A100048770EE07D484068A0F5FA607B494860D1
:109A20000846406842F21071884202D208467749DF
:109A3000486049E07548406846F2A811884207D35B
:109A400072484068A0F598508838704948600EE028
:109A50006E484068A0F5FA606C4948600846406866
:109A600042F21071884202D20846684948602BE0F1
:109A70006648406800F5FA606449486008464068F6
:109A80006549884202D90846604948601CE05F4841
:109A9000406844F62061884206D25C48406800F580
:109AA000FA605A4948600EE05848406841F28831EF
:109AB000084456494860084640685749884202D9D8
:109AC00008465249486000BF00BF92E0012C06D012
:109AD000022C40D0032C5CD0042C3BD169E04B48D5
:109AE000407F40B34B480078401C4A490870084604
:109AF0000078032801DD002008704648007801281E
:109B000004D144F620604149486010E041480078A3
:109B1000022804D14CF250303C49486007E03D48EF
:109B20000078032803D14EF66020384948600020B1
:109B3000364948770EE035484068A0F5FA60334969
:109B400048600846406842F21071884202D20846D6
:109B50002E4948604BE02D48406846F2A8118842E3
:109B600007D32A484068A0F59850883827494860AC
:109B70000EE026484068A0F5FA602449486008468F
:109B8000406842F21071884202D208461F4948607C
:109B90002DE01E48406800F5FA601C494860084600
:109BA00040684EF66021884202D90846174948604D
:109BB0001DE01648406844F62061884206D21348EA
:109BC000406800F5FA60114948600FE00F484068AE
:109BD00041F2883108440D494860084640684EF615
:109BE0006021884202D908460849486000BF00BF8A
:109BF00000BF00BF05484078002804DD03484168E5
:109C0000012002F0ABFF0148007810BD040E0020D7
:109C1000C0D401001C040020007102002DE9F041B5
:109C2000ACB00446002500260027A846982106A8C7
:109C3000F6F7FBFB142101A8F6F7F7FB06A802F0E4
:109C400095FAC6B2102E03DA00202CB0BDE8F081E0
:109C500001A906A8FEF728FD0746022F53D10E21C1
:109C600001A8F7F7B9FA05469DF813009DF8121000
:109C700000EB0120A84246D12448807B401E00F022
:109C8000FF081022224901A8F7F798FA2048807BA4
:109C90002049897B884205D11D48C07B1D49C97B6D
:109CA00088422ED0002001F0B1FB14B901201A49DE
:109CB00008701748807B174988731548C07BC873A4
:109CC0001348C3788278407800EB8001012002F0CD
:109CD00029FF0F4840790321B1EB201F09D1012052
:109CE0000E49C873F6F762FD01200C4981F8350072
:109CF00007E00020F6F75AFD00200849C87381F8F4
:109D000035000120A1E700BF9FE7000050040020BC
:109D1000AC0D00203C0F002016040020040E002093
:109D200010B50549054802F05DFD502200210348A9
:109D300002F0ACFD10BD00001D070008DC0E002085
:109D40001FB53EA30FCB8DE80F0040480078404977
:109D5000097888420AD03D4800783D4908700020C3
:109D60003C498873C87301203B49087037484078E4
:109D7000052803D035484078062857D1334890F855
:109D80002C00012847D13148807F00283FD133483B
:109D90000078401C31490870087800EBD0714910F8
:109DA000A0EB410121B11021684602F01FFA43E007
:109DB00029480078FFF732FF10BB29480078401C83
:109DC00027490870084600780A2835DB22480078C1
:109DD000002831D001202349087000202049087054
:109DE00000231A461946184602F09CFE012001F095
:109DF0000DFB002017498873C873174908701BE0D2
:109E000001201549087000201549087014E0002051
:109E10001349087010E001200F490870FF200D4918
:109E20008873C87300200E49087005E000200949B6
:109E30008873C8730A4908701FBD0000BB00390051
:109E4000090000000003000000084D7E040E002001
:109E5000470400203C0F0020480400204904002053
:109E60004B0400201604002010B5012208490948BF
:109E7000F7F7E4FD06480078FF2808D103200449DD
:109E800008701420487001220248F7F7EAFD10BD5F
:109E9000700F002000000E0808B50020009002227C
:109EA00069462020F7F7C4FB9DF80000552832D101
:109EB0009DF80100284981F83C00084690F83C00D4
:109EC00046280DDD142081F83C0001223C31212080
:109ED000F7F7BFFB012220493C312320F7F7B9FBFC
:109EE00001221D493C312520F7F7A2FB1A4890F8C2
:109EF0003C0046282FDD1420174981F83C00012240
:109F00003C312520F7F7A5FB012213493C312720DE
:109F1000F7F79FFB1FE055208DF8000014208DF807
:109F200001000D4981F83C00022269462020F7F724
:109F300090FB012208493C312320F7F78AFB0122DC
:109F400005493C312520F7F784FB012202493C31C9
:109F50002720F7F77EFB08BD6404002010B50446F7
:109F60000120F94908700020F8494873FEF726FBE4
:109F7000F648C17A012002F01EFD012002F0DEFC4D
:109F80000020F24981F83600072C81F0E180DFE8FB
:109F900014F0DF0807005301AD022E049D053F07B2
:109FA0000120F6F7C0FBE9480078012870D10023B2
:109FB0001A461946184602F0B5FD4FF4A250FCF7B8
:109FC000C5F8E248007D002871D0E148407A0228B7
:109FD0001BD0DF48407A012817D0DD48407A03289B
:109FE00013D0DB48407A04280FD0D948407A07289C
:109FF0000BD0D748407A082807D0D548407A0B289C
:10A0000003D0D348407A0C2871D1D148407A072830
:10A0100007D0CF48407A082803D0CD48407A0C2892
:10A0200003D10920F6F7B4FD02E00520F6F7B0FDF4
:10A03000C748407A082809D1002002F06DFB0020B3
:10A0400002F050FB0220FDF79CFD08E0022002F028
:10A0500063FB012002F046FB0020FDF792FD00208B
:10A06000FDF758FF002001F0D1F90021012002F096
:10A070007FFC0220B5490874B548407A072808D10A
:10A08000B448486008464168012002F067FD37E0A7
:10A09000CBE0AF48407A0B280AD144F62060AB49A8
:10A0A000486008464168012002F058FD28E0B5E00C
:10A0B000A748407A012803D0A548407A082809D14A
:10A0C0004EF66020A149486008464168012002F030
:10A0D00045FD15E09E48407A0C2809D19E489B49D1
:10A0E000486008464168012002F038FD08E00EE0B3
:10A0F0009A489649486008464168012002F02EFDC2
:10A100000220924908709248407A48708FE0904847
:10A11000407A052807D08E48407A062803D08C481C
:10A12000407A0A2848D18A48407A0A2813D1072061
:10A13000F6F72EFD0020FDF7EDFE002001F066F998
:10A140008748037A0279008800EB800081B2012001
:10A1500002F0E8FC0DE04FF0004082490860012069
:10A160007A4981F82C000620F6F712FD0120F6F757
:10A1700077FB012002F0D0FA012002F0B3FA0220AE
:10A18000FDF7FFFC2821002002F0F2FB28206F4998
:10A19000887341F28830486003200874084641689B
:10A1A000012002F0DBFC01206849C8736848407A4E
:10A1B0004870022008703AE06948037A0279008802
:10A1C00000EB800081B2012002F0ACFC0720F6F722
:10A1D000DFFC022002F0A0FA012002F083FA002046
:10A1E000FDF7CFFC0020FDF795FE002001F00EF9F1
:10A1F0000021012002F0BCFB42F21070534948607C
:10A200000220087408464168012002F0A7FC50486B
:10A21000407A4E4948700220087008E0FBF77CFC49
:10A2200000204A494870087001E048480078002042
:10A230004649C87400F08CBF0120F6F7A9FC4348DA
:10A240000078022870D14FF4A250FBF77FFF002363
:10A250001A461946184602F065FC3C48C07C0028A6
:10A2600071D03B48407802281BD0394840780128FB
:10A2700017D037484078032813D035484078042851
:10A280000FD03348407807280BD031484078082851
:10A2900007D02F4840780B2803D02D4840780C2851
:10A2A00074D12B484078072807D0294840780828DF
:10A2B00003D0274840780C2803D10920F6F733FA59
:10A2C00002E00520F6F72FFA21484078082809D146
:10A2D000002002F021FA002002F004FA0220FDF72B
:10A2E00050FC08E0022002F017FA012002F0FAF90F
:10A2F0000020FDF746FC0020FDF70CFE002001F0D9
:10A3000085F80021012002F033FB02200F49087478
:10A310000F484078072808D10E4848600846416831
:10A32000012002F01BFC47E0DAE0094840780B28E6
:10A330001AD144F62060054948600846416801206A
:10A3400002F00CFC38E0C4E016040020040E0020EB
:10A35000400E002080380100C0D4010070110100BF
:10A360009C0D002018040240FE484078012803D0CC
:10A37000FC48407808280AD14EF66020FA49486027
:10A3800008464168012002F0E9FB15E01BE0F548B2
:10A3900040780C2808D1F548F349486008464168E0
:10A3A000012002F0DBFB07E0F148EF494860084676
:10A3B0004168012002F0D2FB0120EB490870E94816
:10A3C000407848708EE0E7484078052807D0E54897
:10A3D0004078062803D0E34840780A2847D1E1486E
:10A3E00040780A2813D10720F6F79DF9E148037A4F
:10A3F0000279008800EB800081B2012002F092FB1C
:10A400000020FDF787FD002001F000F80CE04FF47C
:10A410000040D94908600120D34981F82C00F6F7A3
:10A420001FFA0620F6F77FF9012002F075F90120E6
:10A4300002F058F90220FDF7A4FB2821002002F0C9
:10A4400097FA2820C849887341F288304860032071
:10A45000087408464168012002F080FB0120C249CF
:10A46000C873C04840784870012008703AE0C1487D
:10A47000037A0279008800EB800081B2012002F0AB
:10A4800051FB0720F6F74FF9022002F045F90120B1
:10A4900002F028F90020FDF774FB0020FDF73AFDDB
:10A4A000002000F0B3FF0021012002F061FA42F227
:10A4B0001070AD49486002200874084641680120C8
:10A4C00002F04CFBA7484078A7494870012008706B
:10A4D00008E0FBF721FB0020A3494870087001E069
:10A4E000A14800780020A0490875A3E600231A4679
:10A4F0001946184602F016FB4FF4A250FBF726FE51
:10A5000099480078022842D19648407A02281BD008
:10A510009448407A012817D09248407A032813D0F3
:10A520009048407A04280FD08E48407A07280BD0F4
:10A530008C48407A082807D08A48407A0B2803D0F4
:10A540008848407A0C2813D18648407A072807D0DB
:10A550008448407A082803D08248407A0C2803D1E6
:10A560000820F6F715FB12E00220F6F711FB0EE0CB
:10A570007C48407A052803D07A48407A062803D1DF
:10A580000320F6F705FB02E00420F6F701FB75480F
:10A59000407802281BD073484078012817D07148B2
:10A5A0004078032813D06F48407804280FD06D48B6
:10A5B000407807280BD06B484078082807D06948B6
:10A5C00040780B2803D0674840780C2879D165483B
:10A5D0004078072807D063484078082803D06148AE
:10A5E00040780C2803D10920F6F79DF802E00520F9
:10A5F000F6F799F85B484078082809D1002002F066
:10A600008BF8002002F06EF80220FDF7BAFA08E09D
:10A61000022002F081F8012002F064F80020FDF72A
:10A62000B0FA0020FDF776FC002000F0EFFE0021DC
:10A63000012002F09DF902204B49087449484078F6
:10A64000072807D14D48486008464168012002F0BC
:10A6500085FAC4E0434840780B2809D144F62060CD
:10A660004149486008464168012002F077FAB6E0A7
:10A670003C484078012803D03A484078082809D15E
:10A680004EF660203849486008464168012002F0D3
:10A6900065FAA4E0334840780C2809D133483249A0
:10A6A000486008464168012002F058FA97E008E047
:10A6B0002F482D49486008464168012002F04EFAB3
:10A6C0008DE028484078052807D02648407806289D
:10A6D00003D0244840780A2852D1224840780A28DA
:10A6E00013D10720F6F71FF82248037A0279008871
:10A6F00000EB800081B2012002F014FA0020FDF787
:10A7000009FC002000F082FE0DE04FF400401A49E1
:10A7100008600120144981F82C000620F6F703F8A0
:10A720000120F6F79DF8012001F0F6FF012001F06D
:10A73000D9FF0220FDF725FA2821002002F018F9A0
:10A7400028200949887341F2883048600320087442
:10A7500008464168012002F001FA01200249C8734D
:10A760003DE00000400E0020040E0020C0D4010097
:10A77000701101008C0D0020180402408038010087
:10A78000F748407809282AD1F648037A02790088E8
:10A7900000EB800081B2012002F0C4F90720F5F738
:10A7A000C2FF022001F0B8FF012001F09BFF002052
:10A7B000FDF7E7F90020FDF7ADFB002000F026FED5
:10A7C0000021012002F0D4F842F21070E6494860FE
:10A7D0000220087408464168012002F0BFF9E048F1
:10A7E0004078E14948700120C874087022E54FF4B0
:10A7F000A250FBF7ABFCDC480078012848D10023CD
:10A800001A461946184602F08DF9D54840780228B4
:10A810001BD0D3484078012817D0D148407803286E
:10A8200013D0CF48407804280FD0CD48407807286F
:10A830000BD0CB484078082807D0C94840780B286F
:10A8400003D0C74840780C2813D1C5484078072862
:10A8500007D0C3484078082803D0C14840780C2866
:10A8600003D10820F5F75FFF12E00220F5F75BFF48
:10A870000EE0BB484078052803D0B9484078062848
:10A8800003D10320F5F74FFF02E00420F5F74BFF5B
:10A89000B348407A02281BD0B148407A012817D02B
:10A8A000AF48407A032813D0AD48407A04280FD02F
:10A8B000AB48407A07280BD0A948407A082807D02F
:10A8C000A748407A0B2803D0A548407A0C2879D1B4
:10A8D000A348407A072807D0A148407A082803D027
:10A8E0009F48407A0C2803D10920F6F751F902E07D
:10A8F0000520F6F74DF99A48407A082809D100203A
:10A9000001F00AFF002001F0EDFE0220FDF739F909
:10A9100008E0022001F000FF012001F0E3FE00202A
:10A92000FDF72FF90020FDF7F5FA002000F06EFD8D
:10A930000021012002F01CF802208B49087488488D
:10A94000407A072807D189484860084641680120B5
:10A9500002F004F9B1E08248407A0B2809D144F6AC
:10A9600020608149486008464168012002F0F6F8FD
:10A97000A3E07B48407A012803D07948407A082830
:10A9800009D14EF6602078494860084641680120A8
:10A9900002F0E4F891E07248407A0C2809D174483A
:10A9A0007149486008464168012002F0D7F884E008
:10A9B00008E070486C49486008464168012002F090
:10A9C000CDF87AE06648407A052807D06448407A96
:10A9D000062803D06248407A0A2843D16048407A6A
:10A9E0000A2813D10720F6F7D3F86348037A0279CF
:10A9F000008800EB800081B2012002F093F8002073
:10AA0000FDF788FA002000F001FD0DE04FF0004056
:10AA10005A4908600120544981F82C000620F6F7B5
:10AA2000B7F80120F5F71CFF012001F075FE0120A9
:10AA300001F058FE0220FDF7A4F82821002001F0C3
:10AA400097FF28204849887341F2883048600320E6
:10AA5000087408464168012002F080F8012042494C
:10AA6000C8732AE00720F6F793F8022001F054FE9D
:10AA7000012001F037FE0020FDF783F80020FDF7EC
:10AA800049FA002000F0C2FC0021012001F070FF13
:10AA900042F2107034494860022008740846416848
:10AAA000012002F05BF83448037A0279008800EB59
:10AAB000800081B2012002F035F82948407A2A4905
:10AAC0004870012008750220087041E3264800788C
:10AAD000012805D02448007810B12348C07C00B973
:10AAE00010BD00231A461946184602F01BF84FF411
:10AAF000A250FBF72BFB1A48407A02281BD01848BB
:10AB0000407A012817D01648407A032813D01448F9
:10AB1000407A04280FD01248407A07280BD01048FA
:10AB2000407A082807D00E48407A0B2803D00C48FA
:10AB3000407A0C2824D10A48407A072807D00848D0
:10AB4000407A082803D00648407A0C2803D1082010
:10AB5000F6F71EF823E00220F6F71AF81FE00000CF
:10AB6000400E00208C0D0020040E002080380100D3
:10AB7000C0D40100701101009C0D00201804024097
:10AB8000FE48407A052803D0FC48407A062803D1C5
:10AB90000320F5F7FDFF02E00420F5F7F9FFF74881
:10ABA000407802281BD0F5484078012817D0F34898
:10ABB0004078032813D0F148407804280FD0EF489C
:10ABC000407807280BD0ED484078082807D0EB489C
:10ABD00040780B2803D0E94840780C287FD1E7481B
:10ABE0004078072807D0E5484078082803D0E34894
:10ABF00040780C2803D10920F5F795FD02E00520E7
:10AC0000F5F791FDDD484078082809D1002001F0D2
:10AC100083FD002001F066FD0220FCF7B2FF08E092
:10AC2000022001F079FD012001F05CFD0020FCF71D
:10AC3000A8FF0020FDF76EF9002000F0E7FB0021DF
:10AC4000012001F095FE0220CD490874CB484078E0
:10AC5000072807D1CB48486008464168012001F029
:10AC60007DFF35E0C54840780B2809D144F62060C7
:10AC7000C349486008464168012001F06FFF27E0A2
:10AC8000BE484078012803D0BC484078082809D144
:10AC90004EF66020BA49486008464168012001F03C
:10ACA0005DFF15E0B54840780C2809D1B648B44995
:10ACB000486008464168012001F050FF08E00EE0BE
:10ACC000B248AF49486008464168012001F046FF9C
:10ACD0000120AB490870A9484078487097E0A74820
:10ACE0004078052807D0A5484078062803D0A34817
:10ACF00040780A285AD1A14840780A2830D1072044
:10AD0000F5F711FDA248037A0279008800EB800074
:10AD100081B2012001F006FF0020FDF7FBF80020C2
:10AD200000F074FB012001F0F7FC012001F0DAFCD7
:10AD30000220FCF726FF2821002001F019FE282020
:10AD40008F49887341F288304860032008740846B0
:10AD50004168012001F002FF01208949C8731EE00B
:10AD60004FF400408B4908600120854981F82C0090
:10AD700081F836000620F5F7D6FC814890F83500BA
:10AD800028B101207E49C873F5F710FD04E00020CA
:10AD90007B49C873F5F70AFD0120F5F761FD774897
:10ADA0004078774948700120087030E07848037A8D
:10ADB0000279008800EB800081B2012001F0B2FE30
:10ADC0000720F5F7B0FC022001F0A6FC012001F0FD
:10ADD00089FC0020FCF7D5FE0020FDF79BF8002041
:10ADE00000F014FB0021012001F0C2FD42F21070BE
:10ADF000634948600220087408464168012001F058
:10AE0000ADFE5E4840785E494870012008709FE1C1
:10AE10005B480078022805D05948007810B158489E
:10AE2000007D00B95CE600231A461946184601F079
:10AE300079FE4FF4A250FBF789F950484078022878
:10AE40001BD04E484078012817D04C484078032842
:10AE500013D04A48407804280FD048484078072843
:10AE60000BD046484078082807D0444840780B2843
:10AE700003D0424840780C2813D140484078072836
:10AE800007D03E484078082803D03C4840780C283A
:10AE900003D10820F5F747FC12E00220F5F743FC48
:10AEA0000EE036484078052803D03448407806281C
:10AEB00003D10320F5F737FC02E00420F5F733FC5B
:10AEC0002E48407A02281BD02C48407A012817D0FF
:10AED0002A48407A032813D02848407A04280FD003
:10AEE0002648407A07280BD02448407A082807D003
:10AEF0002248407A0B2803D02048407A0C2871D190
:10AF00001E48407A072807D01C48407A082803D0FA
:10AF10001A48407A0C2803D10920F5F739FE02E0DF
:10AF20000520F5F735FE1548407A082809D100209C
:10AF300001F0F2FB002001F0D5FB0220FCF721FE1E
:10AF400008E0022001F0E8FB012001F0CBFB00202B
:10AF5000FCF717FE0020FCF7DDFF002000F056FA9A
:10AF60000021012001F004FD022005490874034876
:10AF7000407A072816D1034848600DE0400E0020B3
:10AF8000040E002080380100C0D4010070110100BF
:10AF90008C0D00201804024008464168012001F091
:10AFA000DDFD35E08C48407A0B2809D144F620605D
:10AFB0008A49486008464168012001F0CFFD27E03A
:10AFC0008548407A012803D08348407A08280AD16E
:10AFD0004EF660208149486008464168012001F032
:10AFE000BDFD15E01BE07C48407A0C2808D17C4868
:10AFF0007A49486008464168012001F0AFFD07E04A
:10B0000078487649486008464168012001F0A6FD6D
:10B010000220724908707048407A487097E06E4884
:10B02000407A052807D06C48407A062803D06A4841
:10B03000407A0A285AD16848407A0A2830D1072035
:10B04000F5F7A6FD6848037A0279008800EB8000D6
:10B0500081B2012001F066FD0020FCF75BFF0020BB
:10B0600000F0D4F9012001F057FB012001F03AFB78
:10B070000220FCF786FD2821002001F079FC282021
:10B080005649887341F288304860032008740846A6
:10B090004168012001F062FD01205049C8731EE0A3
:10B0A0004FF000405149086001204C4981F83600BA
:10B0B00081F82C000620F5F76BFD484890F8350024
:10B0C00028B101204549C873F5F770FB04E0002062
:10B0D0004249C873F5F76AFB0120F5F7C1FB3E480A
:10B0E000407A3E4948700220087030E03E48037ABA
:10B0F0000279008800EB800081B2012001F012FD8E
:10B100000720F5F745FD022001F006FB012001F0C4
:10B11000E9FA0020FCF735FD0020FCF7FBFE0020DB
:10B1200000F074F90021012001F022FC42F21070BD
:10B130002A4948600220087408464168012001F04D
:10B140000DFD2548407A254948700220087000BF4F
:10B1500000BF2248407C032800D1C1E41F48807C06
:10B16000D0B101201D49487408464078052809D10E
:10B17000022001F01BFD012001F034FD012001F04F
:10B180004DFD26E0022001F011FD002001F02AFD16
:10B19000012001F043FD1CE01048407805280CD147
:10B1A00002200E494874002001F000FD022001F049
:10B1B00019FD012001F032FD0BE0002001F0F6FC4A
:10B1C000002001F00FFD012001F028FD04200349BB
:10B1D000487400BF84E40000400E0020040E0020EC
:10B1E000C0D40100701101009C0D00201804024021
:10B1F00010B504460A48807F88B90948C07D70B9F7
:10B200000748C07C58B10648007D40B1182C03D1D6
:10B210000520FEF7A3FE02E00620FEF79FFE10BD0C
:10B22000040E00207047000000B593B0342106A83A
:10B23000F5F7FBF8142101A8F5F7F7F800BF002097
:10B2400000902548006840F0805023490860084677
:10B25000006800F08050009000BF00BF00BF0020D9
:10B2600000901E48006840F440401C4908600846B1
:10B27000006800F44040009000BF00BF0920069025
:10B280004FF48030079001200B9002200C90410574
:10B290000D9108210E91C8210F9102211091119159
:10B2A000129106A8F8F73CFB08B1F6F7EEF90F206B
:10B2B000019002200290002003904FF480500490EF
:10B2C00000200590032101A8F8F7C8F908B1F6F7A6
:10B2D000DCF913B000BD00004038024000700040AF
:10B2E0000348006840F4700001490860704700009E
:10B2F00088ED00E010B50248F8F7F7FE10BD000039
:10B300003C06002010B50248F8F7EFFE10BD000023
:10B31000640B002010B50248F8F7E7FE10BD0000EE
:10B320008406002010B502682D4B98420ED0B0F173
:10B33000804F0BD02B4B984208D02B4B984205D016
:10B340002A4B984202D02A4B984203D122F0700235
:10B350004B681A43224B984220D0B0F1804F1DD049
:10B36000204B98421AD0204B984217D01F4B98423E
:10B3700014D01F4B984211D01E4B98420ED01E4B3A
:10B3800098420BD01D4B984208D01D4B984205D0D7
:10B390001C4B984202D01C4B984203D122F44072BD
:10B3A000CB681A4322F080034C6943EA040202602E
:10B3B0008B68C3620B688362094B984202D00C4BC6
:10B3C000984201D10B69036301234361036903F0D0
:10B3D00001031BB1036923F00103036110BD0000E9
:10B3E000000001400004004000080040000C004044
:10B3F0000004014000400140004401400048014079
:10B4000000180040001C00400020004010B5044619
:10B4100024B941F20640FAF799FE16E0012C06D154
:10B420004FF4FF7141F20640FBF766F80DE0022C85
:10B4300005D1210241F20640FBF75EF805E040F23B
:10B44000FF1141F20640FBF757F810BD10B5024856
:10B45000F8F774FF10BD0000CC06002010B50248BC
:10B46000F8F76CFF10BD00001407002010B502486B
:10B47000F8F764FF10BD00005C07002070B50546BA
:10B48000AC6B0020E085E0842046F8F756FF70BDE5
:10B4900070B506460025B46B20684069C0F3C0153E
:10B4A00094F84100212805D125B10020E0842046F0
:10B4B00000F0C8F820684069C0F3801594F8420095
:10B4C000222805D125B10020E085204600F074F83F
:10B4D000606C40F0100060642046F8F72EFF70BDED
:10B4E00070B50546AC6B2868006800F480700028D1
:10B4F00042D1E08500BF00BF21680C3151E8001F38
:10B5000021F4807021680C3141E80002002AF3D157
:10B5100000BF00BF00BF2168143151E8001F21F0B7
:10B5200001002168143141E80002002AF3D100BF74
:10B5300000BF00BF2168143151E8001F21F0400016
:10B540002168143141E80002002AF3D100BF202015
:10B5500084F84200206B01280ED100BF00BF216893
:10B560000C3151E8001F21F0100021680C3141E836
:10B570000002002AF3D100BF00206063206B012885
:10B5800004D1A18D2046F8F792FE02E02046F9F79B
:10B590006BFB70BD70B50546AC6B01206063206B22
:10B5A000012805D1A08D41082046F8F780FE02E071
:10B5B0002046F9F75AFB70BD00BF00BF02680C328D
:10B5C00052E8002F22F4907102680C3242E8001316
:10B5D000002BF3D100BF00BF00BF0268143252E855
:10B5E000002F22F001010268143242E80013002B00
:10B5F000F3D100BF016B01290ED100BF00BF02686B
:10B600000C3252E8002F22F0100102680C3242E89E
:10B610000013002BF3D100BF202180F8421000213D
:10B620000163704710B504462068C06820F04000F0
:10B630002168C860202084F841002046F9F775FB96
:10B64000002010BD00BF00BF02680C3252E8002F7E
:10B6500022F0C00102680C3242E80013002BF3D143
:10B6600000BF202180F841107047F8B5044694F8D7
:10B670004200222875D1A068B0F5805F0CD1206906
:10B6800050B90025A66A20684068C0F308003080E1
:10B69000A06A801CA06215E0A56A0026A068B0F52B
:10B6A000805F03D0A06828B9206918B92068406875
:10B6B000287004E02068406800F07F002870A06ACD
:10B6C000401CA062E08D401E80B2E085002846D17B
:10B6D0002068C06820F020002168C8602068C06829
:10B6E00020F480702168C8602068406920F0010063
:10B6F00021684861202084F8420000206063206BAC
:10B70000012826D10020206300BF00BF21680C3132
:10B7100051E8001F21F0100021680C3141E80002BF
:10B72000002AF3D100BF2068006800F01000102844
:10B730000AD100BF002000902068006800902068B7
:10B740004068009000BF00BFA18D2046F8F7AFFD14
:10B7500002E02046F9F788FA0020F8BD01E0002059
:10B76000FBE70220F9E700002DE9F84F04462068C6
:10B77000006920F44050E1680843216808612169AC
:10B78000A068084361690843E169084300902068A4
:10B79000C06849F20C618843009908432168C86079
:10B7A0002068406920F44070A1690843216848611D
:10B7B0007A49206888420BD079492068884207D0AE
:10B7C00078492068884203D077492068884203D1AD
:10B7D000F8F73EF8814602E0F8F72AF88146E0697A
:10B7E000B0F5004F6BD102206168A0FB0150034609
:10B7F0001920A9FB007001462A463846F4F77CFD63
:10B800006421B0FBF1F04FEA001A02206168A0FB4E
:10B8100001510B461920A9FB00712A463846F4F75E
:10B820006BFD834602206168A0FB0150034619208E
:10B83000A9FB00712A463846F4F75EFD6421B0FB8F
:10B84000F1F000EBC00101EB0010ABEB8000322106
:10B8500001EBC0006421B0FBF1F000F0F8000AEB4E
:10B86000400A02206168A0FB015003461920A9FB91
:10B8700000712A463846F4F73FFD8346022061688E
:10B88000A0FB015003461920A9FB00712A46384647
:10B89000F4F732FD6421B0FBF1F000EBC00101EBE5
:10B8A0000010ABEB8000322101EBC0006421B0FB43
:10B8B000F1F000F007005044216888606CE004203B
:10B8C0006168A0FB01510B461920A9FB00712A46B3
:10B8D0003846F4F711FD824604206168A0FB015050
:10B8E00003461920A9FB007001462A463846F4F7A2
:10B8F00003FD6421B0FBF1F000EBC00101EB00108F
:10B90000AAEB8000322101EB00106421B0FBF1F0C2
:10B9100000F0F00A04206168A0FB017003461920C2
:10B92000A9FB005001463A462846F4F7E5FC64219D
:10B93000B0FBF1F00AEB001A04206168A0FB015192
:10B940001920A9FB007080462A460B46384641461E
:10B95000F4F7D2FC834604206168A0FB0150034643
:10B960001920A9FB007001462A463846F4F7C4FCAA
:10B970006421B0FBF1F000EBC00101EB0010ABEB78
:10B980008000322101EB00106421B0FBF1F000F0E7
:10B990000F00504421688860BDE8F88F0010014016
:10B9A0000014014000180140001C014077B581B02F
:10B9B000044615460298A062A585002060642220F6
:10B9C00084F842002848E16BC8632848E16B0864AA
:10B9D0002748E16BC8640020E16B086502AE32685D
:10B9E0002368191D2B46E06BF7F7DEFA00BF002035
:10B9F000009020680068009020684068009000BFB8
:10BA000000BF206970B100BF00BF21680C3151E850
:10BA1000001F41F4807021680C3141E80002002AC7
:10BA2000F3D100BF00BF00BF2168143151E8001FEF
:10BA300041F001002168143141E80002002AF3D1ED
:10BA400000BF00BF00BF2168143151E8001F41F062
:10BA500040002168143141E80002002AF3D100BF00
:10BA6000002004B070BD0000E1B4000895B50008E6
:10BA700091B40008014691F84100212828D1886836
:10BA8000B0F5805F0BD1086948B90A6A1088C0F325
:10BA900008000B685860086A801C086205E00B6AA1
:10BAA000581C086218780B685860C88C401E80B219
:10BAB000C88458B90868C06820F080000B68D86056
:10BAC0000868C06840F040000B68D86000207047EC
:10BAD0000220FCE72DE9F84304460D461746984638
:10BAE000089E31E0701C70B3F7F7A4FCA0EB0800CF
:10BAF000B04200D816B90320BDE8F8832068C068BA
:10BB000000F00400F8B1802D1ED0402D1CD020681C
:10BB10000068C0F3C000B0B100BF002000902068F2
:10BB20000068009020684068009000BF00BF204679
:10BB3000FFF742FD0820606400BF002084F8400049
:10BB400000BF0120D8E7FFE7206800682840A8422E
:10BB500001D1012000E00020B842C3D00020CBE793
:10BB600000BF00BF00BF00BF00BF00BFBAE102209E
:10BB7000F5F71CFCFCF784FEFCF772FAFAF7E8F81C
:10BB8000D94890F8530052287FD008DC0F284BD0BA
:10BB9000102862D050286FD051286ED1A1E05328D0
:10BBA0006CD0552804D0562816D05728F5D127E058
:10BBB000FF20CD4981F85300CC480078002805DDEE
:10BBC000CA480078401EC949087004E0C748007898
:10BBD000401CC649087091E0FF20C34981F853001A
:10BBE000C3480078002805DDC1480078401EC049E0
:10BBF000087004E0BE480078401CBD4908707DE034
:10BC0000FF20B94981F85300BA480078002805DDC3
:10BC1000B8480078401EB749087004E0B54800787D
:10BC2000401CB449087069E06420AF490886FF20D1
:10BC300081F85300B04890F82200022802D1FCF7A6
:10BC400047FC06E0AC4890F82200012801D1FCF73F
:10BC500037FC0520F5F7AAFB50E06420A2490886CE
:10BC6000FF2081F85300A44890F82200022806D152
:10BC7000FCF71EFC05E008E027E03EE019E0FCF7D9
:10BC80000FFC0520F5F792FB38E064209649088602
:10BC9000FF2081F85300984890F82200022802D132
:10BCA000FCF726FC01E0FCF71BFC0520F5F77EFB0A
:10BCB00024E064208C490886FF2081F85300FCF7BB
:10BCC0000FFC0520F5F772FB18E064208649088612
:10BCD000FF2081F85300FCF7F3FB0520F5F766FB26
:10BCE0000CE0642080490886FF2081F85300FCF7AF
:10BCF000D7FB0520F5F75AFB00E000BF00BF7E48E8
:10BD000090F8220002287CD17C480088401C7B49A6
:10BD10000880084600881E2802D1FCF7A1FB5FE0DE
:10BD2000764800883C2802D1FCF78AFB58E073482B
:10BD300000886E2802D1FCF7A3FB51E06F48008811
:10BD40008C2802D1FCF7A4FB4AE06C480088AA28A2
:10BD500002D1FCF78DFB43E068480088C82802D177
:10BD6000FCF776FB3CE065480088E62838D10020E7
:10BD700062490880624881894FF45D50FAF782FB7E
:10BD80000220F5F713FB5E48018A43F25070FAF780
:10BD900079FB0220F5F70AFB5948818A43F290703B
:10BDA000FAF770FB0220F5F701FB5548418943F291
:10BDB0007070FAF767FB0220F5F7F8FA5048C1896E
:10BDC0004FF45E50FAF75EFB0220F5F7EFFA4C48AD
:10BDD000418A43F2A070FAF755FB0220F5F7E6FA24
:10BDE0004748018843F23070FAF74CFB0220F5F720
:10BDF000DDFA4348C18843F26070FAF743FB022042
:10BE000000E002E0F5F7D2FA44E03C480088401C2C
:10BE10003A490880084600881E2802D1FCF720FB1A
:10BE20002FE0364800883C2802D1FCF709FB28E0C7
:10BE3000324800885A2802D1FCF722FB21E02F4823
:10BE4000008878281DD100202C4908802C48418882
:10BE50004FF45D50FAF716FB0220F5F7A7FA2848D1
:10BE6000818843F25070FAF70DFB0220F5F79EFA35
:10BE70002348418A43F29070FAF704FB0220F5F759
:10BE800095FA1F48018843F23070FAF7FBFA022056
:10BE9000F5F78CFA1B480078401C1A4908700846D0
:10BEA00000781E2190FBF1F201FB1200D0B910487E
:10BEB00001784FF45C50FAF7E5FA0220F5F776FACC
:10BEC0000A48017843F21070FAF7DCFA0220F5F71D
:10BED0006DFA0848017843F22070FAF7D3FA02208D
:10BEE000F5F764FA43E6000064040020D70500205B
:10BEF000D6050020D8050020040E0020DA05002019
:10BF0000D40F0020DC0500202DE9F041002400269C
:10BF100001274FF4FA6527E00220F5F747FAFCF70E
:10BF2000AFFC601CC0B20446142800DA1CE00024F8
:10BF3000F9F70EFF104890F85300152813D164202C
:10BF40000D490886FF2081F853000320FAF7E6FB2D
:10BF50000020FAF7E3FB0320FAF7E0FB0520F5F7F2
:10BF600025FAFFF7FDFD00BF281EA5F101018DB2E6
:10BF7000D2D1BDE8F08100006404002010B5024871
:10BF8000F8F7DCF910BD0000A407002010B5024846
:10BF9000F8F7D4F910BD0000EC07002010B50248F6
:10BFA000F8F7CCF910BD00003408002010B50248A5
:10BFB000F8F7C4F910BD00007C08002010B5FF227E
:10BFC00002490348F8F73AFE10BD00002010002097
:10BFD000A407002070B505460024002613480088F9
:10BFE000401C124908801248C06B00684468114820
:10BFF0000078844204D0002008800E490C7012E0C2
:10C000000A48008803280EDBFF2C09D2C4F1FF0088
:10C0100086B2324629460848F5F7D0F800F00EF807
:10C02000002002490880304670BD0000C405002091
:10C03000A4070020C20500202010002010B50948E8
:10C04000F8F736F9FF210848F4F7CDF9FF22064941
:10C050000448F8F7F3FD002004490880FF20044954
:10C06000087010BDA407002020100020C405002087
:10C07000C205002010B5FFF7A1FF10BD70B5044642
:10C080000D4664232A4621460148F8F7EFFD70BDAE
:10C09000A407002010B5962202490348F8F7CEFD08
:10C0A00010BD00001F110020EC07002070B50546F0
:10C0B0000024002613480088401C124908801248BA
:10C0C000C06B0068446811480078844204D00020A6
:10C0D00008800E490C7012E00A48008803280EDB25
:10C0E000962C09D2C4F1960086B2324629460848F9
:10C0F000F5F764F800F00EF8002002490880304699
:10C1000070BD0000C8050020EC070020C605002017
:10C110001F11002010B50948F8F7CAF89621084801
:10C12000F4F761F9962206490448F8F787FD0020E4
:10C130000449088096200449087010BDEC070020CF
:10C140001F110020C8050020C605002010B5FFF70C
:10C15000A1FF10BD10B5962202490348F8F76EFD05
:10C1600010BD0000B51100203408002070B5044651
:10C17000002600250A48C06B00684668962E09D242
:10C18000C6F1960085B22A4621460648F5F716F80C
:10C1900000F00CF8002004490880284670BD00001B
:10C1A00034080020B5110020CC05002010B5094846
:10C1B000F8F77EF896210848F4F715F99622064913
:10C1C0000448F8F73BFD0020044908809620044904
:10C1D000087010BD34080020B5110020CC050020E7
:10C1E000CA05002010B5FFF7B5FF10BD70B50446B5
:10C1F0000D4664232A4621460148F8F737FD70BDF5
:10C200003408002010B5962202490348F8F716FDBD
:10C2100010BD00004B120020CC06002070B5054672
:10C220000024002613480088401C12490880124848
:10C23000C06B0068446811480078844204D0002034
:10C2400008800E490C7012E00A48008803280EDBB3
:10C25000962C09D2C4F1960086B232462946084887
:10C26000F4F7ACFF00F00EF80020024908803046D9
:10C2700070BD0000D0050020CC060020CE050020B7
:10C280004B12002010B50948F8F712F8962108481B
:10C29000F4F7A9F8962206490448F8F7CFFC0020E5
:10C2A0000449088096200449087010BDCC0600207F
:10C2B0004B120020D0050020CE05002010B5FFF75E
:10C2C000A1FF10BD70B504460D4664232A462146E1
:10C2D0000148F8F7CBFC70BDCC06002010B59622C3
:10C2E00002490348F8F7AAFC10BD0000E112002043
:10C2F0001407002010B5FFF7F1FF10BD70B504461C
:10C300000D4664232A4621460148F8F7AFFC70BD6C
:10C310001407002010B5962202490348F8F78EFC56
:10C3200010BD0000771300207C08002070B5054682
:10C330000024002613480088401C12490880124837
:10C34000C06B0068446811480078844204D0002023
:10C3500008800E490C7012E00A48008803280EDBA2
:10C36000962C09D2C4F1960086B232462946084876
:10C37000F4F724FF00F00EF8002002490880304650
:10C3800070BD0000D40500207C080020D2050020EC
:10C390007713002010B50948F7F78AFF962108485F
:10C3A000F4F721F8962206490448F8F747FC0020E4
:10C3B0000449088096200449087010BD7C080020BC
:10C3C00077130020D4050020D205002010B5FFF718
:10C3D000A1FF10BD70B504460D4603232A46214631
:10C3E0000148F8F743FC70BD7C08002010B5962288
:10C3F00002490348F8F722FC10BD00000D1400208C
:10C400005C07002010B5FFF7F1FF10BD70B50446C2
:10C410000D4664232A4621460148F8F727FC70BDE3
:10C420005C07002000BFFEE710B50020FAF776F9A0
:10C43000F9F78EFCF4F7F0FBF5F7F6F8FFF71AFEC4
:10C44000FFF784FEFFF7CEFEFFF738FFFFF752FF3E
:10C45000FFF7BCFFFFF7D6FFF9F77AFC0020FCF7E7
:10C46000F9FB00202749C876FBF754FBFFF74CFD8A
:10C47000FDF7FAFCFDF710FDF9F76AFC4FF4FA70CE
:10C48000F4F794FFF9F764FC4FF4FA70F4F78EFFB9
:10C490000E221D490020F4F7BDFE0E221A49143168
:10C4A0000020F4F7B7FEFCF785F9F9F751FC0020FE
:10C4B000164981F82400F9F73BFCFAF765F9F4F71F
:10C4C00095FAF8F747FFFBF7BBFDF5F78DFBFCF797
:10C4D000C7F9F5F779FBFCF7ADFBF6F72BFBF5F7A2
:10C4E00093F8F8F75FFCFBF705FBFDF719FCF5F790
:10C4F0007BF8FBF753FD0420FAF710F9FCF702F87C
:10C5000010BD0000D40F0020AA0F0020040E002050
:10C5100010B504464C48807F002878D14A48C07D39
:10C520000028FAD1102C06D0112C42D0122C61D048
:10C53000282C3DD16CE04448807CE0B10120434987
:10C5400008704149487408464078052809D10220FE
:10C5500000F02CFB012000F045FB012000F05EFB09
:10C5600026E0022000F022FB002000F03BFB01202F
:10C5700000F054FB1CE03448407805280CD1022020
:10C5800031494874002000F011FB022000F02AFB22
:10C59000012000F043FB0BE0002000F007FB00202F
:10C5A00000F020FB012000F039FB042026494874EC
:10C5B00048E02548407805281BD101202349087010
:10C5C0000220214948740846807C48B1012000F0CF
:10C5D000EDFA022000F006FB012000F01FFB08E04E
:10C5E000002000F0E3FA022000F0FCFA012000F045
:10C5F00015FB27E0012015490870032012494874F3
:10C6000040F2911141F23040F9F776FF1AE01AE05A
:10C6100001200E4908700C48807C18B11020FFF7EB
:10C6200077FF0AE008484078052803D11120FFF77A
:10C630006FFF02E004200449487441F23040F9F7EA
:10C6400085FD00BF00BF10BD040E002016040020B1
:10C6500070B5044625464FF4801013490860002643
:10C660001EE00A20F4F7B2FE05F0800018B1202089
:10C670000D49086003E04FF400100B4908600A20E0
:10C68000F4F7A4FE1020084908600A20F4F79EFE83
:10C690006806050E4FF4801003490860701CC6B28E
:10C6A000082EDEDB012070BD180802400248006839
:10C6B000C0F30220704700000CED00E010B5002828
:10C6C00004DB0A07130E054A135406E00A07140E8A
:10C6D000034A00F00F031B1FD45410BD00E400E018
:10C6E00018ED00E010B5044634B940F26B1141F288
:10C6F0001040F9F701FF0EE0012C06D14FF4B6719E
:10C7000041F21040F9F7F8FE05E040F26D1141F2F8
:10C710001040F9F7F1FE10BD10B5044634B94FF4DE
:10C72000B47141F20840F9F7E7FE0EE0012C06D1A2
:10C7300040F2691141F20840F9F7DEFE05E04FF4DE
:10C74000B57141F20840F9F7D7FE10BD024607481F
:10C75000016806E008781378984201D101207047FB
:10C76000C9690029F6D10020F9E70000E0050020A2
:10C7700070B51B4804682FE0207C60B3A06990B1BD
:10C7800065696DB100BF00F012F9064600F0D4F8FB
:10C7900000BF0020606100BF304600F0BEF900BF5E
:10C7A0002846A1698847607C01280DD100BF00F0B0
:10C7B000FEF8064600F0C0F800BF0020207400BF5D
:10C7C000304600F0AAF900BF207A20B1607C012831
:10C7D00001D100206072E469002CCDD170BD000051
:10C7E000E00500202DE9F04104460E462548056885
:10C7F00000BF00F0DCF8074600F09EF800BF1CB157
:10C800002046FFF7A3FF38B100BF384600F085F996
:10C8100000BF0020BDE8F08101206074002020747A
:10C8200060600120207200206072E060A66160619B
:10C830001448006870B914480078401C1249087008
:10C840000846007820700F48046000200D490968F0
:10C85000C8610FE000E0ED69E8690028FBD10A48F3
:10C860000078401C08490870084600782070EC6188
:10C870000020E06100BF384600F04FF900BF012002
:10C88000C8E70000E0050020E405002070B503467D
:10C890000C4615461348026800BF00F088F80646AB
:10C8A00000F04AF800BF13E01078197888420ED1E2
:10C8B0005D601C72012058720020D86001205874FD
:10C8C00000BF304600F029F900BF012070BDD269D9
:10C8D000002AE9D100BF304600F01FF900BF002058
:10C8E000F4E70000E005002000B5124802681DE0F2
:10C8F000507C012819D1507AB8B1D068401CD06062
:10C900005168884211D30020D060906968B100BF9F
:10C9100000F04DF8034600F00FF800BF012010743E
:10C9200000BF184600F0F9F800BFD269002ADFD135
:10C9300000BD0000E005002072B6704710B5044647
:10C9400034B94FF4F27141F20660F9F7D5FD0EE00B
:10C95000012C06D140F2E51141F20660F9F7CCFD59
:10C9600005E04FF4F37141F20660F9F7C5FD10BD23
:10C9700070B504460D4644B141F21140F9F7E6FBAB
:10C9800049F27040F9F7C8FB10E040F25F1141F244
:10C990001140F9F7B1FD43F2704149F27040F9F7E7
:10C9A00091FD294643F27040F9F76CFD70BD00BF60
:10C9B000EFF31080704770B505460C460026002D39
:10C9C00066D040F2E31141F20160F9F795FD40F2C3
:10C9D000F31141F20360F9F78FFD40F2F51141F2D6
:10C9E0000460F9F789FD40F2E11141F20560F9F7C1
:10C9F00083FD43F2305149F23050F9F763FD21468F
:10CA000043F23050F9F73EFD04B93AE0002C03DD63
:10CA1000052C01DC012634E0052C03DD0A2C01DCA9
:10CA200002262EE00A2C03DD0F2C01DC032628E071
:10CA30000F2C03DD142C01DC042622E0142C03DD72
:10CA4000192C01DC05261CE0192C03DD1E2C01DC51
:10CA5000062616E01E2C03DD282C01DC072610E03C
:10CA6000282C03DD322C01DC08260AE0322C03DD01
:10CA70003C2C01DC092604E03C2C02DD462C00DCC9
:10CA80000A2606F2E71141F20260F9F735FD21E0CE
:10CA90004FF4F17141F20160F9F72EFD4FF4F97195
:10CAA00041F20360F9F728FD4FF4FA7141F2046096
:10CAB000F9F722FD40F2E71141F20260F9F71CFD9F
:10CAC0004FF4F07141F20560F9F716FD49F230506C
:10CAD000F9F722FB70BDF6F7BFFCFEF7A5FBF9F7EF
:10CAE000D1FEF9F773FEFAF717F8FAF731F8FAF70B
:10CAF0004BF8F9F7BBFFF9F7D7FFFAF763F8F9F747
:10CB0000EFFFF9F787FFF9F739FFF9F75DFFFFF757
:10CB10008BFC01E0FFF72CFEFCE700BF80F31088E0
:10CB200000BF70472DE9F04104460D4616461F46EA
:10CB300064B1222148F20800F9F78AFC3B463246EC
:10CB400029464FF48440F9F759FB04E0002148F2EC
:10CB50000800F9F77DFCBDE8F081000070B50446DF
:10CB60000D46ACB11048807D00B170BD40F255114A
:10CB700041F20740F9F7C0FC43F2204149F220405E
:10CB8000F9F7A0FC294643F22040F9F77BFC09E0C5
:10CB90004FF4AA7141F20740F9F7AEFC49F2204088
:10CBA000F9F7BAFA00BFE0E7040E002010B504461A
:10CBB00034B94FF4B97141F21240F9F79DFC10E01D
:10CBC000012C06D140F2731141F21240F9F794FCA6
:10CBD00007E0022C05D14FF4BA7141F21240F9F787
:10CBE0008BFC10BD10B5044634B940F2751141F20A
:10CBF0001340F9F781FC10E0012C06D14FF4BB7112
:10CC000041F21340F9F778FC07E0022C05D140F21D
:10CC1000771141F21340F9F76FFC10BD10B50446CF
:10CC200034B94FF4BC7141F21440F9F765FC05E0EA
:10CC300040F2791141F21440F9F75EFC10BD00009A
:10CC400010B591EA030F48BF83F0004300F13E8323
:10CC5000841A71EB030C05D2121943EB0C03001B71
:10CC600061EB0C01DFF824E14FEA1154A4EB135CF3
:10CC70001EEA430F18BF9EEA445F73D023EA0E03F7
:10CC8000DCF1200E21EA045143F4801332D322FA5E
:10CC90000CFE10EB0E0023FA0CFE41EB0E01CCF162
:10CCA000200E03FA0EFE10EB0E0051F10001B1F55B
:10CCB000801FCCF1200E32D201EB045112FA0EF299
:10CCC000BDE8104058BF7047401C38BF5FEA4202C1
:10CCD00018BF7047002814BF20F0010041F1000187
:10CCE0004FEA410313F5001F38BF7047A1F1C0415F
:10CCF00000F0DEBA012A43EB0302ACF1200CDCF1B8
:10CD00001F0E32BF4FF0000E23FA0CF310EB03009E
:10CD100041EB0451B4EB115FD0D0A1EB045101F50C
:10CD2000801149085FEA300001EB04510ED350F145
:10CD3000000038BF12FA0EFE08D1BDE81040C9E766
:10CD4000401C38BF5FEA4202CAD1C3E7BDE81040C9
:10CD50004FEA410313F5001F38BF7047A1F1C041EE
:10CD600000F0A6BA9EEA445F08D011EA5E0FBDE863
:10CD7000104004BF01F0004100207047BDE81040A2
:10CD800070B500F047FA00BF64FBBE3E0000E0FF54
:10CD90002DE9C04130B4DFF8A0C23CEA111418BF3D
:10CDA0003CEA131400F0EC8081EA03051CEA11143C
:10CDB00044EAD57418BF1CEA131500F0C780A4EB31
:10CDC00005044FF0004545EAC12145EAC32341EA85
:10CDD000505143EA525304F17F74994204F50034F0
:10CDE0004FEAC0204FEAC22208BF904200F09C8068
:10CDF0004FEA13650FF24016765D4FEA134506FBC6
:10CE000005F7C7F1807706FB07F74FEAD737A7FB8F
:10CE100003687642C8F58038A7FB06CE38BFA8F174
:10CE2000010807FB08E64FF0000EA6FB028CE6FBAC
:10CE300003CEDCF1000CCEF1004E38BFAEF1010E96
:10CE4000A6FB0C584FF000074FF00005E6FB0E87DD
:10CE5000A1FB08C6A0FB07CE16EB0E0645F10005A8
:10CE6000E1FB076515F1E04E7EBFA4F580345FEA73
:10CE700046066D4116F1800745F100054FEA172778
:10CE80004FEA066647EA0567A6F1DE46B6F1805F1F
:10CE90004FEA15251FD9384624F0010C05EBC47163
:10CEA000BCF1FE6F01EB0C1102D8F0BCBDE80081B3
:10CEB00024425CBF01F5801E9EEAC47F02D4F0BC10
:10CEC000BDE80081244238D4F0BCA1F1C041BDE8E6
:10CED000004100F0EDB94FEAD22242EA43524FEA54
:10CEE000D323A7FB02864FEAD02040EA415007FB3C
:10CEF00003661EEA0E0F4FEAD12105FB026658BFFA
:10CF0000A6EB0056B6EB00564FEA520E4EEAC37E31
:10CF100018EB0E0E56EB530EBDD518EB02085E4112
:10CF20007F1C55F10005B6E74FF480154FF0000760
:10CF30004FF000064FF00008ADE7F0BC4FF00000E6
:10CF400001F1C04101F00041BDE8008111EA0C1F70
:10CF50000CEA131500D00CE013EA0C1F00F025803A
:10CF60004FF00000F0BC81EA030101F00041BDE890
:10CF70000081F0BCBDE8004181EA030100F098B9EE
:10CF8000F0BCBDE8004170B500F044F9097EFC3EFC
:10CF900000F007B881EA03014FF0000001F0004102
:10CFA000704781EA030100F083B9F0BCBDE800419D
:10CFB0004FF0000021497047FFFDFBF9F7F5F4F24F
:10CFC000F0EEEDEBE9E8E6E4E3E1E0DEDDDBDAD824
:10CFD000D7D5D4D3D1D0CFCDCCCBCAC8C7C6C5C482
:10CFE000C2C1C0BFBEBDBCBBBAB9B8B7B6B5B4B399
:10CFF000B2B1B0AFAEADACABAAA9A8A8A7A6A5A484
:10D00000A3A3A2A1A09F9F9E9D9C9C9B9A99999847
:10D010009797969595949393929191908F8F8E8EEA
:10D020008D8C8C8B8B8A8989888887878685858477
:10D0300084838382828181800000FF070000F87F63
:10D040004FEA1153A3F58063D3F11E03A8BFD3F1B8
:10D05000200C08DB4FF0004242EAC12252EA505253
:10D0600032FA03F0704709420BD4102BC4BF0020E2
:10D07000704703F5787CBCF1FF3F05D04FF0FF30DF
:10D0800070474FF00000704770B500F0C3F800BF64
:10D090004992248000207047F0E7B0FA80F310FA3C
:10D0A00003F10AD0C3F11D0303F580634FEA415039
:10D0B0004FEA035202EBD12170474FF00000704756
:10D0C000DFF848C170B51CEA111E1EBF1CEA13151B
:10D0D0009EEA0C0F95EA0C0F00F06F8081EA0304C2
:10D0E00023EA4C134EEAD47E21EA4C1141F480111C
:10D0F00043F48013AE44A1FB024CA0FB0365AEF1E8
:10D100007F7E361955EB0C05A1FB034C4CF1000357
:10D11000A0FB021C16EB0C06654153F1000309420B
:10D1200018BF46F0010613F4007F0BD14FEA03311C
:10D130004FEA0530340341EA155140EA16506FF0CA
:10D1400003020AE04FEAC3214FEAC520F40241EA94
:10D15000555140EA56506FF0020202EB2E4201EBAD
:10D16000025585EACE710AD05FEA440C18BF24F05C
:10D17000004450F1000041F1000120EAD47040F277
:10D18000FE7C624500D270BDA84214BF4FF08044BF
:10D190004FF04044002E08BF0024BEF1806FA8BFAE
:10D1A000A1F1C041BDE8704080F282804FF00000E4
:10D1B00001F1C04101F0004170479EEA0C0F0CEAFA
:10D1C000131518BF95EA0C0F06D04FF0000081EA46
:10D1D000030E0EF0004170BD00F01CF88900013E06
:10D1E00000F007B800F009B84FEA430C5FEA5C5C56
:10D1F00008D081EA030100F05BB84FEA410C5FEA16
:10D200005C5CF6D14FF00000014970470000FF0759
:10D210000000F87F0EF1020E2EF0030E5EF8046B94
:10D22000364205D4012A43EB030515F5001F12D839
:10D23000012841EB010C1CF5001F0CD80ED14FEA60
:10D24000D17C15F5001F0CEB4C0C0CF1020C08BF47
:10D250004CEBD37C04E04FF0080C01E04FEAD37CA8
:10D260000CEB4C0526FA05F606F00706B6F1040CA1
:10D2700006D20EEB860CBDE870404CF0010C604706
:10D28000DFE80CF0090B02024FF000414FF0000004
:10D29000A1F5002170BD19461046012851EB01048B
:10D2A00018BFD4F5001484BF002001F0004170BD08
:10D2B0000808A0F500114FEA3101704710B591EA56
:10D2C000030F48BF83F000433FF5C2AC841A71EBF3
:10D2D000030C07D212198CF0004C43EB0C03001B1B
:10D2E00061EB0C01DFF8A4E14FEA1154A4EB135CED
:10D2F0001EEA430F18BF9EEA445F00F0B08023EAA5
:10D300006E03524221EA0451C3EB6E0338BF5B1E29
:10D31000DCF1200E25D322FA0CFE10EB0E0043FAAE
:10D320000CFE41EB0E01CCF1200E03FA0EFE10EBC9
:10D330000E0051F10001CCF1200E29D412FA0EF2A8
:10D3400001EB0451BDE8104058BF7047401C1CBFA2
:10D35000B2F1004F704700280CBF491C20F00100BB
:10D36000704712EB020E43EB030218BF4FF0010EA1
:10D370004EEA4202ACF1200CDCF11E0E54D943FA05
:10D380000CFE10EB0E0051F1FF31CCF11E0ED5D585
:10D390000EF1010E12FA0EFE404141EB010101EBCC
:10D3A000445C5FEA5C5C10D910EBDE7001EB045169
:10D3B00038BFBEF1004FBDE8104018BF70470028CD
:10D3C0000CBF491C20F00100704730D24FEAD42C2A
:10D3D00011F5001124F400641BD0B1FA81F20B3A6C
:10D3E000A41AA41ED2F12003914030FA03F319438A
:10D3F000904001EBCC71002C01EB0451BDE81040D2
:10D40000A8BF704701F1C0414FF0000001F000419A
:10D410007047B0FA80F310FA03F100D110BDE41A9E
:10D42000173C4805C90AE4E701EB045110BD491057
:10D4300001EB0451BDE810404FEA300002E04FF02C
:10D44000000170474A0008BF0042F8D0B2F5001F43
:10D4500028BF704701F000414FF0000070479EEA7E
:10D46000445F07D011EA5E0FBDE8104004BF002101
:10D4700000207047BDE8104070B5FFF7CBFE00BF3D
:10D4800040DFF63E83F00041104670470000E0FFA9
:10D490004FF04070E1EE100A7047000610160006CB
:10D4A000101600000000000000000102030406073F
:10D4B000080900000000010203040000AA010001A5
:10D4C0000000010000BBAA005AA5078200845A018F
:10D4D000000000005AA505820000000000000000C6
:10D4E0005AA50582000000005AA505820000000030
:10D4F000000000005AA50582000000005AA5058220
:10D50000000000005AA50782000000000000000093
:10D510005AA51E825AA500820000000000000000EB
:10D5200040D5000800000020E805000014020008B3
:10D53000D0D70008E8050020201500007002000880
:10D5400041321042011324F432552808C1814001B0
:10D55000C0804104690C2908E918A91C091A30097E
:10D560001638093660092E70092F6000FF00C0C10F
:10D5700001C30302C2C60607C705C5C404CC0C0D0F
:10D58000CD0FCFCE0E0ACACB0BC90908C8D81819BF
:10D59000D91BDBDA1A1EDEDF1FDD1D1CDC14D4D51F
:10D5A00015D71716D6D21213D311D1D010F03031AF
:10D5B000F133F3F23236F6F737F53534F43CFCFD4F
:10D5C0003DFF3F3EFEFA3A3BFB39F9F83828E8E9DF
:10D5D00029EB2B2AEAEE2E2FEF2DEDEC2CE424255F
:10D5E000E527E7E62622E2E323E12120E0A06061CF
:10D5F000A163A3A26266A6A767A56564A46CACAD8F
:10D600006DAF6F6EAEAA6A6BAB69A9A86878B8B93E
:10D6100079BB7B7ABABE7E7FBF7DBDBC7CB474759E
:10D62000B577B7B67672B2B373B17170B0509091EE
:10D63000519353529296565797559594549C5C5DCE
:10D640009D5F9F9E5E5A9A9B5B995958988848495E
:10D65000894B8B8A4A4E8E8F4F8D4D4C8C448485DE
:10D660004587474686824243834181805240140168
:10D670000101B2012910790C01121A0802C128090E
:10D68000FEEFD0B4B8DF6C8B082DB5CDF10F085D7F
:10D69000B2EE7F3D185A9B185A1F18580A4DFEEFDC
:10D6A000B6C1B8DF3E84082A94081CB5CDA348391A
:10D6B000082A10085DB2EE4229083228101C9E2468
:10D6C000340C22081906E104D903ED023702DF0108
:10D6D0009F0167013C011B01E312BC12A2128D12D3
:10D6E0007D126F1266125D12561A4F02011612BB9E
:10D6F00012AD1F01FFAD7EBB0108113BAF7E1011C3
:10D700001AAE0812B64D020A28EA094C03E8A3092A
:10D710004C012CE509215AB8121AF43D1119911A3D
:10D72000280712271E0322FFFF4A0A12074C010393
:10D730000B084B020A084B0109084B040C081B0696
:10D740000E081AAB6E1AAC7E12FF4C011011081AAB
:10D75000093029081B1516081AB620196A1A013053
:10D76000112940123942091980112A0668591032CC
:10D77000010B11084B20124942192A0320011029DC
:10D78000B2120C43072312601A960E1A1139D46094
:10D79000737E195B7AFF0151390649054911598198
:10D7A00089332901992C01447961B96A710F1624D2
:10D7B00004161345201E01181B0C282E1301010E00
:10D7C000B1010304010C2C120112FF0326FFFF001C
:04000005080001D915
:00000001FF
