:020000040800F2
:10000000A00D022079030008A9B000088997000814
:1000100055AE00080D1B00083D0E01080000000051
:10002000000000000000000000000000B90200080D
:10003000E72400080000000015030008F1EC0008A8
:100040009303000893030008930300089303000838
:10005000930300089303000893030008592600083F
:100060009303000893030008632600086D2300082B
:100070007D2300088D2300089D23000893030008BA
:10008000AD230008930300089303000893030008BE
:100090009303000893030008930300086D260008EB
:1000A00093030008DDED0008D5ED00089303000878
:1000B00093030008930300089303000893030008C8
:1000C00093030008930300089303000893030008B8
:1000D00093030008CD090108DD090108ED090108B5
:1000E0004D260008930300089303000893030008BB
:1000F00093030008FDED0008930300089303000834
:100100009303000893030008930300089303000877
:10011000FDF000080DF10008EDED00089303000864
:1001200093030008BD230008CD23000893030008B3
:100130009303000893030008930300089303000847
:100140009303000893030008930300089303000837
:10015000930300089303000893030008FD090108B6
:100160009303000893030008930300089303000817
:100170009303000893030008000000000000000043
:1001800093030008930300081DF10008930300087F
:100190009303000893030008000000009303000885
:1001A0009303000893030008000000000000000013
:1001B0009303000800000000000000009303000803
:1001C00093030008930300089303000893030008B7
:1001D000930300089303000800F002F800F05CF8B5
:1001E0000AA090E8000C82448344AAF10107DA4592
:1001F00001D100F051F8AFF2090EBAE80F0013F088
:10020000010F18BFFB1A43F001031847586401009F
:10021000786401000A444FF0000C10F8013B13F021
:10022000070408BF10F8014B1D1108BF10F8015B4F
:10023000641E05D010F8016B641E01F8016BF9D142
:1002400013F0080F1EBF10F8014BAD1C0C1B09D199
:100250006D1E58BF01F801CBFAD505E014F8016B0B
:1002600001F8016B6D1EF9D59142D6D3704700009D
:100270000023002400250026103A28BF78C1FBD8AF
:10028000520728BF30C148BF0B6070471FB516F03A
:100290003BF81FBD10B510BD00F020FA1146FFF766
:1002A000F5FF10F0D6FF00F03EFA03B4FFF7F2FFBF
:1002B00003BC00F045FA00002C4B19680868B0E850
:1002C000F04F80F30988BFF36F8F4FF0000080F389
:1002D000118870470000000008480068006880F33B
:1002E00008884FF0000080F3148862B661B6BFF34F
:1002F0004F8FBFF36F8F00DF00BF00BF08ED00E03E
:10030000DFF80C00016841F470010160704700BF24
:1003100088ED00E0EFF30980BFF36F8F134B1A688D
:100320001EF0100F08BF20ED108A20E9F04F10607A
:1003300009B44FF0500080F31188BFF34F8FBFF323
:100340006F8F12F001FE4FF0000080F3118809BC9E
:1003500019680868B0E8F04F1EF0100F08BFB0EC45
:10036000108A80F30988BFF36F8F70473800002030
:10037000EFF30580704700000948804709480047AF
:10038000FEE7FEE7FEE7FEE7FEE7FEE7FEE7FEE745
:10039000FEE7FEE704480549054A064B70470000A2
:1003A000C1ED0008D9010008A0070220A00D02201D
:1003B000A0090220A009022053EA020C00F0698083
:1003C0002DE9F04B4FF00006002B1FBFB3FA83F569
:1003D00003FA05F424FA05F65E4012BF1643B2FA9A
:1003E00082F502FA05F4C5F120051EBF22FA05FCCC
:1003F00044EA0C04203556EA044C4FEA144418BF72
:10040000641C4FF000084FF00009904271EB030CA0
:1004100039D3002919BFB1FA81F701FA07F6B0FA0A
:1004200080F700FA07F6C7F120071EBF20FA07FC85
:1004300046EA0C062037B6FBF4FCA7EB0507103F95
:1004400007F01F0BCBF120060CFA0BFB2CFA06F67B
:1004500044BFB3460026202FA4BF5E464FF0000BDA
:100460005BEA060C08BF4FF0010B19EB0B09ABFB65
:10047000027C48EB0608C01B06FB02CC0BFB03CC3E
:1004800071EB0C01C1E70B46024641464846BDE808
:10049000F08B13B54FF000004FF00001AFF3008078
:1004A000BDE81C40704740EA010310B59B070FD11F
:1004B000042A0DD310C808C9121F9C42F8D020BAD4
:1004C00019BA884201D9012010BD4FF0FF3010BD8C
:1004D0001AB1D30703D0521C07E0002010BD10F85A
:1004E000013B11F8014B1B1B07D110F8013B11F820
:1004F000014B1B1B01D1921EF1D1184610BD40EAE1
:100500000103024630B59B0710D14FF0013400E0E3
:1005100008C208C91D1B9D4315EAC41FF8D013F07B
:10052000FF0102F8011B0DD01B0AF8E711F8013B8F
:10053000002B02F8013B05D011F8013B002B02F81B
:10054000013BF3D130BD032A40F2308010F0030CA0
:1005500000F0158011F8013BBCF1020F624498BF16
:1005600011F801CB00F8013B38BF11F8013BA2F1B3
:10057000040298BF00F801CB38BF00F8013B11F02E
:10058000030300F02580083AC0F0088051F8043BCE
:10059000083A51F804CBA0E80810F5E7121D5CBF3B
:1005A00051F8043B40F8043BAFF30080D20724BF6E
:1005B00011F8013B11F801CB48BF11F8012B24BF02
:1005C00000F8013B00F801CB48BF00F8012B704751
:1005D00010B5203AC0F00B80B1E81850203AA0E8DE
:1005E0001850B1E81850A0E81850BFF4F5AF5FEA12
:1005F000027C24BFB1E81850A0E8185044BF18C9C5
:1006000018C0BDE810405FEA827C24BF51F8043B6B
:1006100040F8043B08BF7047D20728BF31F8023BBF
:1006200048BF11F8012B28BF20F8023B48BF00F853
:10063000012B704702F0FF0343EA032242EA024221
:1006400000F002B84FF000020429C0F0128010F050
:10065000030C00F01B80CCF1040CBCF1020F18BF9E
:1006600000F8012BA8BF20F8022BA1EB0C0100F031
:100670000DB85FEAC17C24BF00F8012B00F8012B04
:1006800048BF00F8012B70474FF0000200B5134639
:1006900094469646203922BFA0E80C50A0E80C50A2
:1006A000B1F12001BFF4F7AF090728BFA0E80C5053
:1006B00048BF0CC05DF804EB890028BF40F8042B4C
:1006C00008BF704748BF20F8022B11F0804F18BFB9
:1006D00000F8012B7047704770477047754600F06F
:1006E0002BF8AE4605006946534620F007008546C4
:1006F00018B020B5FFF74EFEBDE820404FF00006D1
:100700004FF000074FF000084FF0000B21F00701F9
:10071000AC46ACE8C009ACE8C009ACE8C009ACE83C
:10072000C0098D46704710B50446AFF300802046DF
:10073000BDE81040FFF7B9BD004870473C070220F4
:1007400001491820ABBEFEE72600020070470000FA
:1007500010B518210148FFF797FF10BDEC77012075
:10076000F0B504460D461046002114E0675C80EAAF
:10077000072000260CE000F400471FB183EA400781
:10078000B8B203E04FF6FF7707EA4000771CFEB2ED
:10079000082EF0D3491CA942E8D3F0BD0146034816
:1007A000814201D1012070470020FCE7F47901204B
:1007B000014609B1012070470020FCE72DE9FE4306
:1007C00081460E46174698460A9D01203349087017
:1007D000084646808780C580FF2008720020C860D8
:1007E000B9F1000F03D0484604F049FF00E00020B3
:1007F0002A490861002048613146484600F0E1FA84
:100800000446C4B12146484600F0F8F938B14846DC
:1008100000F0CCF93146484600F0D3FA04463B4696
:10082000324601214846CDE9005400F001FA14B1E6
:100830000020BDE8FE83642010233A463146CDE90E
:1008400000850290484605F0E3F80446CCB1214605
:10085000484600F0D3F9A0B1484600F0A7F9314668
:10086000484600F0AEFA58B9642010233A463146A3
:10087000CDE900850290484605F0CAF8044600E03C
:1008800002243B46324601214846CDE9005400F09F
:10089000CFF90CB90120CCE70020CAE7EC770120A2
:1008A0002DE9FE4381460E46174698460A9D0220D2
:1008B00033490870084646808780C580FF2008724B
:1008C0000020C860B9F1000F03D0484604F0D7FEFD
:1008D00000E000202A49086100204861314648466E
:1008E00000F06FFA0446C4B12146484600F086F98C
:1008F00038B1484600F05AF93146484600F061FAEE
:1009000004463B46324602214846CDE9005400F0F9
:100910008FF914B10020BDE8FE83642010233A460D
:100920003146CDE900850290484605F0F5F90446C8
:10093000CCB12146484600F061F9A0B1484600F02C
:1009400035F93146484600F03CFA58B96420102386
:100950003A463146CDE900850290484605F0DCF97B
:10096000044600E002243B46324602214846CDE9D7
:10097000005400F05DF90CB90120CCE70020CAE773
:10098000EC770120024600230AB9002070470021BD
:1009900004E0505C184483B2481CC1B21E29F8D34D
:1009A0001846F3E701464FF6FF7000EA4110704722
:1009B0002DE9F04188B006460D4600271DB90020FC
:1009C00008B0BDE8F081012419E026B1694620464F
:1009D00000F0B4F803E06946204600F0A3F8804632
:1009E000B8F1000F01D10020EAE7E819202269469A
:1009F000FFF7A9FD07F1200087B2601C84B2082C24
:100A0000E3D30120DCE72DE9F84380460D46164686
:100A10001C464046FFF7CCFE20B11EB1B5F5805F05
:100A200000DA14B90020BDE8F8832819B0F5805F1A
:100A300001D90020F7E715E0402C01D9402000E063
:100A40002046074633462A46A02140460097FFF736
:100A5000B5FE08B90020E6E7E81985B23E44E01B80
:100A600084B200BF002CE7D10120DCE770B504465A
:100A70000D46164633462A4621460248FFF7C3FF75
:100A800070BD0000F479012070B504460D4616468D
:100A900033462A4621460248FFF7B5FF70BD0000E5
:100AA000487A01202DE9F04106460C4615460DB165
:100AB000802C02DB0020BDE8F0814FF6FF7000EAD9
:100AC00044172EB1202229463846FFF7DDFFF2E712
:100AD000202229463846FFF7C9FFECE7F8B506465D
:100AE0000D4614463046FFF763FE10B10CB1802D61
:100AF00001DB0020F8BD2846FFF754FF0746202001
:100B000023463A46A02100903046FFF757FE08B929
:100B10000020EFE7204600F041F908B90020E9E79E
:100B20000120E7E770B504460D462A4621460248F3
:100B3000FFF7D4FF70BD0000F479012070B50446C2
:100B40000D462A4621460248FFF7C8FF70BD000047
:100B5000487A012038B505460C461CB12846FFF7F7
:100B600027FE08B9012038BD10202346C201B0215C
:100B700000902846FFF722FE08B90220F3E7002084
:100B8000F1E7000010B5044621460248FFF7E2FFF6
:100B900010BD0000F479012010B50446214602483A
:100BA000FFF7D8FF10BD0000487A012010B50446B9
:100BB0002046FFF7FDFD00B910BD2046FFF7EEFD12
:100BC00028B10C4804F03AFD09F088FF0DE00A480E
:100BD000844204D104F032FD09F09EFF05E0204676
:100BE00004F02CFD204604F04FFD022004F024FB0D
:100BF00000BFE1E7F4790120487A012070B506468C
:100C00000C463046FFF7D4FD08B9002070BD3046D1
:100C100004F032FD0546022C01D0032C01D1012045
:100C2000F4E705F0200008B10120EFE70020EDE730
:100C30002DE9F04704460D4616461F46DDE90889B2
:100C40000C48057046808780A0F8068080F80890E0
:100C50001CB1204604F010FD00E000200549C860EA
:100C60001CB1204604F00BFD00E000200149486162
:100C7000BDE8F087EC7701202DE9F04781460C466E
:100C800014B90120BDE8F08720212046FFF7DAFCE7
:100C9000384A00214846FFF705FF08B90220F1E76E
:100CA000344800F07BF808B90320EBE731480168CD
:100CB000216140686061B9F1000F05D02046FFF75F
:100CC0006BFF38B10420DDE72046FFF75BFF08B17A
:100CD0000420D7E728494846FFF76AFE08B90520EF
:100CE000D0E7102221462548FFF72DFCE0222249BB
:100CF00022481030FFF727FC41F221034FF6FF7224
:100D0000F0211E48FFF72CFD054648F205034FF67B
:100D1000FF72F0211948FFF723FD064643F665539D
:100D20004FF6FF72F0211548FFF71AFD07464AF209
:100D300097034FF6FF72F0211048FFF711FD804630
:100D40002812207665763112A176E676391221775F
:100D500067774FEA2821A17784F81F80082204F1E1
:100D6000180104F11000FFF79EFB08B1062089E787
:100D7000002087E7047801202478012004790120ED
:100D800010B5044621460020FFF776FF10BD10B5D0
:100D9000044621460120FFF76FFF10BD70B50446E1
:100DA0000CB9002070BD2046FFF7ECFD0546E07F42
:100DB000A17F40EA0126B54201D10120F2E70020DF
:100DC000F0E770B504460D462046FFF7F1FC08B980
:100DD000012070BD642303222946204604F03CFD17
:100DE000F7E72DE9F0418AB007460C46154638462C
:100DF000FFF7DEFC10B10DB1802C03DB00200AB040
:100E0000BDE8F0812022294602A8FFF79CFB02A83A
:100E1000FFF7B8FD064630128DF82600F0B28DF8C7
:100E200027002046FFF7BEFD8046202002AB424649
:100E3000A02100903846FFF733FD08B90020DEE717
:100E4000052004F0F9F90120D9E7000070B5044647
:100E50000D462A4621460248FFF7C3FF70BD000039
:100E6000F479012070B504460D462A462146024811
:100E7000FFF7B7FF70BD0000487A012010B50446A7
:100E80000DF0CCFD10BD000010B504461CB141F2C0
:100E90008800005900B910BD1648006838B14FF0FD
:100EA000FF311448006812F02FFE012800D0F2E74D
:100EB0000121204600F04CF941F288000159002040
:100EC00088470021204600F043F9207A48B111F00C
:100ED00025FD00206072606011F04AFD204600F0A0
:100EE0009DF900231A4619460248006812F0A6FA36
:100EF00000BFD0E78C00002010B51248006800B198
:100F000010BD1149012012F04FF90E490860084642
:100F1000006810B900200D4908600A48006808B14F
:100F2000012000E0002050B900BF502080F311885C
:100F3000BFF34F8FBFF36F8F00BF00BFFEE700BF4F
:100F4000DEE700008C0000204050002098000020C8
:100F5000F0B50446002017A504B101B9F0BD5AB19F
:100F600005E012F801CB0646401C04F806C01678CE
:100F700016B1461C8E42F4D35BB105E013F801CBE9
:100F80000646401C04F806C01E7816B1461C8E4268
:100F9000F4D305E015F801CB0646401C04F806C062
:100FA0002E7816B1461C8E42F4D30026265400BF7C
:100FB000D4E7000020402025753A253032752E25D3
:100FC0003033752E253033750000000010B5094808
:100FD000007800F0010018B107480068406800B9C7
:100FE00010BD0648006818B9044905A014F0EEFCCD
:100FF00000BFF5E7480700204007002094000020CC
:10100000536F66745461736B000000002DE9FF4F4D
:1010100087B04FF0000AD34600200590049007984F
:1010200028B1089818B1099808B10A9818B9002091
:101030000BB0BDE8F08F4248D0F804A041480068EA
:101040004069504507D93F480068C068401C3D4989
:101050000968C86000E000BF3A480068C0F814A002
:10106000002098B937480068D0F80CB0002068B963
:101070003448006880680490002038B9314800681E
:1010800040680590002008B9049808B90020CFE70F
:10109000059810B90020012101E000210598804643
:1010A000894600224046ABFB003C02FB08C00BFB1C
:1010B000090013EB0A0440EB02052349A4FB0103DA
:1010C00005FB013104FB0211CDE900010023049A64
:1010D000FFF772F9CDE902011C4A0023DDE90201A4
:1010E000FFF76AF907990860184A0023DDE9020151
:1010F000FFF762F916461F46134A00233046394669
:10110000FFF75AF9089908600F4A0023304639461C
:10111000FFF752F916461F464FF47A720023304605
:101120003946FFF749F9099908604FF47A720023AC
:1011300030463946FFF740F90A980260012077E708
:10114000001000E05007002040420F00008793038A
:1011500070B504460D4604B970BD1DB141F2700072
:10116000005902E041F2740000590146204600F0A7
:1011700011F800BFF0E710B5044604B910BD2046D1
:1011800000F088F841F278000159204600F002F89A
:1011900000BFF3E770B588B004460D462E46002028
:1011A00007900690059004900CB908B070BD1848DF
:1011B000007800F0010018B116480068406800B9D6
:1011C000F3E7204600F066F8FFF700FF06B9ECE70A
:1011D00011480068D0B104AB05AA06A907A8FFF71B
:1011E00015FF68B1DDE905210498CDE900120290F0
:1011F00032460948079B01689C2013F0A7FE05E0D2
:10120000324605480168982013F06AFD00BFCCE71C
:1012100048070020400700209400002010B5044635
:1012200004B910BD204600F035F841F284000159A0
:101230002046FFF7AFFF00BFF3E710B5044604B93F
:1012400010BD204600F026F841F27C0001592046EE
:10125000FFF7A0FF00BFF3E770B596B005460E4656
:101260001446002015901DB116B10CB1206808B1CC
:1012700016B070BD33462A46502101A8FFF768FE1C
:1012800015A901A814F0A2FB08B91598206000BFA9
:10129000EEE7000010B50446CCB1E068B8B141F209
:1012A00070000059A0B141F27400005980B141F2C0
:1012B0007800005960B141F27C00005940B14FF410
:1012C0008450005920B141F28400005900B110BD92
:1012D0001B48007800F0010018B11A480068406807
:1012E00000B9F4E7FFF772FE41F27800221816A069
:1012F000E168FFF7B1FF41F27C00221814A0E16819
:10130000FFF7AAFF04F5845213A0E168FFF7A4FFDA
:1013100041F28400221812A0E168FFF79DFF41F21C
:101320007000221812A0E168FFF796FF41F27400E6
:10133000221811A0E168FFF78FFF00BFC7E7000088
:1013400048070020400700204352454154452000F3
:10135000535441525420000053544F502000000079
:101360004F4E4553484F545F53544F502000000098
:10137000424547494E200000454E442000000000F1
:1013800010B5002411F0CAFA0848007818B90120F5
:1013900006490870012411F0EBFA2CB140F2DC5040
:1013A00011F0FEFB0DF062FE10BD00009000002069
:1013B00008B505462C4612F0D3FD00900CB1012073
:1013C00000E0002050B900BF502080F31188BFF327
:1013D0004F8FBFF36F8F00BF00BFFEE7FFF7D0FF57
:1013E00000BF3CB1607A28B141F28800005908B1D1
:1013F000206860B90CB10020606012F0B1FD00906F
:10140000012000F01AF8064611F0CAFBE9E720684F
:1014100000F013F806463146684611F0F3FB607A97
:1014200050B141F28800005930B1206820B100204D
:1014300060602046FFF728FDD3E701464FF47A723B
:101440004A434FF47A73B2FBF3F000B901207047BE
:1014500010B50FF0F5FC10BD10B50446442C00D0BB
:1014600010BD0E480078012800D1F9E70B4800793B
:10147000012800D1F4E70948407A012802D10CF094
:101480003DFD08E00548407A022803D101200CF018
:1014900041FD00E0E4E700BFE2E700007C660120D8
:1014A0001CB53F480068002834D03EA3002269469E
:1014B0003B48006808F0B2FC01282AD19DF80000E2
:1014C000012809D19DF801003A49087000203A49E5
:1014D00008703A4908801CE09DF80000022809D1F4
:1014E0009DF80200344908700020344908803149D1
:1014F00008700EE09DF8000003280AD19DF8020054
:101500002D490870BDF804002C49088000202949A5
:10151000087000BF2748007880B12748007868B974
:10152000402027498861642011F03AFB4FF4800085
:101530002349886100201F4908702FE01E48007869
:1015400028B32048007830B901201E490870402097
:101550001B49886106E000201A4908704FF480009A
:101560001749886115480088C0B114480088401E9A
:10157000124908800846008880B900200E4908708A
:10158000104908704FF480000D49886106E04FF45F
:1015900080000B49886100200A4908701CBD0000CA
:1015A000A0000020426565704D73675175657565D3
:1015B00000000000A5000020A6000020A8000020D8
:1015C00000000240A400002010B50446FFF768FFA9
:1015D00010BD000010B504A20621052008F0FCFB98
:1015E0000549086010BD0000426565704D73675184
:1015F0007565756500000000A000002000B587B08B
:10160000142102A8FFF740F800BF002001908D4888
:10161000006840F001008B4908600846006800F04F
:101620000100019000BF00BF00BF002001900846EC
:10163000006840F0020008600846006800F0020000
:10164000019000BF00BF00BF002001900846006865
:1016500040F0040008600846006800F004000190B3
:1016600000BF00BF00BF002001900846006840F0A6
:10167000080008600846006800F00800019000BFFC
:1016800000BF00BF002001900846006840F0100035
:1016900008600846006800F01000019000BF00BF1D
:1016A00000BF002001900846006840F080000860FC
:1016B0000846006800F08000019000BF00BF0122D2
:1016C0000915614803F0AEFF4FF4806002900120DD
:1016D000039004900020059002A95B4803F09EFE51
:1016E00000224021594803F09DFF40200290012034
:1016F000039004900020059002A9544803F08EFE48
:1017000030200290112003900020049002200590C8
:1017100002A94F4803F082FE4FF4005002901120BE
:101720000390002004900220059002A9494803F08C
:1017300075FE4FF480500290112003900020049019
:101740000220059002A9434803F068FE1C20029085
:10175000002003900120049002A93E4803F05EFEA1
:1017600003200290002003900120049002A9394830
:1017700003F054FE4FF480500290002003900120AB
:10178000049002A9324803F049FE4FF44050029001
:10179000002003900120049002A92B4803F03EFE94
:1017A0004FF44070029001200390049000200590B7
:1017B00002A9274803F032FE4FF440700290012046
:1017C000039004900020059002A9204803F026FE13
:1017D0000122D103204803F025FF4FF4004002907E
:1017E0000120039000200490059002A91A4803F0FC
:1017F00015FE022002904FF4041003900120049083
:1018000002A9144803F00AFE4FF4806002904FF4DE
:10181000041003900120049002A90D4803F0FEFD7E
:1018200000220521072004F0D5FC072004F0BEFCAF
:1018300000220521282004F0CDFC282004F0B6FC6D
:1018400007B000BD303802400010024000000240E6
:1018500000080240000C02400004024070B5C6B00F
:10186000002500244FF4807106A8FEF70DFF182113
:101870006846FEF709FF002606A80FF0D1F8C5B2AA
:101880000B2D01DA46B070BD002452E006A8005DC1
:10189000AA284CD106A908190A2100F067F90646C2
:1018A00006A904F10A00095C06AA401C105C01EBC1
:1018B0000020B0423BD106A908190C22694600F06D
:1018C00047F99DF805009DF8041040EA01201C49E5
:1018D00008839DF809009DF8081040EA0120184986
:1018E00048839DF8070010B909F024FB08E09DF833
:1018F000070009F073FB00200BF094FB09F096FB46
:101900009DF80100062809D2DFE800F0080304056D
:10191000060704E003E002E000BF00E000BF00BFF4
:101920000F216846FEF7B0FE04F10C00C4B2601C43
:10193000C4B2A5F10B00A042A8DC00BFA2E70000E2
:101940007C660120FEB504460D4616461F46134A26
:1019500007CA8DE807000B2168460FF0B1F8022096
:101960008DF80600052000F0BFFD0B2168460FF042
:10197000A7F8052000F0B8FD02208DF801000B212A
:1019800068460FF09DF8052000F0AEFD01208DF8AF
:1019900006000B2168460FF093F8FEBDF4640108C1
:1019A00070B504460D462946204603F029FE70BD59
:1019B00070B504460D462946204603F021FE70BD51
:1019C00070B504460D46164632462946204603F0B9
:1019D00029FE70BD70B50546284600F023F8044680
:1019E0000CB9012070BD204605F05CFAFAE770B52D
:1019F0000546284600F016F804460CB9012070BDD3
:101A0000204605F021FBFAE770B50546284600F0B0
:101A100009F804460CB9012070BD204605F0CFFA44
:101A2000FAE7000001460B2917D2DFE801F016069D
:101A3000080A0C0E101216161400094870470948BF
:101A4000FCE70948FAE70948F8E70948F6E70948D2
:101A5000F4E70948F2E70948F0E70020EEE7000064
:101A600088520020D052002018530020B05100208E
:101A7000F85100206053002040520020F053002015
:101A800070B506460D463046FFF7CCFF04460CB94C
:101A9000012070BD6560204605F06AFCF9E72DE97C
:101AA000F04105460E4617462846FFF7BBFF0446A1
:101AB00014B90120BDE8F0813A463146204606F0CF
:101AC00061F9F7E700B503461846FFF7ABFF02469A
:101AD0000AB1D06B08B9002000BDD06B0068406827
:101AE000FAE72DE9F04105460E4617469846284686
:101AF000FFF798FF044614B90120BDE8F081434682
:101B00003A463146204606F055F9F6E700BFFEE7B3
:101B100010B500F021FA10BD10B520210348FEF7E2
:101B2000B3FD20210248FEF7AFFD10BD9C660120E9
:101B3000BC66012010B544210348FEF7A5FD4421F1
:101B40000248FEF7A1FD10BDE465012028660120D2
:101B500010B503460C46002100BF03E0585C6054FA
:101B6000481C81B29142F9DB104610BD70B50246A7
:101B70000D46FF21FF23002409E012F8010B80EA43
:101B800003040748005D80EA01030648015D281E42
:101B9000A5F10106B5B2F0D143EA012070BD000005
:101BA0004A0100204A02002010B503460C460021DD
:101BB00000BF02E06354481C81B29142FADB104638
:101BC00010BD00003EB5012000F0F6F804460020EC
:101BD000009001900290012000F09CF908B90020CB
:101BE0003EBD0CB900F070F901200C49C872032009
:101BF0000873887201200A498870002088718DF866
:101C000000006A46012112200CF0E0F90AF0ECFD18
:101C1000012108460AF03AFE0120E1E77C66012036
:101C20006C66012003490978814202D10021014AF2
:101C300011707047FF03002010B50446012C00D13D
:101C400010BD00F0A3F800B1FAE72046FFF7EAFF65
:101C500000BFF5E70020014908707047FF0300202E
:101C600010B500240D48407A012802D10C480479AF
:101C700005E00A48407A022801D10A480479012C7B
:101C800001D0022C01D1204610BD0449087A0AF087
:101C900018FD08B10220F7E70020F5E77C66012077
:101CA0009C660120BC6601200146012901D1022069
:101CB0007047022901D10420FAE7042901D1032049
:101CC000F6E7032901D10120F2E70020F0E7014601
:101CD00001290DD002290BD0032909D0042907D0EE
:101CE000072905D0082903D0092901D00A2901D1E3
:101CF00000207047272909D0282907D0292905D095
:101D00002A2903D02B2901D02C2901D10020F0E76A
:101D100013290DD014290BD0152909D0162907D065
:101D2000172905D0182903D0442901D0452901D10C
:101D30000120DEE70020DCE710B5044600F090F853
:101D40000948007808B9002010BD07480078A04273
:101D500001D10020F8E704480078012800D1F3E71A
:101D600000F014F8F0E70000FF03002005480078B9
:101D7000012804D10448C07A08B10120704700202E
:101D8000FCE70000FF0300207C66012010B504483A
:101D90000078012800D110BD00F004F8FBE7000036
:101DA0007C6601200348008B08B1012070470020A9
:101DB000FCE700007C660120014604480078884268
:101DC00001D1012070470020FCE70000FF03002044
:101DD0000146012905D0022903D0032901D0042995
:101DE00001D1012070470020FCE710B500F038F861
:101DF00010BD00000EB50020009001900290154823
:101E0000007801280AD000201349C872134988704D
:101E10006A46002112200CF0D9F80EBD00F054F8EB
:101E200000200D49C87208730C498870FFF718FF2D
:101E3000094988720120FFF7F5FE6A460021122049
:101E40000CF0C4F80AF0D0FC002101200AF01EFDBD
:101E500000BFE2E7FF0300207C6601206C660120E2
:101E600010B508480078012800D110BD0548007859
:101E700000B9FAE7FFF78AFF10B90020014908709E
:101E800000BFF2E7FF03002070B504460D46204670
:101E9000FFF70AFF0646052C01D1002070BD012086
:101EA000FFF78AFF48B1032C01D1262D03D0042C63
:101EB00003D13F2D01D10020F0E70EB90020EDE75E
:101EC0003046FFF739FFE9E710B500200D490870EB
:101ED000C8810D4948718871C8700871C87108724D
:101EE00048720873487309494870087148808881AE
:101EF000074948700871488088810AF003FD0AF09C
:101F00000BFD10BD7C6601206C660120DC660120A3
:101F10000467012010B504462046FFF759FF08B9B1
:101F2000002010BDFFF79CFF0A480078A04201D1B5
:101F30000120F6E707480078012801D10020F0E7EA
:101F4000FFF724FF08B10020EBE7024804700120EE
:101F5000E7E70000FF03002010B50E210348FEF75D
:101F600093FB034800210160416010BD6C660120B5
:101F7000F70300203EB50446002000900190029037
:101F800060480079012800D13EBDA4F13A0008283C
:101F900027D2DFE800F004274A75A0B4052800BF67
:101FA00058480078012800D1EEE75648807A012889
:101FB00003D05448007B032800D1E5E701205149B4
:101FC00088720846407A012802D14F49087106E01C
:101FD0004C48407A022802D101204C4908710AF08D
:101FE00003FC8CE000BF47480078012800D1CBE714
:101FF0004448807A022803D04248007B032800D15D
:10200000C2E702203F4988720846407A012803D17E
:1020100002203D49087105E03A48407A022801D182
:102020003A4908710AF0E0FB69E036480078012877
:1020300000D1A9E70320FFF76DFF00B9A4E7032053
:102040003049087388720846407A012803D103207A
:102050002D49087106E02B48407A022802D103205E
:102060002A49087101208DF800006A4601211220DA
:102070000BF0ACFF0120234908700AF0B5FB3EE0ED
:1020800020480078012800D17EE70320FFF742FFB7
:1020900000B979E703201B49087388720846407A23
:1020A000012803D103201849087106E01548407A39
:1020B000022802D103201549087101208DF8000083
:1020C0006A46012112200BF081FF01200D490870A2
:1020D0000AF08AFB13E000200A490870C8810873DF
:1020E000FFF7BEFD074988726A46002112200BF0F7
:1020F0006DFF0320FFF7A0FD0AF076FB00BF00BFD5
:1021000000BF41E77C6601209C660120BC6601207F
:1021100030B502460B464FF6FF70002112E0545CCA
:10212000604000240AE000F0010525B14AF20105F3
:1021300085EA600000E04010651CECB2082CF2D388
:102140004C1CA1B29942EADB30BD70B50446207840
:10215000AA2802D16078552801D0002070BDA0784F
:10216000022805D1E078012802D120790C2801D07D
:102170000020F3E7E07C552802D1207DAA2801D079
:102180000020EBE704F1110000F086F806460F216D
:10219000A01CFFF7BDFF0546AE4201D10120DDE7DF
:1021A0000020DBE7014621B1082904D0092906D126
:1021B00003E0022070470320FCE70120FAE700203B
:1021C000F8E7000070B506460D4630460CF0AEF854
:1021D00000B970BD06EB460000EBC600174901EBE5
:1021E0004004607D28B9AA2D02D1257001206075B8
:1021F000EFE7607D012809D1552D07D0AA2D00D128
:1022000000E000206075AA202070E2E7617D481C94
:1022100060756554607D152800D2DAE72046FFF727
:1022200094FF30B12146304600F048F80020607538
:1022300002E0204600F004F800BFCAE7C89B012076
:1022400010B50023012116E0425CAA2A11D14A1CD4
:10225000825C552A0DD1427D521AD3B2002204E08D
:102260008C18045D8454541CE2B29A42F8DB437526
:1022700010BD4A1CD1B2447D4A1C9442E4D8417D31
:10228000491E415CAA2903D1017001214175EFE784
:102290000021417500BFEBE7014608784A7840EA23
:1022A00002207047014608784A7840EA02208A787E
:1022B00040EA0240CA7840EA026070472DE9FE4FCA
:1022C00006460D46A81DFFF7EDFF824605F10A0000
:1022D000FFF7E8FF834605F10E00FFF7DDFF0290F0
:1022E000287C01900198FFF75DFF07460EB91D4C51
:1022F00005E0012E01D11C4C01E0BDE8FE8F10F07D
:102300000DFBB4F8088094F80090C4F818A0C4F845
:1023100020B00298A0832781687984F824000FB147
:10232000012000E000202070207808B1002002E0A9
:10233000A07D401CC0B2A075B84502D120784845A8
:1023400001D0012000E00020009010F011FB009867
:1023500028B116B90AF0E0FA01E00AF0D3FA00BF9A
:10236000CBE7000004670120DC66012010B50248BD
:1023700002F082FD10BD00009854002010B5024804
:1023800002F07AFD10BD00001856002010B502487A
:1023900002F072FD10BD00003854002010B5024854
:1023A00002F06AFD10BD0000F854002010B502488C
:1023B00002F062FD10BD0000B855002010B50248C3
:1023C00002F05AFD10BD00007856002010B50248FA
:1023D00002F052FD10BD000058550020014608785B
:1023E00010381823B0FBF3F20848805CC865032A54
:1023F00005D908686FF30900001D886503E00868C7
:102400006FF309008865886D70470000126301084A
:10241000014600208A6A8B69CBB932B1012A0DD0FE
:10242000022A03D0032A10D10EE000BFCB6A03F0CA
:102430008073B3F1807F00D1012007E0CB6AB3F154
:10244000C07F00D1012001E000E000BF34E08B69D3
:10245000B3F5005F1AD132B1012A07D0022A03D0A6
:10246000032A11D10AE000BF01200EE0CB6A03F07D
:102470008073B3F1807F00D1012006E0CB6AB3F115
:10248000C07F00D1012000E000BF15E032B1012A79
:1024900005D0022A04D0032A0CD103E000BF00BFFC
:1024A000012008E0CB6A03F08073B3F1807F00D194
:1024B000012000E000BF00BF704730B50468246809
:1024C00024F4802405682C60046863608468402CD0
:1024D00004D10468A2600468E16003E00468A160BC
:1024E0000468E26030BD704770B50446002507E01F
:1024F00007F050FC40F2DE3000F006F8681C85B2B0
:10250000A542F5DB70BD000000210022054B1B68D1
:102510005A6203E0034A1268526A91B28142F9DBBF
:1025200070470000D850002010B50446424800789B
:10253000012803D040480079012800D110BD222C89
:102540002FD008DC0B2C0FD00C2C29D00D2C42D016
:10255000212C61D109E0232C3ED0352C06D0362C1D
:1025600020D0372C58D138E000BF00BF3248407A25
:10257000012808D100203149C8812F4988822F487D
:10258000C08808820BE02C48407A022807D100203E
:102590002B49C881284988822948C08808823BE0A5
:1025A00000BF00BF2448407A012807D12349C881D1
:1025B000214988822148008908820BE01E48407A20
:1025C000022807D101201E49C8811B4988821C4866
:1025D0000089088220E000BF00BF1749087A0AF08E
:1025E0008AF800B9AAE71448407A012808D10220E5
:1025F0001249C881104988821048408908820AE03F
:102600000D48407A022806D10D49C8810A498882BE
:102610000B484089088200BF00BF0748407A012864
:1026200003D00548407A022803D10349487A0AF0CA
:102630007DF900BF82E700007C6601209C660120D6
:10264000BC66012010B507F079FB10BD10B54FF442
:10265000806002F0D5FE10BD10B5022002F0D0FE61
:1026600010BD10B5102002F0CBFE10BD10B54020FB
:1026700002F0C6FE10BD72B600BFFEE72DE9F043C2
:1026800085B004460D4616461F46DDE90C892346F3
:10269000FF22DD2101208DE8E00300F003F805B002
:1026A000BDE8F0832DE9FF4F81B080468946924610
:1026B000DDF848B0DDE90F542CB1BBF1000F02D0BA
:1026C0002DB10E9818B9012005B0BDE8F08F862D08
:1026D00001D90220F8E705F1100086B21198B04246
:1026E00001DA0220F0E716480068206084F80480D0
:1026F0003146601D01F04AFB84F8079084F808A079
:10270000049860722DB12A4604F10A000E99FDF773
:102710001AFFA81D81B2201DFFF728FA009005F1CD
:102720000A0087B2E019009901F030FBB81C204480
:10273000044909680160ABF800600020C4E70000AC
:102740000E640108126401082DE9F04186B00446C8
:102750000D4616461F46DDF8308004B11DB9012034
:1027600006B0BDE8F081FF231A46AA2101208DE8BA
:10277000F001FFF797FFF3E72DE9FC5F82468946FA
:102780001546BAF1000F00D015B90120BDE8FC9F35
:10279000B9F1100F01D20220F8E700275BE00AEB45
:1027A000070004222F4900F010FE00B951E0A9EB08
:1027B000070080B2102801D20220E7E70AEB0704E5
:1027C000601D00F09BFE0646102E01D3962E01D907
:1027D0000320DBE7A9EB070080B2B04201DA022058
:1027E000D4E7311F081904221F4900F0EEFD08B993
:1027F0000420CBE7A6F110001FFA80F808F10A00C8
:1028000081B20191001F81B2201DFFF7AFF9009046
:102810000199601800F072FE83460098584501D077
:102820000520B3E7207928706E80E0792871207A3E
:102830006871607AA871A5F80880B8F1000F06D019
:10284000424604F10A0105F10A00FDF77CFE002072
:102850009CE7781C87B2A9F1040080B2B8429EDAE6
:10286000012093E70E6401081264010810B50446C4
:1028700000F0BCFD00F036FA01F09AF80648008836
:102880000A300549088008460088642803D30020E0
:10289000088001F009F910BD4A03002038B504464C
:1028A0006179FF2901D1012100E00021084600F0F3
:1028B000F3FA28B961790622042001F0C3F838BD83
:1028C0006079052843D008DC01280FD002281AD0EF
:1028D00003281CD004287AD132E006284BD00728E0
:1028E00052D0082865D0FF287CD178E04548007890
:1028F00028B961790422104601F0A4F8DFE701202D
:1029000001F0BEF974E0002001F0BAF970E03E4831
:10291000007828B961790422104601F093F8CEE7D7
:102920003948808920B9384809F07EFE36498881C7
:102930000120354948700020087109F0EDFF57E08B
:10294000002031494870087109F0E6FF50E000F0BE
:10295000E5FF28B961790322042001F073F8AEE79E
:102960002A48008A2949C8810120087028498871AD
:1029700001F072F93CE0002024490870C881244924
:10298000887101F069F933E02048407A012809D0C4
:102990001E48407A022805D061790322042001F004
:1029A00051F88CE71949487A012211460CF0DEFAF9
:1029B0001EE01648407A01280AD01448407A0228BE
:1029C00006D061790322042001F03CF877E709E0A2
:1029D0000E49487A012200210CF0C8FA08E001F003
:1029E00089F905E061790222042001F02BF866E7FD
:1029F00000BF6079009001226946032000F0BEFF0D
:102A000000BF5CE7DC660120046701207C660120D2
:102A10006C66012010B50446218904F10A0000F01B
:102A200087FC30B900221146BB2000F0A7FF002030
:102A300010BDFFF7C7F830B906220121AB2001F025
:102A400001F80020F4E700F011FE00221146AA2050
:102A500000F094FF0120EBE708B500F075F9FFF7EF
:102A6000C9F9BB20009001226946032000F086FFCF
:102A700008BD10B50446218904F10A0000F058FC95
:102A800030B900221146FF2000F078FF002010BD71
:102A900000221146FE2000F071FF0120F7E7000040
:102AA00038B50446FFF762F928B961790622022099
:102AB00000F0C8FF38BD6079012802D06079022893
:102AC0000DD13848407A012809D03648407A02288A
:102AD00005D061790322022000F0B4FFEAE76079B3
:102AE000012805D06079032802D0607904280ED12E
:102AF0002089022805D261790122022000F0A2FF7C
:102B0000D8E704F10A0000F0FFFC05461CE06079FC
:102B1000022813D12089012801D1A57A14E0208947
:102B2000022805D304F10A0000F0EEFC05460BE094
:102B300061790122022000F085FFBBE76179022262
:102B4000104600F07FFFB5E76079012806D0022823
:102B500008D003280AD0042812D10CE0284600F03F
:102B6000ADFE0EE0284600F093FE0AE00E48858197
:102B700009F0C8FE05E00D48858109F0CDFE00E0B2
:102B800000BF00BF60798DF8000029460DF10100FB
:102B900001F000F903226946012000F0EFFE00BFBA
:102BA00088E700007C660120DC66012004670120C4
:102BB00038B50446FFF7DAF828B961790622022011
:102BC00000F040FF38BD4448007810B94248007911
:102BD00028B161790622022000F034FFF2E7208953
:102BE00008B1A07A00E000200546607906285FD28F
:102BF000DFE800F05E03101D2A453748807928B9C8
:102C000061790322022000F01DFFDBE7012009F0BB
:102C100085FD53E03048C07928B96179032202204C
:102C200000F010FFCEE7022009F078FD46E0208991
:102C300018B1284600F0C8FF28B9617901220220A6
:102C400000F000FFBEE739E0012D09D0022D07D0CA
:102C5000032D05D061790222104600F0F3FEB1E7A2
:102C60001D488572407A012802D11C48057105E093
:102C70001948407A022801D1194805711EE0012D3A
:102C800007D0022D05D061790222104600F0DAFE4D
:102C900098E711484573407A012802D10F48C57062
:102CA00005E00D48407A022801D10D48C57005E0C5
:102CB00061790222104600F0C5FE83E700BF60790B
:102CC0008DF800008DF8015002226946012000F0C5
:102CD00055FE00BF76E700007C6601209C6601205F
:102CE000BC66012010B500F077FCFFF73FF828B96B
:102CF0000020134908801349087010BD104800884F
:102D000041F28831884204D20D4800880A300C49CB
:102D100008800B480088B0F57A7F07D3094800780F
:102D200020B901F00FF80120064908700448008816
:102D300041F28831884201D300F0DAF800BFDCE7C5
:102D40004C0300204E030020002002490870024975
:102D5000087070475803002059030020014609B944
:102D6000002070470848407A012803D100200870ED
:102D70000120F6E70448407A022802D101200870B9
:102D8000EFE70020EDE700007C66012010B500F0C1
:102D9000C5FD08B9FF2010BD0948808A08B9012087
:102DA000F9E70748808A012801D10220F3E70448A7
:102DB000808A022801D10320EDE7FF20EBE7000025
:102DC0007C66012010B500F0A9FD08B9032010BDF4
:102DD0000348007808B10220F9E70120F7E7000076
:102DE0007C66012010B504462078022802D1A07923
:102DF000FF2800D010BD2079072829D007DC07283C
:102E000040D2DFE800F03F1115191D2131000A28DA
:102E100026D004DC08281FD0092833D125E0BB28A0
:102E20002DD0FA282ED126E02046FFF7F3FD2FE023
:102E30002046FFF735FE2BE02046FFF7B9FE27E0DE
:102E40002046FFF72BFD23E0204600F063FB1FE048
:102E5000204600F0A3FF1BE0204600F097FB17E0A0
:102E6000204600F0E7FF13E000BF2179052206208D
:102E700000F0E8FD0CE02046FFF7FBFD08E0FFF75F
:102E8000EBFD05E021790222042000F0DBFD00BF0C
:102E900000BF00BFAEE7000010B504460CB1012032
:102EA00010BD0648007908B10020F9E7FEF75EFF83
:102EB00008B90020F4E70120F2E700007C66012059
:102EC00003480078012800D17047FF20FCE700008C
:102ED0006C6601200146132901D1012070470529A4
:102EE00001D0062901D10220F8E70020F6E7000012
:102EF00010B5FFF729FFFEF77DFF0021084609F016
:102F0000C5FC00200549087041F28830044908805A
:102F10000020044908800449087010BD52030020B5
:102F2000500300204C0300204E03002070B50546DE
:102F30000C46164605B104B970BD2088801C80B2CD
:102F4000582807D821884819314600F023FF2088E7
:102F5000801C208000BFEFE710B500B101B910BDA3
:102F60000B881B1D9BB2582B15D8130E0C880355CC
:102F7000C2F307440B885B1C9BB2C454C2F3072402
:102F80000B889B1C9BB2C4540B88DB1C9BB2C254A5
:102F90000B881B1D0B8000BFE1E72DE9F0410646C1
:102FA0000F4614461D46DDF818800CB1012000E0E4
:102FB000FF2002463946304600F044F94CB12A461B
:102FC0003946304600F03EF942463946304600F078
:102FD00039F9BDE8F0812DE9F04706460F469046E5
:102FE0001C46089D16B10FB104B10DB9BDE8F087BC
:102FF00042463946304600F025F92078FFF76AFF4F
:1030000081464A463946304600F01CF995F8402082
:103010003946304600F016F92A7A3946304600F033
:1030200011F9AA8D39463046FFF780FFEA79394613
:10303000304600F007F9204600F011F981464A4673
:1030400039463046FFF772FF2A8D39463046FFF782
:103050006DFF6A8D39463046FFF768FF628A394650
:103060003046FFF763FFE08900F00DF981464A46DC
:103070003946304600F0E6F8E26939463046FFF757
:103080006BFF00BFB2E72DE9F04105460E4614463E
:1030900034B9FF223146284600F0D4F8BDE8F0816B
:1030A000207808B1012000E0FF2002463146284682
:1030B00000F0C8F82078A0B1204609F089FA074648
:1030C0002089C2B23146284600F0BCF83A46314663
:1030D0002846FFF72BFF22463146284600F003F82A
:1030E00000BF00BFDAE7F0B508B101B102B9F0BD29
:1030F0000E880B36B6B2582E00D9F8E79369146AD9
:10310000958B0F88C355C3F307270E88761CB6B27C
:103110008755C3F307470E88B61CB6B287551E0EF7
:103120000F88FF1CBFB2C6550E88361D0E800F8853
:10313000C455C4F307270E88761CB6B28755C4F36E
:1031400007470E88B61CB6B28755260E0F88FF1C9F
:10315000BFB2C6550E88361D0E800F88C5552F0A82
:103160000E88761CB6B287550E88B61C0E8092F873
:1031700024600F88C6550E88761C0E8000BFB6E707
:103180002DE9F84380460F460024B8F1000F00D027
:103190000FB9BDE8F8832649897909B1012100E01A
:1031A00000210846234A244900F07BF805462049BF
:1031B000C97909B1012100E0002108461F4A2049D0
:1031C00000F06FF806460DB1601CC4B20EB1601C71
:1031D000C4B204B9DDE73888C01C04EB840100EBFD
:1031E000810080B2582800D9D3E7A522394640464D
:1031F00000F028F801223946404600F023F8224624
:103200003946404600F01EF83DB10A480A4B0122FB
:10321000394600904046FFF7DEFE3EB10748084BB6
:103220000222394600904046FFF7D5FE00BFB0E7C6
:103230007C660120E46501209C660120286601204F
:10324000BC66012000B101B970470B88582B04D22D
:103250000B88C2540B885B1C0B8000BFF4E701464F
:1032600009B900207047C88908B9C888FAE7C88931
:10327000012801D10889F5E7C889022801D14889C8
:10328000F0E70020EEE7014609B900207047012968
:1032900001D10120FAE7022901D10220F6E7FF203F
:1032A000F4E710B503460BB9002010BD01B10AB90F
:1032B0000020FAE70878132805D00878052802D0FE
:1032C0000878062801D1012000E00020044634B12E
:1032D00092F8400008B10120E7E70020E5E792F806
:1032E000400028B1107A18B1908D08B10120DCE7B8
:1032F0000020DAE710B500F037FA054A05A10B48BF
:1033000006F0CEFD0A220021084806F0D3FD10BDCC
:103310006D28000845787465726E616C436F6D6D41
:103320005461736B46756E6300000000ACFD0020B5
:103330000246082901D1012070470020FCE702461F
:1033400009B900207047092A25D2DFE802F02405D8
:10335000080C1014181C200001200880F2E702203D
:1033600008800120EEE7032008800120EAE704201E
:1033700008800120E6E7052008800120E2E7072019
:1033800008800120DEE7082008800120DAE70A2013
:1033900008800120D6E700BF00BF0020D2E7024628
:1033A00009B9002070470C2A03D3802A01D813469C
:1033B00007E022B1752A02D802F10B0301E00020D8
:1033C000F0E7581E08800120ECE730B503460C46B4
:1033D000002107E0585C655CA84201D0002030BDA8
:1033E000481C81B29142F5DB0120F8E710B5064890
:1033F0000DF07AFB04461CB12146034800F050FD55
:1034000000F004F810BD00003C0E012010B50024AF
:1034100005E000F009F800B903E0601C84B2202C3C
:10342000F7D300BF10BD000070B5A6B030480079DA
:1034300010B9002026B070BD00F07EF90446042CBF
:1034400001D20020F6E725AB00220421294800F034
:1034500029F938B9032C03D9E11E88B200F0D0F95C
:103460000020E7E7BDF8940030B1BDF8940000F00B
:10347000C7F900F061F90446102C01D20020D9E709
:10348000022224A9052000F07DF908B90020D1E727
:1034900024A800F039F80546102D01D3962D04D943
:1034A000012000F0ADF90120C4E7AC4201DA0020B0
:1034B000C0E72A461049002000F064F908B900204E
:1034C000B8E76A4629460C48FFF756F906464EB952
:1034D00000F0CCF8284600F093F96846FFF782FC2C
:1034E0000120A7E7012000F08BF90120A2E70000EE
:1034F0005A030020166401082A1101200146487869
:103500000A7840EA02207047014648780A7840EA83
:10351000022070471CB50446607901A9FFF70FFF30
:1035200028B961790222062000F08CFA1CBD0B49F3
:10353000BDF8040000F014F828B9617904220620CF
:1035400000F080FAF2E71E2000906179034BFF2221
:10355000012000F085FA00BFE8E7000056120120C4
:1035600038B504460D466846FFF7F8FB08B9002059
:1035700038BD9DF8000020B129462046FDF7DEFA4F
:10358000F6E729462046FDF7CDFAF1E71CB50446DB
:10359000607901A9FFF703FF28B9617902220620AB
:1035A00000F050FA1CBD0B49BDF80400FFF7D8FF2E
:1035B00028B961790422062000F044FAF2E71E20BF
:1035C00000906279034BFF21012000F049FA00BF0F
:1035D000E8E700005612012010B5FEF7C7FB00B166
:1035E00010BD0F48007800B9FAE70E48008841F294
:1035F0008831884204D20B4800880A300949088083
:103600000848008841F28831884206D300200449E6
:1036100008700021084609F039F900BFE0E7000012
:10362000520300205003002070B50E48047800F0CB
:1036300035FB054604B96DB10B48808920B90A48AD
:1036400008F0F2FF084988810120074948700020EE
:10365000087103E0002004494870087109F052F92C
:1036600070BD000058030020DC66012010B500206A
:10367000084908800849087001200849087000209E
:1036800007490880FEF772FB04462146012009F035
:10369000FDF810BD4C0300204E0300205203002013
:1036A000500300202DE9F84F80460C4691461F46F6
:1036B00000F042F88246B8F1000F01D004B117B90A
:1036C0000020BDE8F88F09EB040080B2504501DD11
:1036D0000020F6E7002038804D461DE0002611E06E
:1036E000A91988B20122694600F04CF808B90020F7
:1036F000E7E718F806009DF80010884200D003E0C4
:10370000701C86B2A642EBDB00BFA64202D13D8010
:103710000120D6E7681C85B2AAEB040080B2A8425B
:10372000DCDA0020CDE710B500F006F840F25721B2
:10373000081A80B210BD00000A484088094909886B
:10374000884206DB0748408806490988401A80B24B
:10375000704704480088C0F516700249498808443B
:1037600080B2F5E75A0300200548007900B17047A0
:1037700000200349088048800120087100BFF6E757
:103780005A0300202DE9F04706460F461546FFF77D
:10379000D3FF81464FF0000807B115B90020BDE8FE
:1037A000F087701980B2484501DD0020F7E70E4828
:1037B0000088304484B2B4F5167F02D3A4F51670A5
:1037C00084B20DE00948005D07F8080008F1010027
:1037D0001FFA80F8601C84B2B4F5167F00D3002471
:1037E000A845EFDB0120DAE75A030020D20E0120C2
:1037F0000020024908804880704700005A030020DA
:1038000070B50446FFF798FF06462546B54200DD31
:10381000354608480088284406490880084600883C
:10382000B0F5167F04D308460088A0F5167008800E
:10383000284670BD5A03002070B505460E46002488
:103840001148007908B105B10EB9002070BD12E031
:10385000285D0D4949880D4A5054601C84B20A48BD
:103860004088401C0849488008464088B0F5167FCB
:1038700001D300204880B44203DAFFF754FF002848
:10388000E6D12046E2E700005A030020D20E0120D4
:1038900007494882497A012902D10649888105E011
:1038A0000349497A022901D1034988817047000000
:1038B0007C6601209C660120BC66012014490882B8
:1038C000C881497A01290FD11149898A11B9114951
:1038D000C8801CE00E49898A012902D10D4908815E
:1038E00015E00C49488112E00949497A02290ED1B4
:1038F0000749898A11B90849C88008E00449898ABA
:10390000012902D10449088101E003494881704737
:103910007C6601209C660120BC6601200B48407A31
:10392000012806D10948807908B10120704700209C
:10393000FCE70648407A022806D10448C07908B15D
:103940000120F3E70020F1E70020EFE77C6601208B
:103950000948407A012804D10748807908B101203C
:1039600070470548407A022804D10348C07908B15D
:103970000220F5E7FF20F3E77C660120FEB5044650
:103980000D4616460020029002A89621074B3246AB
:10399000CDE9001029462046FEF770FE20B9BDF89B
:1039A000081002480DF0F0F8FEBD0000C011012023
:1039B0001CB51F480079012808D100201D49087056
:1039C0001D4908801A484079019015E01A4800887E
:1039D00080B1184800780190174800880A2805D956
:1039E000154800880A381449088005E0002012496B
:1039F000088001E0002001901048007830B11048A4
:103A000000789DF80410884200D11CBD01200B49AC
:103A100008709DF804000A490870012001AB0522D6
:103A2000FF210090032000F01BF800BFEDE700002D
:103A30007C6601205503002056030020540300201B
:103A400053030020F8B506460C4615468DF8004095
:103A50008DF80150022269463046FFF78FFFF8BD0E
:103A60002DE9F04186B004460D4616461F46DDF8A6
:103A700030800020059005A896210A4A3346CDE9FA
:103A80000078CDE9022104902A4621460120FEF764
:103A900009FE20B9BDF8141002480DF075F806B003
:103AA000BDE8F081C011012030B599B0002002902E
:103AB00001903648807800903448437834488079C3
:103AC00008B1012000E00020024602A903A8FFF788
:103AD00064FA3048807800902E4843782C48C079AA
:103AE00008B1012000E00020024602A903A8FFF768
:103AF00054FAFFF72DFF05462A4602A903A8FFF74F
:103B0000A1FBFFF75FF90446224602A903A8FFF7CD
:103B100099FBFFF73BF905462A4602A903A8FFF7E0
:103B200091FB022C0BD11A48C28902A903A8FFF706
:103B3000FDF91748428B02A903A8FFF7F7F9FFF731
:103B4000BFF905462A4602A903A8FFF77BFB124AE4
:103B500002A903A8FFF797FA104A02A903A8FFF7E2
:103B600092FA02A903A8FFF70BFB01A896230C4ABF
:103B70000090BDF8081003A8FEF7E6FD20B9BDF8D7
:103B8000041007480DF000F819B030BD9C66012004
:103B90007C660120BC660120DC66012004670120F0
:103BA000C011012000B101B97047044A1070044AE5
:103BB00011800022034B1A7000BFF5E75503002067
:103BC000560300205403002002460AB9002106E0F3
:103BD000032A02D8501EC1B201E0002070471B48E2
:103BE0008182407A012812D11948C18119B9C0884F
:103BF000164B188224E0012904D115480089134B83
:103C000018821DE012484089104B188218E00F48B6
:103C1000407A022812D10F48C18119B9C0880B4BD4
:103C200018820DE0012904D10A480089074B188247
:103C300006E008484089054B188201E00020CDE7E6
:103C40000248008A014BD8810120C7E77C66012029
:103C50009C660120BC66012010B504460CB1012011
:103C600000E00020054908700CB1012100E00021AE
:103C7000084609F021F8FFF7D7FC10BD59030020D2
:103C800010B504460CB1012000E000200249087084
:103C9000FFF7CAFC10BD000058030020114800893E
:103CA000022801D1012000E0002001460E480089D1
:103CB000022801D1012000E0002002460B480078D4
:103CC00008B90020704739B132B10948407A01285B
:103CD00000D1F7E70020F5E709B10120F2E7002065
:103CE000F0E70000DC660120046701205903002092
:103CF0007C66012010B500200E490870C8810E496D
:103D0000487188710B49C87208730B49C8700871F3
:103D1000FFF71AF80020094948700871888108499E
:103D200048700871888108F0EDFD08F0F5FDFDF799
:103D300091FF10BD7C6601206C660120DC660120CD
:103D40000467012010B500200C490870C8810C4997
:103D50004871887108734873FEF7F6FF002009491F
:103D60004870087148808881074948700871488008
:103D7000888108F0C7FD08F0CFFD10BD7C660120EA
:103D80006C660120DC660120046701200A120270C3
:103D9000417070470A1202704170704738B504468E
:103DA00020891E2805D0617901220620FFF74AFEEE
:103DB00038BD60796946FFF7C2FA28B961790222F5
:103DC0000620FFF73FFEF3E720210E48FCF73AFC00
:103DD0001E2204F10A010B48FCF7B5FB0949BDF8A6
:103DE000000000F011F828B9617904220620FFF7DD
:103DF00029FEDDE70122611D0520FFF7BFFD00BFA1
:103E0000D6E700005612012038B504460D46684634
:103E1000FEF7A4FF08B9002038BD9DF8000020B1CE
:103E200029462046FDF71EF8F6E729462046FDF70D
:103E30000DF8F1E738B5044620891E2805D06179D0
:103E400001220620FFF7FEFD38BD60796946FFF7C5
:103E5000A6FA28B9617902220620FFF7F3FDF3E7FD
:103E600020210E48FCF7EEFB1E2204F10A010B484C
:103E7000FCF769FB0949BDF80000FFF7C5FF28B949
:103E8000617904220620FFF7DDFDDDE70122611DD7
:103E90000520FFF773FD00BFD6E700005612012092
:103EA00070B506460C4606B104B970BDFFF75CFC60
:103EB0000948007900B9F8E721463046FFF7BCFC15
:103EC0000546A54200D1F0E7FFF792FC21463046B7
:103ED000FFF7B2FC00BFE8E75A0300202DE9FF41DD
:103EE00006460220FDF728FF58B1FE48006830B1B1
:103EF000FDA300226946FB48006805F08FFFBDE87E
:103F0000FF81F8480068002877D0F7A30022FA491B
:103F1000F448006805F082FF012878D1F64800785F
:103F2000002855D1F548807A012835D1F448C07869
:103F300010B9F348007978B10020F149C8700871D0
:103F4000EE49087008464079012803D008464079B8
:103F5000042801D100F090FBE848007A052803D03E
:103F6000E648007A062814D10120E549487002206D
:103F7000E24988720846407A012803D10220E149CB
:103F8000087109E0DD48407A022805D1DE49087150
:103F900002E00020D94988720020D94908700846FB
:103FA000C07810B90846007978B10020D449C870AB
:103FB0000871D249087008464079012803D00846A4
:103FC0004079042801D100F057FB08F00DFC1EE0F9
:103FD0000120CB490870C948807A022815D0C7480B
:103FE000807A032811D00120C44988720846407A9B
:103FF000012803D1C349087107E07DE0BF48407A3A
:10400000022802D10120C049087108F0EDFBBA482E
:104010000078012870D1B8484078012804D00228DF
:104020006BD003286AD128E1B8480488B248408898
:10403000A04201DDB0484488AF484088201A1428C7
:1040400040D90020B249087000F022FB00B956E7C1
:10405000AB48807900B152E7A848008A18B908F047
:104060008BFAA64908820220FDF754FF00B946E703
:104070000120A349C870A048C0889F494988401AB8
:1040800000EE100AF8EEC00A9B4840889F49098854
:10409000081A00EE100AB8EEC00A80EE201A9748FF
:1040A000008A00EE100AB8EE400A21EE000ABCEECB
:1040B000C00A10EE100A9149C8810120087008F06A
:1040C000FBFD36E08E48C07878B3914800F06CFD77
:1040D00000B1BEE200208949087008F0EDFD884873
:1040E000C07990B100208649C8718A4800890228A9
:1040F00005D100F099FD08E0ACE21BE0A8E286489B
:104100000089022801D100F097FD00207C49C87089
:104110007A49C88108464079042803D00846407986
:10412000012806D100F0A8FA03E0FFE70020784953
:1041300008708EE2794804886F484088A04201DD0B
:104140006D4844886C484088201A14281DD900F016
:104150009FFA00B9D3E66A48807900B1CFE66D488E
:104160000089022805D108F0FFF9074600F02CFD70
:1041700007E069480089022803D16749888900F06F
:104180003BFD01205E49C87026E05D48C07880B1E3
:104190005A484079042803D058484079012801D171
:1041A00000F06AFA002055490870C8815449C87067
:1041B000C8705348C07978B100205149C87155483A
:1041C0000089022802D100F02FFD05E05248008945
:1041D000022801D100F030FD47488088A04201DD6F
:1041E0004548848844488088201A142831D9434897
:1041F000008A18B908F0C0F9404908820220FDF78A
:1042000089FE00B97BE601203D49C8703A48C08864
:1042100039498988401A00EE100AF8EEC00A36487B
:104220008088201A00EE100AB8EEC00A80EE201A2C
:104230003248008A00EE100AB8EE400A21EE000A69
:10424000BCEEC00A10EE100A2C49C881012008708B
:1042500012E02B48C07878B128484079042803D070
:1042600026484079012801D100F006FA00202349B0
:104270000870C8812249C870EBE1294804881E48AB
:104280004088A04201DD1C4844881B484088201A11
:10429000142873D900F0FCF900B930E61848807989
:1042A00000B12CE61B480089022804D119498889ED
:1042B00000F08AFC07E018480089022803D116495B
:1042C000888900F099FC0C488088A04201DD0A48EA
:1042D000848809488088201A142873D90748407AAE
:1042E00001281FE0DC000020466F6F744D7367519A
:1042F0007565756500000000F49900207C6601205A
:104300006C6601209C660120BC660120D400002060
:10431000E0000020DC66012004670120D6000020B8
:10432000D80000202BD10220FDF7F4FD00B9E6E50E
:104330000120CB49C870CB48C088CA498988401A37
:1043400000EE100AB8EEC01AC6488088201A00EEA7
:10435000100AB8EEC00AC0EE010AC348008A00EE97
:10436000100AB8EE400A20EE800ABCEEC00A10EE39
:10437000100ABD49C881012008708DE064E0BA4888
:10438000407A022849D1B8488079012845D1B648F9
:104390004078401CB4494870084640780A2803DA3F
:1043A0000220FDF749FCAAE50020AF49487006212C
:1043B000012009F085FDAC48807820B90220FDF786
:1043C0003BFC9CE52AE00220FDF7A4FD00B996E540
:1043D0000120A349C870A348C088A2498988401A0F
:1043E00000EE100AB8EEC01A9E488088201A00EE2F
:1043F000100AB8EEC00AC0EE010A9B48008A00EE1F
:10440000100AB8EE400A20EE800ABCEEC00A10EE98
:10441000100A9549C881012008703DE000209249AA
:1044200048708F48C07880B300200870C8818C49DC
:10443000C8708D484079042803D08B484079012802
:104440002AD100F019F927E00020874948708448F4
:10445000C07870B100200870C8818149C870824856
:104460004079042803D080484079012801D100F028
:1044700003F97B48C07940B100207949C8717B4875
:104480000089022802D100F0CFFB05E078480089BE
:10449000022801D100F0D0FB7648058871480089D8
:1044A000A84201DD6F4805896E480089281A142842
:1044B00074D900F0EDF800B921E56948807900B1C0
:1044C0001DE56B480089022804D16949888900F0FC
:1044D00093FB07E065480089022803D16349888976
:1044E00000F072FB5F484089A84201DD5D484589C4
:1044F0005C484089281A14286BD95B48407A022806
:1045000029D1FDF707FD00B9F9E401205449C8702D
:104510005448808953494989401A00EE100AB8EE80
:10452000C01A50484089281A00EE100AB8EEC00A96
:10453000C0EE010A4C48008A00EE100AB8EE400AAC
:1045400020EE800ABCEEC00A10EE100A4649C8816F
:10455000012008707BE04448407A012877D1424826
:104560008079012873D140484078401C3E4948700A
:10457000084640780A2803DA0220FDF75DFBBEE416
:104580000020394948700621012009F099FC36487D
:10459000807820B90220FDF74FFBB0E42FE0022025
:1045A000FDF7B8FC00B9AAE401202D49C8702D48D8
:1045B00080892C494989401A2A494989691A91FBFD
:1045C000F0F02949098A48432749C8810120087029
:1045D0003DE00020244948702148C07880B3002085
:1045E0000870C8811E49C8701F484079042803D04C
:1045F0001D48407901282AD100F03EF827E000202C
:10460000194948701648C07870B100200870C881F8
:104610001349C87014484079042803D012484079DF
:10462000012801D100F028F80D48C07940B10020E0
:104630000B49C8710D480089022802D100F0F4FA34
:1046400005E00B480089022801D100F0F5FA00E0EE
:1046500000BF00BF0220FDF7EFFA00BF4FE40000EB
:104660006C660120F49900207C660120DC66012044
:1046700004670120DA00002010B501200CF05CFC7A
:1046800018B904200CF058FC08B10CF03FFC10BD28
:1046900010B51948807A012800D110BD1648407A1B
:1046A00020B901200CF058FC0020F6E7FDF75EFB76
:1046B00030B91248807918B90F48007B032801D11E
:1046C0000020EAE70220FDF737FB08B10020E4E70D
:1046D00002200CF031FC18B102200CF01DFC05E0AA
:1046E00005480079012801D10020D6E700F01EFA24
:1046F00008F07AF80120D0E77C6601206C66012082
:1047000070B5C4B0064600254FF4807104A8FBF7CD
:10471000BBFF04A80CF08CFA05460A2D25DA01200F
:1047200009F0ECFBEC480078E8B1EC480078401C5C
:10473000EA49087008460078642814DD00200870F3
:10474000E5490870E6490870E6490870E6490870CE
:104750000E226846FBF7F7FE9DE80F0000F0FEF919
:10476000012009F089FB44B070BD0024ABE104F1E5
:104770000900A84200DBABE104A8005DFE2830D1AF
:1047800004A9601C085CEF28F9D10020D349087007
:10479000E01DA84226DA04A9A01C085CB62821D195
:1047A000E01C085CC1281DD1201D085C012819D11E
:1047B000601D085C012815D1E01D095C04AAA01D3C
:1047C000105C41EA0020C9490880C34800780028ED
:1047D000D5D1C34800780028D1D10821C4480CF0B5
:1047E00073FA6EE1E01DA84226DA04A9A01C085C59
:1047F000D02821D1E01C085CB4281DD1201D085C04
:10480000B52819D1601D085CCD2815D10120B44907
:10481000087004A9E01D095C04AAA01D105C41EA0F
:104820000020B1494880AF4800780028D9D108213C
:10483000B0480CF049FA44E1E01DA8422FDA04A97F
:10484000A01C085CD0282AD1E01C085CB42826D122
:10485000201D085CB82822D1601D085CDF281ED10D
:104860000120A049087004A9E01D095C04AAA01D4C
:10487000105C41EA00209C49C880012096490870DC
:104880009949087048700E226846FBF75CFE9DE867
:104890000F0000F063F9012009F0EEFA11E1601D4C
:1048A000A8429EDA04A9A01C085CBB2899D1E01C90
:1048B000085CAA2895D104F10900A8427DDA201DE0
:1048C000085CDD2879D1601D085C012841D1E01D1C
:1048D000095C04AAA01D105C41EA002086490880FA
:1048E0007D48007898BB04F10D00A842A3DA04A922
:1048F000801E095C401E105C41EA00207A49C88095
:1049000004A904F10D00095C401E105C41EA00207E
:104910007549888004A904F10F00095C401E105CF1
:1049200041EA002070494880012008700220487048
:104930000E226846FBF707FE9DE80F0000F00EF917
:10494000012009F099FA012063490870B9E0FFE7F6
:1049500009E704F10900A842A0DA04A9601D085C77
:1049600002289BD1E01D095C04AAA01D105C41EA4D
:1049700000206249088004A904F10900095C401E76
:10498000105C41EA00205E49088053480078002806
:1049900084D104F11500A8424EDA04A90A38095C52
:1049A000401E105C41EA00204F49C88004A904F170
:1049B0000D00095C401E105C00E03EE041EA002072
:1049C0004949888004A904F10F00095C401E105C6D
:1049D00041EA00204449488004A904F11100095C1F
:1049E000401E105C41EA00203F49888104A904F17F
:1049F0001300095C401E105C41EA00203A494881DE
:104A000004A904F11500095C401E105C41EA002075
:104A10003549088101200870032048700E2268463D
:104A2000FBF791FD9DE80F0000F098F801202A495E
:104A3000087009F021FA44E095E6E01DA84240DA4A
:104A400004A9201D085CCC283BD1E01D085C072888
:104A500035D2DFE800F034040C141C242C000221B1
:104A6000012009F02DFA012009F006FA28E00421BE
:104A7000012009F025FA012009F0FEF920E00621C5
:104A8000012009F01DFA012009F0F6F918E00321D0
:104A9000012009F015FA012009F0EEF910E00121DA
:104AA000084609F00DFA012009F0E6F908E00521B1
:104AB000012009F005FA012009F0DEF900E000BF4D
:104AC00000BF601CC4B2A5F10A00A042BFF64FAE01
:104AD00000BF00BF47E60000E1000020E200002028
:104AE000E3000020E4000020D8990020D40000203A
:104AF000CA000020C0000020D6000020D8000020FE
:104B0000DA00002010B504A20E21052005F064F99A
:104B10000549086010BD0000466F6F744D73675102
:104B20007565756500000000DC0000200120084963
:104B300088720846407A012802D10649087106E0C9
:104B40000348407A022802D10120034908717047C6
:104B50007C6601209C660120BC6601201FB50C48C4
:104B6000006800B91FBD0E2269460A48FBF79BFC8E
:104B700000B9F7E70E2269460648FBF7E4FC06A3F6
:104B8000002269460248006805F066F900BFE9E7BF
:104B9000DC000020E6990020466F6F744D7367516A
:104BA0007565756500000000014609B90020704771
:104BB0000878032804D20878401C08700120F6E722
:104BC0000020087000BFF2E710B504460020084935
:104BD0000871488001200749C87105488481012077
:104BE0000349487008468189022009F09FF910BDE9
:104BF000DC6601206C66012010B5044600200849DF
:104C00000871488001200749C87105488481012046
:104C10000349487008468189022009F0AFF910BDA8
:104C2000046701206C660120002002494870087169
:104C300048807047DC6601200020024948700871F6
:104C4000488070470467012070B506460A2532483F
:104C50000079012804D03049087A07F04CFD00B9EA
:104C600070BD1B2E06D01C2E2BD02F2E03D0302E25
:104C70004ED127E000BF2848407A01280ED12648AF
:104C8000408A2844C4B225480079A04201DA23486A
:104C90000479234884812048448211E01E48407AE8
:104CA00002280DD11C48408A2844C4B21D4800790E
:104CB000A04201DA1B4804791B48848116484482CB
:104CC00026E000BF1448407A01280ED11248408ADD
:104CD000401BC4B211484079A04201DD0F4844791D
:104CE0000F4884810C48448211E00B48407A022826
:104CF0000DD10948408A401BC4B20A484079A042FD
:104D000001DA08484479084884810348448200BF96
:104D100000BF00BFA4E700007C660120E46501201D
:104D20009C66012028660120BC66012070B50446FF
:104D3000A56D00F07DFC064694F83500022808D0E9
:104D40008020606500BF002084F8340000BF01208F
:104D500070BD2068006820F0160021680860206897
:104D6000406920F0800021684861206C08B9A06C7F
:104D700028B12068006820F00800216808602068D9
:104D8000006820F001002168086010E000F050FC8D
:104D9000801B05280BD920206065032084F835008E
:104DA00000BF002084F8340000BF0320D0E7206853
:104DB000006800F001000028E8D194F85C103F2062
:104DC0008840A860012084F8350000BF002084F8E6
:104DD000340000BF00BFBBE7014691F83500022850
:104DE00003D08020486501207047052081F83500F8
:104DF0000868006820F001000A6810600020F3E7EE
:104E000070B504460CB9012070BD94F83500022835
:104E100000D1F9E72068006820F0010021680860EF
:104E20000020216808602168486021688860216846
:104E3000C860216808612120216848612046FDF78B
:104E4000CDFA05460020E06320646064A064E0645D
:104E5000206594F85C103F208840A86000206065C1
:104E600084F8350000BF84F8340000BF00BFCBE7F2
:104E70000146486D70470000F8B5044600200090D8
:104E80008C4800684FF41651B0FBF1F7A56D2E6801
:104E900094F85C1008208840304098B12068006881
:104EA00000F0040070B12068006820F00400216860
:104EB000086094F85C1008208840A860606D40F09D
:104EC0000100606594F85C1001208840304068B1B2
:104ED0002068406900F0800040B194F85C10012027
:104EE0008840A860606D40F00200606594F85C1036
:104EF00004208840304068B12068006800F002005B
:104F000040B194F85C1004208840A860606D40F0C7
:104F10000400606594F85C1010208840304078B33D
:104F20002068006800F0080050B394F85C1010206E
:104F30008840A8602068006800F4802080B1206864
:104F4000006800F4002028B9206CC8B12046216C0C
:104F5000884715E0A06C98B12046A16C88470FE007
:104F60002068006800F4807028B92068006820F08C
:104F7000080021680860206C10B12046216C884729
:104F800094F85C10202088403040002865D02068CC
:104F9000006800F0100000285FD094F85C1020201A
:104FA0008840A86094F83500052828D1206800685A
:104FB00020F01600216808602068406920F0800019
:104FC00021684861206C08B9A06C28B1206800688D
:104FD00020F008002168086094F85C103F208840A9
:104FE000A860012084F8350000BF002084F8340058
:104FF00000BF206D10B12046216D8847F8BD2068A4
:10500000006800F4802080B12068006800F400206F
:1050100028B9606C10B12046616C88471DE0E06BD8
:10502000D8B12046E16B884717E02068006800F49B
:10503000807068B92068006820F01000216808605E
:10504000012084F8350000BF002084F8340000BF40
:10505000E06B10B12046E16B8847606D38B3606D3E
:1050600000F00100F0B1052084F8350020680068E8
:1050700020F001002168086000BF0098401C0090EB
:10508000B84200D905E02068006800F0010000285F
:10509000F3D100BF012084F8350000BF002084F860
:1050A000340000BFE06C10B12046E16C884700BFBF
:1050B000A4E700009C0000202DE9F04104460025F3
:1050C00000F0B6FA074614B90120BDE8F081606A25
:1050D00000B100BF022084F8350000BF002084F832
:1050E000340000BF2068006820F0010021680860DB
:1050F0000AE000F09DFAC01B052805D92020606554
:10510000032084F83500E0E72068006800F0010023
:105110000028EED12068056821480540D4E9010146
:105120000843E16808432169084361690843A169AC
:105130000843E1690843216A08430543606A04287B
:1051400003D1D4E90B0108430543206805602068BA
:10515000456925F00705606A0543606A04280DD19A
:10516000A06A0543E06A48B12046FDF751F928B12D
:1051700040206065012084F83500A6E7206845617D
:105180002046FDF72BF9064694F85C103F20884036
:10519000B06000206065012084F83500002094E7AD
:1051A0003F8010E02DE9F04704460D4616461F46A5
:1051B0004FF00008D4F8589000BF94F8340001284C
:1051C00002D10220BDE8F087012084F8340000BF3E
:1051D00094F83500012825D1022084F835000020FC
:1051E00060653B46324629462046FDF766F994F84D
:1051F0005C103F208840C9F808002068006840F033
:10520000160021680860206C28B12068006840F012
:105210000800216808602068006840F001002168EB
:10522000086006E000BF002084F8340000BF4FF0A3
:1052300002084046C6E7000070B5044600F0F8F9E1
:1052400006462546681C10B104480078054400BF96
:1052500000F0EEF9801BA842FAD370BD08000020D0
:10526000F0B50C4600250022002300218FE0012626
:1052700006FA01F504EA0502AA427DD1464E8F08DE
:1052800056F827308E07370F0F26BE403340434E67
:10529000B04201D100261EE0414EB04201D10126AC
:1052A00019E0404EB04201D1022614E03E4EB04219
:1052B00001D103260FE03D4EB04201D104260AE0A1
:1052C0003B4EB04201D1052605E03A4EB04201D135
:1052D000062600E007268F073F0FBE409E4224D1DE
:1052E000354E36689643344F3E603E1D36689643D1
:1052F0003F1D3E60304E0C36366896432E4F0C37BD
:105300003E603E1F366896433F1F3E608E07370F54
:105310000F2606FA07F3204E8F0856F827609E43A3
:105320001D4F4FEA910C47F82C6006684FEA410C7C
:10533000032707FA0CF7BE430660CF0800F12006EA
:1053400056F827604F074FEAD76C0F2707FA0CF77C
:10535000BE434FEAD10C00F1200747F82C60C66825
:105360004FEA410C032707FA0CF7BE43C6604668B4
:1053700001278F40BE4300E008E0466086684FEAA0
:10538000410C032707FA0CF7BE438660491C10291D
:10539000FFF46DAFF0BD000008380140000002408E
:1053A0000004024000080240000C024000100240CD
:1053B0000014024000180240003C014010B50446B1
:1053C000204608F0C5FEB4F5805F0BD0B4F5005F51
:1053D00011D10A48407808B9012000E000200749AF
:1053E000487009E00548007808B9012000E0002075
:1053F0000249087000E000BF00BF10BD600300203C
:1054000010B5044604480068204020B102480460FA
:105410002046FFF7D3FF10BD143C0140F8B502460B
:105420000B460025002400200021D1E0012606FAC9
:1054300001F51E6806EA0504AC4274D11E7906F037
:105440000306012E04D01E7906F00306022E13D1A6
:1054500090684F000326BE40B0434F00DE68BE4058
:1054600030439060506801268E40B0431E79C6F3E9
:1054700000168E40304350601E7906F00306032E5E
:1054800009D0D0684F000326BE40B0434F009E684D
:10549000BE403043D0601E7906F00306022E13D1C1
:1054A000CF0802F1200656F827004E07F70E0F2608
:1054B000BE40B0434F07FF0E1E69BE403043CF08C9
:1054C00002F1200646F8270010684F000326BE4070
:1054D000B0431E7906F003064F00BE403043106013
:1054E0005E6806F44036002E71D000BF002600969C
:1054F000394E366846F48046374F3E603E46366841
:1055000006F48046009600BF00BF344E8F0856F860
:1055100027008E07370F0F26BE40B043304EB242F1
:1055200002D100261FE052E02E4EB24201D10126E8
:1055300019E02D4EB24201D1022614E02B4EB242A8
:1055400001D103260FE02A4EB24201D104260AE01F
:10555000284EB24201D1052605E0274EB24201D1C4
:10556000062600E007268F073F0FBE4030431B4E44
:105570008F0846F82700214E3068A0435E6806F485
:10558000801606B120431D4E3060361D3068A043A2
:105590005E6806F4001606B12043184E361D3060D2
:1055A000164E361F3068A0435E6806F4003606B11A
:1055B0002043124E361F3060361F3068A0435E68AD
:1055C00006F4803606B120430C4E083E3060491C7C
:1055D0001029FFF42BAFF8BD4438024008380140D1
:1055E000000002400004024000080240000C02409B
:1055F000001002400014024000180240083C014024
:10560000024613690B400BB1012000E000207047F7
:1056100010B5426921EA020302EA010443EA0443A5
:10562000836110BD0AB1816101E00B0483617047A1
:1056300001480068704700000000002010B50446D3
:105640000CB9012010BD242084F83D0020680068BA
:1056500020F0010021680860204600F00FFC0020C7
:10566000206484F83D00206384F83E0000BF84F885
:105670003C0000BF00BFE5E70146086C70470146EB
:1056800091F83D007047000070B504460CB9012048
:1056900070BD94F83D0028B9002084F83C002046F5
:1056A00000F022FC242084F83D002068006820F0EF
:1056B0000100216808602068006840F4004021680B
:1056C00008602068006820F400402168086000F04D
:1056D000BDFE05465C496068884206D85B48854245
:1056E00001D2012007E0002005E05948854201D29F
:1056F000012000E00020012800D1C9E75548B5FB92
:10570000F0F62068406820F03F0030432168486090
:105710004D496068884201D8701C07E04FF49670CC
:1057200070434FF47A71B0FBF1F0401C2168096AB4
:1057300021F03F01084321680862434960688842BC
:1057400014D8681E61684900B0FBF1F0401CC0F33A
:105750000B00042801D204203DE0681E6168490066
:10576000B0FBF1F0401CC0F30B0034E0A06838B986
:10577000681E616801EB4101B0FBF1F0401C0AE0DA
:10578000681E616801EBC10202EB0111B0FBF1F090
:10579000401C40F48040C0F30B0008B901201AE01F
:1057A000A06848B9681E616801EB4101B0FBF1F0E7
:1057B000401CC0F30B000CE0681E616801EBC102E5
:1057C00002EB0111B0FBF1F0401CC0F30B0040F400
:1057D000804040F400402168C9694CF6FF72914353
:1057E00008432168C861D4E90701084321680968B2
:1057F00021F0C001084321680860D4E90310084380
:105800002168896848F2FF32914308432168886023
:10581000D4E9050108432168C96821F0FF01084364
:105820002168C8602068006840F0010021680860B5
:1058300000202064202084F83D000020206384F8AC
:105840003E0000BF24E70000A086010080841E0007
:1058500000093D0040420F002DE9F84F04460F4675
:1058600090461E46FFF7E4FE05464FF0000994F807
:105870003D0020287ED1192301226349204600954E
:1058800004F007F910B10220BDE8F88F00BF94F8CA
:105890003C00012801D10220F6E7012084F83C00F9
:1058A00000BF2068006800F0010028B92068006887
:1058B00040F00100216808602068006820F4006062
:1058C00021680860242084F83D00002020644F48AF
:1058D000E06200BF2068006840F4807021680860C2
:1058E000334600224FF001112046009504F0D1F814
:1058F00058B12068006800F48070B0F5807F02D154
:105900004FF4007020640320BEE707F0FE0021681A
:105910000861FFF78DFE054620684069C0F3400A24
:1059200020684069C0F3802B10E0FFF781FE401B28
:10593000B04200D816B9A02084F83D002068406924
:10594000C0F3400A20684069C0F3802B94F83D0002
:10595000A02805D0BAF1000F02D1BBF1000FE4D0AE
:10596000202084F83D0020684069C0F3400028B33F
:10597000206800E045E0006840F40070216808609D
:1059800000BF002000902068406900902068806976
:10599000009000BF00BF192301221B49204600953B
:1059A00004F077F808B101206EE7202084F83D006C
:1059B00000BF002084F83C0000BF65E72068006855
:1059C00040F40070216808606FF4806021684861CD
:1059D000192301220C492046009504F05AF808B119
:1059E000012051E709F10109C145FFF473AF2020FF
:1059F00084F83D0000BF002084F83C0000BF012077
:105A000042E7022040E70000020010000000FFFF14
:105A10002DE9FC5F04460F4690469946DDE90CAB44
:105A20000E9EFFF705FE054694F83D00202870D134
:105A300019230122B5492046009504F02AF810B137
:105A40000220BDE8FC9F00BF94F83C00012801D172
:105A50000220F6E7012084F83C0000BF20680068BF
:105A600000F0010028B92068006840F001002168BA
:105A700008602068006820F4006021680860222027
:105A800084F83D00402084F83E0000202064C4F8E3
:105A900024A0A4F82AB0608D20859D48E0624B4682
:105AA000424639462046CDE9006503F09FFE08B125
:105AB0000120C6E7208D88B900BF00200190206832
:105AC0004069019020688069019000BF00BF206894
:105AD000006840F400702168086040E0208D0128D3
:105AE00018D12068006820F480602168086000BF39
:105AF0000020019020684069019020688069019031
:105B000000BF00BF2068006840F400702168086092
:105B100025E0F8E0208D022816D12068006820F4E6
:105B20008060216808602068006840F40060216897
:105B3000086000BF00200190206840690190206843
:105B40008069019000BF0AE000BF0020019020683A
:105B50004069019020688069019000BF00BFC3E0E8
:105B6000208D03287ED8208D012815D12A46314664
:105B7000204604F06AF808B1012062E72068006955
:105B8000616A0870606A401C6062208D401E20853A
:105B9000608D401E6085A7E0208D02282AD1334603
:105BA00000225C492046009503F073FF08B10120F4
:105BB00047E72068006840F40070216808602068AA
:105BC0000069616A0870606A401C6062208D401E36
:105BD0002085608D401E608520680069616A0870BC
:105BE000606A401C6062208D401E2085608D401ED2
:105BF000608579E03346002246492046009503F04F
:105C000048FF08B101201CE72068006820F480608C
:105C10002168086020680069616A0870606A401C39
:105C20006062208D401E2085608D401E6085334659
:105C3000002238492046009503F02BFF08B10120CF
:105C4000FFE62068006840F4007021680860206862
:105C50000069616A0870606A401C6062208D401EA5
:105C6000208500E010E0608D401E6085206800699E
:105C7000616A0870606A401C6062208D401E208549
:105C8000608D401E60852FE02A463146204603F095
:105C9000DCFF08B10120D4E620680069616A087061
:105CA000606A401C6062208D401E2085608D401E11
:105CB000608520684069C0F38000A8B1208D03286A
:105CC00005D12068006820F48060216808602068A1
:105CD0000069616A0870606A401C6062208D401E25
:105CE0002085608D401E6085208D00287FF438AFB0
:105CF000202084F83D00002084F83E0000BF84F896
:105D00003C0000BF9DE602209BE600000200100060
:105D10000000FFFF040001002DE9FC5F04460F4670
:105D200090469946DDE90CAB0E9EFFF781FC0546D7
:105D300094F83D0020287DD1192301224D492046A9
:105D4000009503F0A6FE10B10220BDE8FC9F00BF45
:105D500094F83C00012801D10220F6E7012084F8E4
:105D60003C0000BF2068006800F0010028B92068EE
:105D7000006840F00100216808602068006820F495
:105D8000006021680860212084F83D00402084F8EC
:105D90003E0000202064C4F824A0A4F82AB0608D3E
:105DA00020853548E0624B46424639462046CDE9DB
:105DB000006503F0CBFD08B10120C6E731E02A46BB
:105DC0003146204603F086FF50B1206C042805D1EF
:105DD0002068006840F40070216808600120B4E782
:105DE000606A007821680861606A401C6062208DEA
:105DF000401E2085608D401E608520684069C0F38C
:105E0000800070B1208D60B1606A007821680861FF
:105E1000606A401C6062208D401E2085608D401E9F
:105E20006085208D0028CAD12A463146204603F0DD
:105E3000FDFD00E01CE050B1206C042805D1206875
:105E4000006840F400702168086001207DE7206848
:105E5000006840F4007021680860202084F83D004C
:105E6000002084F83E0000BF84F83C0000BF6CE7CF
:105E700002206AE7020010000000FFFF10B5044690
:105E80001349206888420ED11248006820F480002F
:105E90001049086009151048FFF7E2F908210E487B
:105EA000FFF7DEF912E00D49206888420ED109485B
:105EB000006820F400000749086089150848FFF7CA
:105EC000CFF94FF400710748FFF7CAF910BD000081
:105ED000005800404038024000040240005C00408E
:105EE000000002400008024010B586B004461421AC
:105EF00001A8FAF7C9FB45492068884238D100BF9C
:105F0000002000904248006840F48000404908604A
:105F10000846006800F48000009000BF00BF00BF8A
:105F2000002000903A481038006840F002003849DC
:105F3000103908600846006800F00200009000BFB9
:105F400000BF081501901220029001200390032049
:105F500004900420059001A92E48FFF75FFA08205D
:105F600001900920059001A92A48FFF757FA4BE054
:105F700029492068884247D100BF0020009024486A
:105F8000006840F40000224908600846006800F4F8
:105F90000000009000BF00BF00BF002000901C4820
:105FA0001038006840F001001949103908600846AF
:105FB000006800F00100009000BF00BF00BF00209B
:105FC00000900846006840F0040008600846006839
:105FD00000F00400009000BF00BF8815019012205F
:105FE000029001200390032004900420059001A951
:105FF0000A48FFF713FA4FF400700190042005904F
:1060000001A90748FFF70AFA06B010BD0058004082
:106010004038024000040240005C004000000240A2
:106020000008024003480068034909780844014910
:1060300008607047000000200800002010B50D48DF
:10604000006840F400700B4908600846006840F49E
:10605000806008600846006840F480700860032093
:1060600000F0F6F80F2000F007F800F05FF80020CD
:1060700010BD0000003C02402DE9F04188B004460C
:106080000027B84600BF002001902348006840F078
:106090001000214908600846006800F010000190D7
:1060A00000BF00BF02A903A800F0A8F9069F1FB90E
:1060B00000F0CCF9054602E000F0C8F945001748A9
:1060C000B5FBF0F0A0F1010815481649086040F250
:1060D000E7311448C160C0F804800021016181608B
:1060E000816100F0DFFC064696B90E4800F0B6FD6F
:1060F00006466EB9362000F059F8102C07D200225F
:106100002146362000F066F80748046000E00126CA
:10611000304608B0BDE8F0814038024040420F00F0
:1061200000100040905000200400002008B500BF7F
:10613000002000901148006840F480400F4908603A
:106140000846006800F48040009000BF00BF00BF18
:1061500000200090081F006840F08050091F086070
:106160000846006800F08050009000BF00BF002289
:106170000F21901E00F02EF808BD000044380240A8
:1061800010B50146084600280BDB00F01F03012272
:106190009A40054B440943F82420BFF34F8FBFF3C7
:1061A0006F8F00BF10BD000080E100E0014608468F
:1061B00000280DDB00BF00BF00F01F0301229A4042
:1061C00043099B0003F1E023C3F8002100BF00BF97
:1061D00000BF70472DE9F05F80460D461646002748
:1061E0000AF072FF074639462A46334601F0070097
:1061F000C0F1070ABAF1040F02D94FF0040A01E016
:10620000C0F1070AD14600F1040ABAF1070F02D221
:106210004FF0000A01E0A0F1030AD4464FF0010A52
:106220000AFA09FAAAF1010A0AEA020A0AFA0CFAB7
:106230004FF0010B0BFA0CFBABF1010B0BEA030B5C
:106240004AEA0B04214640460AF046FFBDE8F09FAB
:1062500000BF00F00702064B19684FF6FF03194014
:10626000044B0B4343EA0221014B196000BF704706
:106270000CED00E00000FA0570B504460D460CB9BF
:10628000012070BD5848006800F00700A84209D2FC
:1062900055490D700846006800F00700A84201D07B
:1062A0000120EEE7207800F0020002281DD12078BE
:1062B00000F00400042805D14C48006840F4E05088
:1062C0004A490860207800F00800082805D14748AE
:1062D000006840F46040454908604448006820F088
:1062E000F000A168084341490860207800F00100EF
:1062F000A8B36068012807D13C4808380068C0F39B
:106300004040B8B90120BCE76068022802D060684C
:10631000032807D1354808380068C0F3406048B901
:106320000120AEE7314808380068C0F3400008B9E2
:106330000120A6E72D48006820F0030061680843AB
:106340002A490860FFF774F9064609E0FFF770F97B
:10635000801B41F28831884202D9032091E707E08F
:106360002248006800F00C006168B0EB810FEDD1AD
:106370001D48006800F00700A84209D91A490D70AD
:106380000846006800F00700A84201D0012078E725
:10639000207800F00400042807D11448006820F495
:1063A000E050E168084311490860207800F00800D7
:1063B000082808D10D48006820F46040216940EAAF
:1063C000C1000A49086000F061F808490968C1F392
:1063D0000311074A515CC840064908600648006836
:1063E000FFF74AFE00204CE7003C0240083802401C
:1063F0001A6301089C000020040000200F220260A4
:106400000D4A126802F0030242600B4A126802F061
:10641000F0028260084A126802F4E052C260064A42
:10642000126802F46042D2080261044A126802F063
:1064300007020A607047000008380240003C024032
:1064400001480068704700009C00002000B5FFF77D
:10645000F7FF04490968C1F38221034A515CC8402F
:1064600000BD0000083802402A63010800B5FFF7AC
:10647000E7FF04490968C1F34231034A515CC8404F
:1064800000BD0000083802402A6301082DE9F047EA
:10649000002400250026A1462548006800F00C00D5
:1064A00020B1042805D008283AD105E0DFF884900F
:1064B00039E0DFF8849036E01D48001F006800F0E6
:1064C0003F041B48001F006800F4800078B11A48A0
:1064D0001749091F0968C1F38811A0FB0170014623
:1064E000224600233846F9F767FF05460EE01148BB
:1064F0000F49091F0968C1F38811A0FB017001460B
:10650000224600233846F9F757FF05460848001F82
:106510000068C0F30140401C4600B5FBF6F902E0FC
:10652000DFF8109000BF00BF4846BDE8F0870000CC
:10653000083802400024F40000127A00F8B504463E
:106540000CB90120F8BD207800F00100002874D0BB
:10655000F748006800F00C0004280DD0F4480068EB
:1065600000F00C00082813D1F148001F006800F467
:106570008000B0F5800F0BD1ED4808380068C0F3FB
:106580004040002859D06068002856D10120D9E742
:1065900000BF6068B0F5803F08D1E5480838006862
:1065A00040F48030E249083908601EE06068B0F5C8
:1065B000A02F0DD1DE480838006840F48020DC4967
:1065C000083908600846006840F4803008600CE034
:1065D000D7480838006820F48030D5490839086069
:1065E0000846006820F48020086000BF606890B111
:1065F000FFF71EF8054606E0FFF71AF8401B64286F
:1066000001D903209EE7CA4808380068C0F340401B
:106610000028F1D011E0FFF70BF8054606E0FFF780
:1066200007F8401B642801D903208BE7C0480838CD
:106630000068C0F340400028F1D1207800F002004B
:1066400002285FD1BA48006800F00C0058B1B84881
:10665000006800F00C0008281CD1B548001F006835
:1066600000F48000B0B9B24808380068C0F34000B8
:1066700020B1E068012801D0012063E7AC48083868
:10668000006820F0F800216940EAC100A8490839F3
:10669000086037E0E06800B30120A6490860FEF713
:1066A000C7FF054606E0FEF7C3FF401B022801D9DD
:1066B000032047E79E4808380068C0F340000028E0
:1066C000F1D09B480838006820F0F800216940EAC2
:1066D000C10097490839086014E000209549086016
:1066E000FEF7A6FF054606E0FEF7A2FF401B0228C4
:1066F00001D9032026E78E4808380068C0F340001F
:106700000028F1D1207800F0080008282CD1606919
:10671000A8B1012088490860FEF78AFF054606E017
:10672000FEF786FF401B022801D903200AE78048B4
:106730006C300068C0F340000028F1D014E0002065
:106740007D490860FEF774FF054606E0FEF770FF1E
:10675000401B022801D90320F4E675486C3000681C
:10676000C0F340000028F1D1207800F00400042894
:1067700070D100276E483830006800F0805090B922
:1067800000BF002000906A483830006840F0805018
:106790006749383108600846006800F08050009072
:1067A00000BF00BF01276548006800F48070B0B9E1
:1067B0006248006840F4807060490860FEF738FF66
:1067C000054606E0FEF734FF401B022801D90320EE
:1067D000B8E65A48006800F480700028F2D000BF84
:1067E000A068012808D152486830006840F00100D4
:1067F0004F49683108601DE0A06805280DD14C485C
:106800006830006840F00400494968310860084673
:10681000006840F0010008600CE0454868300068FE
:1068200020F001004249683108600846006820F005
:106830000400086000BFA068A8B1FEF7F9FE054695
:1068400009E0FEF7F5FE401B41F28831884202D98B
:10685000032077E626E0364868300068C0F3400041
:106860000028EED013E0FEF7E3FE054608E0FEF751
:10687000DFFE401B41F28831884201D9032061E6E6
:106880002B4868300068C0F340000028EFD1012F8A
:1068900007D127483830006820F08050244938312B
:1068A000086000BFA069002850D02148006800F0AF
:1068B0000C00082860D0A069022848D100201D499A
:1068C0000866FEF7B5FE054606E0FEF7B1FE401B82
:1068D000022801D9032035E6154808380068C0F3BE
:1068E00040600028F1D1D4E907010843616A40EA19
:1068F00081110122A06AC2EB500041EA00412C2024
:10690000005D41EA00613020005D41EA0070084905
:10691000091F0860012007490866FEF789FE054641
:106920000EE0FEF785FE401B022809D9032009E688
:106930000838024000004742800E47420070004085
:1069400028480068C0F340600028EAD048E00020F2
:1069500025490866FEF76CFE054606E0FEF768FE70
:10696000401B022801D90320ECE51E480068C0F353
:1069700040600028F2D133E0A069012800D1E1E5B0
:106980001848001D0668A069012827D006F4800178
:10699000E069814222D106F03F01206A81421DD187
:1069A00047F6C0703040616AB0EB811F16D106F423
:1069B00040310122A06AC2EB5000B1EB004F0DD173
:1069C00006F070612C20005DB1EB006F06D106F07F
:1069D000E0413020005DB1EB007F01D00120B1E546
:1069E0000020AFE500380240000047427047704782
:1069F00030B502460B4600BF92F83C00012801D199
:106A0000022030BD012082F83C0000BF022082F845
:106A10003D00106844681068816824F070041868AC
:106A2000044310684460184D1068A8421BD01068D9
:106A3000B0F1804F17D0154D1068A84213D0144DF7
:106A40001068A8420FD0134D1068A8420BD0124D09
:106A50001068A84207D0114D1068A84203D0104D0D
:106A60001068A84205D121F08001586801431068E0
:106A70008160012082F83D0000BF002082F83C00C8
:106A800000BF00BFBDE7000000000140000400405F
:106A900000080040000C004000040140004001409C
:106AA0000018004010B504460CB9012010BD94F840
:106AB0003D0028B9002084F83C00204600F026F86C
:106AC000022084F83D00211D206808F09FF9012074
:106AD00084F8460000BF84F83E0001213F200155A4
:106AE000402001554120015500BF00BF012084F81E
:106AF000420043200155442001554520015500BF67
:106B0000012084F83D000020D0E7000038B504469D
:106B10002749206888420FD100BF002000902548F7
:106B2000006840F02000234908600846006800F033
:106B30002000009000BF3AE01F49206888421AD127
:106B400000BF002000901B48001D006840F400308A
:106B50001849091D08600846006800F400300090DC
:106B600000BF00BF002205211920FFF733FB1920C9
:106B7000FFF71CFB1BE011492068884217D100BFBA
:106B8000002000900B48006840F4807009490860BC
:106B90000846006800F48070009000BF00BF00222B
:106BA00005212D20FFF716FB2D20FFF7FFFA38BD3A
:106BB00000140040403802400044014000200040E2
:106BC000014691F83D00012801D0012070470220C4
:106BD00081F83D001A4B086898421BD00868B0F154
:106BE000804F17D0174B0868984213D0164B08688F
:106BF00098420FD0154B086898420BD0144B086888
:106C0000984207D0134B0868984203D0124B08688B
:106C100098420CD10868806800F00702062A0CD060
:106C20000868006840F001000B68186005E008681B
:106C3000006840F001000B6818600020C6E7000003
:106C4000000001400004004000080040000C00402B
:106C5000000401400040014000180040014691F846
:106C60003D00012801D001207047022081F83D003D
:106C70000868C06840F001000B68D8601A4B0868CB
:106C800098421BD00868B0F1804F17D0174B0868A6
:106C9000984213D0164B086898420FD0154B0868DD
:106CA00098420BD0144B0868984207D0134B0868E1
:106CB000984203D0124B086898420CD1086880684B
:106CC00000F00702062A0CD00868006840F00100B6
:106CD0000B68186005E00868006840F001000B6868
:106CE00018600020C0E700000000014000040040E0
:106CF00000080040000C004000040140004001403A
:106D000000180040704770B504462068C5682068C8
:106D1000066906F00200022819D105F002000228D7
:106D200015D1401F21680861012020772068806903
:106D300000F0030018B12046FFF7E4FF05E020460D
:106D400000F097F8204600F095F80020207706F034
:106D50000400042819D105F00400042815D1C0430B
:106D600021680861022020772068806900F4407063
:106D700018B12046FFF7C6FF05E0204600F079F87D
:106D8000204600F077F80020207706F00800082859
:106D900019D105F00800082815D1C0432168086101
:106DA000042020772068C06900F0030018B1204655
:106DB000FFF7A8FF05E0204600F05BF8204600F052
:106DC00059F80020207706F01000102819D105F09E
:106DD0001000102815D1C0432168086108202077D1
:106DE0002068C06900F4407018B12046FFF78AFFA0
:106DF00005E0204600F03DF8204600F03BF800207A
:106E0000207706F0010048B105F0010030B16FF0C5
:106E1000010021680861204600F02EF806F080008D
:106E2000802809D105F08000802805D1C043216861
:106E300008612046FFF7DAFD06F04000402809D13E
:106E400005F04000402805D1C04321680861204674
:106E500000F026F806F02000202809D105F02000D7
:106E6000202805D1C043216808612046FFF7BFFDF7
:106E700070BD70477047000010B504460649206891
:106E8000884202D1FFF7CEF804E004492068884226
:106E900000D000BF10BD00000010004000440140C1
:106EA0007047704710B5044600BF00BF21680C3121
:106EB00051E8001F21F4F07021680C3141E8000214
:106EC000002AF3D100BF00BF00BF2168143151E890
:106ED000001F21F001002168143141E80002002A5E
:106EE000F3D100BF206B01280ED100BF00BF216885
:106EF0000C3151E8001F21F0100021680C3141E8ED
:106F00000002002AF3D100BF2068406900F0800031
:106F1000802820D100BF00BF2168143151E8001F34
:106F200021F080002168143141E80002002AF3D1E9
:106F300000BFA06B78B10020A16B0865A06BFDF7C6
:106F4000F5FE40B1A06BFDF793FF202803D1102080
:106F50006064032010BD2068406900F040004028B4
:106F600020D100BF00BF2168143151E8001F21F07B
:106F700040002168143141E80002002AF3D100BF2B
:106F8000E06B78B10020E16B0865E06BFDF7CEFEA9
:106F900040B1E06BFDF76CFF202803D11020606446
:106FA0000320D7E70020E084E0856064202084F897
:106FB000420084F841000020206300BFCAE770B59A
:106FC0000446002520684069C0F3C01594F84100CC
:106FD000212817D1B5B100BF00BF2168143151E895
:106FE000001F21F080002168143141E80002002ACE
:106FF000F3D100BFA06B10B1A06BFDF797FE204648
:1070000008F078F920684069C0F3801594F84200D0
:10701000222817D1B5B100BF00BF2168143151E853
:10702000001F21F040002168143141E80002002ACD
:10703000F3D100BFE06B10B1E06BFDF777FE2046A7
:1070400008F012F9002070BD10B504460CB90120FB
:1070500010BD242084F841002068C06820F400504E
:107060002168C860204600F0BFF90020606484F801
:10707000410084F842002063606300BF84F8400050
:1070800000BF00BFE4E770472DE9F84F04462068D1
:1070900005682068C668206847694FF00009CA463D
:1070A00005F00F09B9F1000F0AD105F0200038B141
:1070B00006F0200020B1204608F02FF9BDE8F88F37
:1070C000B9F1000F7CD007F0010018B906F49070F8
:1070D000002875D005F0010030B106F4807018B1B9
:1070E000606C40F00100606405F0040030B107F00E
:1070F000010018B1606C40F00200606405F002000D
:1071000030B107F0010018B1606C40F00400606419
:1071100005F0080048B106F0200010B907F00100A2
:1071200018B1606C40F008006064606C002846D0C4
:1071300005F0200028B106F0200010B1204608F02C
:10714000ECF820684069C0F3801A606C00F0080019
:1071500010B9BAF1000F2DD0204608F085F820684C
:10716000406900F04000402820D100BF00BF2168E6
:10717000143151E8001F21F040002168143141E82A
:107180000002002AF3D100BFE06B50B17748E16BF9
:107190000865E06BFDF720FE88B1E06B016D884764
:1071A0000DE02046FFF76FFF09E009E02046FFF7FA
:1071B0006AFF04E02046FFF766FF002060647DE779
:1071C000206B012878D105F01000002874D006F05B
:1071D00010000028FAD000BF00200090206800684E
:1071E000009020684068009000BF00BF20684069A0
:1071F00000F04000402860D1E06B006840681FFA52
:1072000080F8B8F1000F56D0A08D404553DDA4F8AA
:107210002E80E06BC069B0F5807F43D000BF00BF17
:1072200021680C3151E8001F21F4807021680C3175
:1072300041E80002002AF3D100BF00BF00BF21686F
:10724000143151E8001F21F001002168143141E898
:107250000002002AF3D100BF00BF00BF2168143133
:1072600051E8001F21F040002168143141E800027C
:10727000002AF3D100BF202084F8420000202063C0
:1072800000BF00BF21680C3151E8001F21F0100041
:1072900021680C3141E80002002AF3D100BFE06B05
:1072A000FDF744FD02206063A08DE28D801A81B25B
:1072B0002046FFF7F6FD01E742E0A08DE18D401A80
:1072C0001FFA80F8E08DD0B3B8F1000F37D000BFBF
:1072D00000BF21680C3151E8001F21F49070216833
:1072E0000C3141E80002002AF3D100BF00BF00BF0B
:1072F0002168143151E8001F21F001002168143188
:1073000041E80002002AF3D100BF202084F84200A7
:107310000020206300BF00BF21680C3151E8001F2E
:1073200021F0100021680C3141E80002002AF3D15D
:1073300000BF0220606341462046FFF7B2FDBDE674
:1073400005F0800030B106F0800018B1204608F04A
:10735000E9F9B3E605F0400030B106F0400018B19D
:10736000204607F0B7FFA9E600BFA7E62DF1000809
:1073700010B504460CB9012010BDA06900B100E0B1
:1073800000BF94F8410028B9002084F8400020464E
:1073900000F004F9242084F841002068C06820F43B
:1073A00000502168C860204608F036F8206800695F
:1073B00020F49040216808612068406920F02A008C
:1073C000216848612068C06840F400502168C860A6
:1073D00000206064202084F8410084F842000020EE
:1073E000606300BFC8E7000010B504465E4920682E
:1073F000884214D15D48006820F010005B490860A5
:1074000040215B48FDF72CFF80215948FDF728FFFC
:10741000E06BFDF7F5FC2520FEF7B2FEA2E0554932
:107420002068884216D15148001F006820F40030BF
:107430004E49091F086020214F48FDF711FF4021E8
:107440004D48FDF70DFFE06BFDF7DAFC2620FEF757
:1074500097FE87E049492068884217D14348001FBA
:10746000006820F480204149091F086089154248BE
:10747000FDF7F6FE4FF400713F48FDF7F1FEE06BBB
:10748000FDF7BEFC2720FEF77BFE6BE03C49206841
:10749000884217D13548001F006820F40020334986
:1074A000091F0860C9143748FDF7DAFE4FF4805110
:1074B0003448FDF7D5FEE06BFDF7A2FC3420FEF763
:1074C0005FFE4FE030492068884217D12748001FEF
:1074D000006820F480102549091F08608915244898
:1074E000FDF7BEFE4FF400712148FDF7B9FEE06BD9
:1074F000FDF786FC3520FEF743FE33E02349206884
:10750000884214D11948006820F02000174908600B
:1075100040211F48FDF7A4FE80211D48FDF7A0FE75
:10752000E06BFDF76DFC4720FEF72AFE1AE01949D3
:107530002068884216D10D48001F006820F0804066
:107540000A49091F086080211348FDF789FE4FF49E
:1075500080711148FDF784FEE06BFDF751FC52206D
:10756000FEF70EFE10BD000000100140443802403E
:107570000004024000440040000C0240004800406B
:10758000004C004000000240005000400014014048
:1075900000080240007800400010024010B586B09C
:1075A0000446142101A8F9F76FF8FE4920688842C3
:1075B00070D100BF00200090FB48006840F0100030
:1075C000F94908600846006800F01000009000BF0C
:1075D00000BF00BF00200090F3481438006840F05E
:1075E0000100F149143908600846006800F0010004
:1075F000009000BF00BF00BF002000900846006858
:1076000040F0020008600846006800F002000090A8
:1076100000BF00BF40200190022002900020039094
:10762000032004900720059001A9E048FDF7F6FE2D
:10763000802001900720059001A9DC48FDF7EEFEAF
:10764000DB48DC4908604FF0006048600021D94801
:107650008160C1604FF480610161002141618161FD
:107660004FF48071C161002101624162FDF724FD88
:1076700008B1FBF700F800BFCE48E063846300BFA9
:10768000002205212520FEF7A5FD2520FEF78EFD11
:1076900059E3FFE7C8492068884262D100BF002053
:1076A0000090C148001F006840F40030BE49091F27
:1076B00008600846006800F40030009000BF00BF7A
:1076C00000BF00200090B8481438006840F008005F
:1076D000B549143908600846006800F008000090B9
:1076E00000BF00BF202001900220029000200390E4
:1076F000032004900720059001A9B048FDF78EFEF5
:10770000402001900720059001A9AC48FDF786FEB6
:10771000AB48AC4908604FF0006048600021A948C0
:107720008160C1604FF4806101610021416181612C
:107730004FF48071C161002101624162FDF7BCFC20
:1077400008B1FAF798FF00BF9E48E063846300BF6A
:10775000002205212620FEF73DFD2620FEF726FD0E
:10776000F1E299492068884264D100BF002000906E
:107770008D48001F006840F480208B49091F086075
:107780000846006800F48020009000BF00BF00BFE2
:107790000020009084481438006840F008008249B6
:1077A000143908600846006800F00800009000BF27
:1077B00000BF881501900220029000200390032052
:1077C00004900720059001A97C48FDF727FE4FF49F
:1077D000007001900720059001A97848FDF71EFE72
:1077E00077486038794908604FF0006048600021B0
:1077F00076488160C1604FF4806101610021416180
:1078000081614FF48071C161002101624162FDF725
:1078100053FC08B1FAF72FFF00BF6C48E0638463A4
:1078200000BF002205212720FEF7D4FC2720FEF709
:10783000BDFC88E266492068884263D100BF002011
:1078400000905948001F006840F400205649091F65
:1078500008600846006800F40020009000BF00BFE8
:1078600000BF0020009050481438006840F001002C
:107870004D49143908600846006800F00100009086
:1078800000BF00BFC81401900220029000200390A6
:10789000032004900B20059001A94E48FDF7BEFD82
:1078A0004FF4805001900B20059001A94948FDF745
:1078B000B5FD434848384849086040054860002104
:1078C00045488160C1604FF48061016100214161E0
:1078D00081614FF48071C161002101624162FDF755
:1078E000EBFB08B1FAF7C7FE00BF3B48E0638463D7
:1078F00000BF002205213420FEF76CFC3420FEF787
:1079000055FC20E23549206888426BD100BF002039
:1079100000902548001F006840F480102249091F8C
:1079200008600846006800F48010009000BF00BFA7
:1079300000BF002000901C481438006840F002008E
:107940001949143908600846006800F002000090E8
:1079500000BF00BF88150190022002900020039014
:10796000032004900B20059001A91048FDF756FD57
:107970004FF4007001900B20059001A90B48FDF712
:107980004DFD0F48783816490860C0054860002151
:1079900013488160C1604FF4806101610021416141
:1079A000816120E0001001404438024000040240A0
:1079B000406402405855002000440040000C024042
:1079C00088600240B855002000480040185600204A
:1079D000004C00400000024038540020005000409D
:1079E0009854002018E04FF48071C16100210162B9
:1079F0004162FDF761FB08B1FAF73DFE00BFD348D5
:107A0000E063846300BF002205213520FEF7E2FB1E
:107A10003520FEF7CBFB96E1CD49206888425FD147
:107A200000BF00200090CB48006840F02000C9490A
:107A300008600846006800F02000009000BF00BF0A
:107A400000BF00200090C3481438006840F00400D4
:107A5000C049143908600846006800F0040000902E
:107A600000BF00BF40200190022002900020039040
:107A7000032004900820059001A9B748FDF7CEFC2B
:107A8000802001900820059001A9B348FDF7C6FCAD
:107A9000B248B3490860800548600021B048816061
:107AA000C1604FF4806101610021416181614FF447
:107AB0008071C161002101624162FDF7FDFA08B1E8
:107AC000FAF7D9FD00BFA648E063846300BF002237
:107AD00005214720FEF77EFB4720FEF767FB32E1DA
:107AE000A0492068884263D100BF002000909948D7
:107AF000001F006840F080409649091F0860084652
:107B0000006800F08040009000BF00BF00BF002070
:107B1000009090481438006840F010008D491439E6
:107B200008600846006800F01000009000BF00BF29
:107B300080200190022002900020039003200490F6
:107B40000820059001A98848FDF768FC4FF4807073
:107B500001900820059001A98348FDF75FFC834848
:107B6000834908604FF020604860002180488160B0
:107B7000C1604FF4806101610021416181614FF476
:107B80008071C161002101624162FDF795FA08B17F
:107B9000FAF771FD00BF7648E063846300BF0022FE
:107BA00005215220FEF716FB5220FEF7FFFACAE02D
:107BB00070492068884261D100BF0020009065486C
:107BC000001F006840F000406249091F0860084635
:107BD000006800F00040009000BF00BF00BF002020
:107BE00000905C481438006840F01000594914397E
:107BF00008600846006800F01000009000BF00BF59
:107C0000022001900290002003900320049008209D
:107C1000059001A95448FDF701FC012001900820BE
:107C2000059001A95048FDF7F9FB504848305249EA
:107C300008600005486000214F488160C1604FF432
:107C4000806101610021416181614FF48071C161F6
:107C5000002101624162FDF72FFA08B1FAF70BFD2E
:107C600000BF4548E063846300BF00220521532024
:107C7000FEF7B0FA5320FEF799FA64E03F49206816
:107C8000884260D100BF002000903248006840F078
:107C90008000304908600846006800F080000090CD
:107CA00000BF00BF00BF002000902A4814380068C1
:107CB00040F010002749143908600846006800F0B9
:107CC0001000009000BF00BF082001900220029029
:107CD00000200390032004900B20059001A9224866
:107CE000FDF79CFB042001900B20059001A91E4884
:107CF000FDF794FB19481838214908604FF02060BF
:107D0000486000211E488160C1604FF480610161BC
:107D10000021416181614FF48071C16100210162E4
:107D20004162FDF7C9F908B1FAF7A5FC00BF144894
:107D3000E063846300BF002205215920FEF74AFA60
:107D40005920FEF733FA06B010BD00009854002009
:107D500000140140443802400008024028640240F8
:107D60007856002000780040001002405860024021
:107D7000F8540020007C0040D8560020001C014030
:107D80003857002070B504460D46164694F8420058
:107D900020280BD105B10EB9012070BD0020206351
:107DA00032462946204607F059FCF6E70220F4E760
:107DB000704770472DE9F84F04460E46174699461E
:107DC0004FF0000A94F84100202850D106B117B9AD
:107DD0000120BDE8F88F00206064212084F8410074
:107DE000FDF726FC8246A784E784A068B0F5805F93
:107DF00004D1206910B90025B04602E035464FF0A5
:107E000000081EE05346002280212046CDF8009055
:107E100007F0B8FC20B1202084F841000320D8E707
:107E200045B9B8F80000C0F308002168486008F1BF
:107E3000020803E02878216848606D1CE08C401E31
:107E4000E084E08C0028DDD153460022402120460A
:107E5000CDF8009007F096FC20B1202084F8410076
:107E60000320B6E7202084F841000020B1E702207B
:107E7000AFE7704710B504460420F9F75DFF00B185
:107E800010BD00F0C1F800BFFAE7000010B50446CD
:107E9000E01F0C282FD2DFE800F00607101D28296C
:107EA0002A08090A0B0C00BF00BF00BF00BF00BFBB
:107EB00000BF204606F0A8FC1EE00420FAF72AF8CE
:107EC00000B910BD01200E4908700E49487104F038
:107ED000F3FE11E000200A4908700A49487104F0D5
:107EE000EBFE0420F9F7A8FE06E000BF00BF204625
:107EF000FAF71AFB00E000BF00BF00BFE1E7000097
:107F00007C6601206C66012010B5044601F068F91A
:107F100010BD10B504461F2C3FD00BDCA4F113009C
:107F20000C2853D2DFE800F01F20232122242A2B23
:107F30002F303435252C3CD008DCA4F12000052856
:107F400044D2DFE800F02B2F30313500412C35D002
:107F500004DC262C36D0402C38D12EE0442C08D01E
:107F6000452C33D106E000BF00BF00BF00BF00BFFB
:107F700000BF00BF204603F0D3F828E000BF204632
:107F800006F042FC23E000BF2046FCF75DFE1EE049
:107F900000BF204600F060F919E000BF204604F061
:107FA00093F814E000BF00BF2046FAF7BDFA0EE0D8
:107FB00000BF204606F09EFF09E000BF2046F9F70B
:107FC000D9FF04E0204601F0E9FB00E000BF00BF5C
:107FD00010BD000010B5054A05A10A4801F060FF78
:107FE0001E220021074801F065FF10BD757E0008C4
:107FF00048414E444C454B45595461736B46756E30
:10800000630000007812012070B54FF480510E48D3
:10801000F9F7C6FC064631460C4800F02FF8044636
:108020004FF400510848F9F7BBFC064631460848B2
:1080300000F024F805462146012000F0A7F8294663
:10804000022000F0A3F870BD00100240620300207F
:10805000650300200221064A9172012802D1054AD7
:10806000117104E0022802D10221034A1171704704
:108070007C6601209C660120BC660120024669B92D
:10808000002050701078022802D21078401C107026
:10809000107802280FD3012090700CE0002010709F
:1080A0005078022802D25078401C50705078022834
:1080B00001D30020907090787047000010B50446FE
:1080C000012C0CD10E488079012806D10D49087881
:1080D00000F01CF808B1012010BD0020FCE7022CC4
:1080E0000CD10748C079012806D10749087800F06B
:1080F0000DF808B10120EFE70020EDE70020EBE7E5
:108100007C6601209C660120BC6601200146052991
:1081100001D0062901D1012070470020FCE70000B2
:1081200010B504462046FFF7C9FF08B9002010BD6E
:108130001548407AA04207D0012C01D1312100E03E
:108140003221084600F088F80F48407AA04203D157
:108150002046FFF7B3FF08B90020E8E72046FFF705
:1081600079FF0948008A18B904F006FA064908821E
:108170000548008A0449C8810846C08908B1012021
:10818000D5E70020D3E700007C66012070B50446E7
:108190000D461C480078A04213D15DB11A48007901
:1081A000012807D01848407AA04203D12046FFF7A3
:1081B00085FF28B9002000F029F800201149087037
:1081C00070BD1048007800B1FAE705B9F8E70E482D
:1081D0000078012807D00C480079012803D004203A
:1081E000F9F7AAFD00B1EBE72046FFF799FF00B9C8
:1081F000E6E7012000F00AF808B10248047000BF69
:10820000DEE70000680300207C66012010B504460C
:108210002CB10420F9F77EFE08B9002010BD0C48EF
:1082200044710C480470204604F046FD2CB900202F
:108230000849C8810420F9F7FFFC0CB1092000E0CF
:108240000A200146022005F03BFE0120E6E700007F
:108250006C6601207C66012070B504460025244828
:108260000078012803D022480079012800D170BD90
:108270001D2C01D0312C01D101251AE01E2C01D07A
:10828000322C01D1022514E0062C12D11848407A74
:10829000012805D11648C079012801D1022508E03E
:1082A0001348407A022804D111488079012800D16E
:1082B0000125012D0BD10E488079012807D104F04A
:1082C0002DFA012004F032FB04F0F2FA0DE0022D49
:1082D0000BD10748C079012807D1022004F01EFA0B
:1082E000022004F023FB04F0E3FA00BFBFE7000024
:1082F0007C6601202DE9F04F99B00221FE48F9F784
:1083000057FB08B9012000E00020189018980028B9
:1083100068D1FA490870FA490870FA49FA4801F038
:1083200015F9FA480078062807D0F8480078072899
:1083300003D0F6480078092842D1F448007807288D
:1083400005D00020ED4948700720F0490870EB483F
:108350004078322807D2E9484078401CE749487005
:1083600019B0BDE8F08F0020E4494870E848017872
:10837000012000F033FE0020E4490870E449087051
:10838000E4490870E4490880E4490880012000F0CD
:1083900059FEE34800F08CFE4821052005F090FDD1
:1083A00032220321012000F09AFE0022092101203F
:1083B00000F095FE012000F059FF00F0DFFDCFE74F
:1083C0000020CE494870D1490870D2490870D2497E
:1083D0000880D2490880012000F034FED04800F027
:1083E00067FEBDE7012001F0C5F800B1B8E7C74856
:1083F000007860B90020C14908704870C049087011
:10840000C049C14801F0A2F80120C0490870BF4826
:108410000078012817D1B9480078052805D2B74857
:108420000078401CB54908709AE70020B3490870ED
:10843000B34908700220B5490870052202210120C5
:1084400000F04DFE8CE7B148007802280FD1AC480F
:108450000078142805D2AA480078401CA849087062
:108460007EE70020A64908700320A8490870A748A5
:10847000007808280FD1A3480088142805D2A14805
:108480000088401C9F4908806AE700209D490880B9
:1084900003209E4908709D480078032822D1F8F7F0
:1084A00057F910A8F8F76CFC8246524605210120C6
:1084B00000F015FEBAF1000F11D05146012000F076
:1084C000EBFE93490A908F4B8F4ACDE900108F49FC
:1084D000012000F00BFE012000F003FE40E7042025
:1084E0008A49087089480078042875D1F8F730F96E
:1084F00010228C492020F8F7B9FA8046B8F1000F15
:1085000012D142460621012000F0E9FD012000F0D1
:10851000E8FD00207E497B4B7B4ACDE900107B497A
:10852000012000F0E3FD1BE77E48057846783146E0
:10853000284600F027FE04467CB932460721012078
:1085400000F0CDFD002072496E4B6F4ACDE900105E
:108550006E49012000F0CAFD02E7A778384600F016
:1085600077FE6C49087008460078B8B16C4800F096
:108570009FFD0120684B0090664802786349012006
:1085800001F02CF848B133462A463946664800F0D7
:10859000A8FE4621052005F093FCE1E6F8F7D8F89F
:1085A000102262494020F8F761FA8046B8F1000FC6
:1085B00013D142460621012000F091FD012000F078
:1085C00090FD002052494F4B4F4ACDE900104F49D2
:1085D000012000F08BFDC3E6B1E0F8F7B9F854498B
:1085E0000320F8F79FFA8046B8F1000F12D14246F7
:1085F0000621012000F073FD012000F072FD002033
:108600004349404B404ACDE900104049012000F069
:108610006DFDA5E6454800780F90444840780E90DF
:10862000DDE90E1000F0BAFD8146B9F1000F0FD15F
:10863000072101200E9A00F052FD00203449314BF1
:10864000314ACDE900103149012000F04FFD87E6A5
:108650000221364800F046FF0C900421334800F018
:1086600041FF83460621314800F03CFF0B9099F80A
:1086700002000D90DDE90C210B9833468DE80608C9
:1086800003902A463946284801F02DF82849264803
:1086900000F0D9FF0D9800905A462148DDE90B31D2
:1086A00001F044F84621052005F00AFC184801783D
:1086B000012000F093FC1349134800F047FF00200D
:1086C000134908700620114908703A460821012014
:1086D00000F005FD324629460120636800F000FDE8
:1086E000DDE90B01CDE9001B0290D9F8043001202F
:1086F000DDE90E211EE00000000C024073030020A3
:108700007503002078030020770300207203002007
:10871000760300207A0300207C0300207E030020E3
:108720002C67012098330120E4650120A833012043
:10873000B833012000F0D6FC00F020FC10E63B48E6
:108740000078052833D13A480578467831462846DE
:1087500000F018FD044654B900203649364B374A1C
:10876000CDE900103149012000F0C0FCF8E5A77800
:10877000384600F06DFD3249087046202D492E4ADA
:108780002E4BCDE90632CDE908102E482E49CDE911
:108790000256CDE904102D482D4BCDE9000728489D
:1087A00002782249012000F0F9FD00B1D8E51F4808
:1087B0000078092810D120480088642805D21E4876
:1087C0000088401C1C490880CAE500201A4908801E
:1087D000032016490870C3E514480078062823D101
:1087E0001348057846783146284600F0CBFC04460D
:1087F000CCB1A778384600F02BFD11490870154A16
:1088000008460178012000F07BFE46200E490F4B00
:108810000F4ACDE90075CDE902610490084801785E
:10882000012000F077FD9BE500BF99E57203002071
:10883000983301207603002078030020770300207E
:108840007A0300207C030020800300202C67012095
:10885000E46501207E0300202DE9F04F99B001214D
:10886000FE48F9F7A5F808B9012000E000201890AB
:108870001898002868D1FA490870FA490870FA492E
:10888000FA4800F063FEFA480078062807D0F84856
:108890000078072803D0F6480078092842D1F44828
:1088A0000078072805D00020ED4948700720F049DE
:1088B0000870EB484078322807D2E9484078401CDD
:1088C000E749487019B0BDE8F08F0020E4494870CE
:1088D000E8480178022000F081FB0020E44908709C
:1088E000E4490870E4490870E4490880E4490880D4
:1088F000022000F0A7FBE34800F0DAFB4921052045
:1089000005F0DEFA32220321022000F0E8FB00220B
:108910000921022000F0E3FB022000F0A7FC00F098
:108920002DFBCFE70020CE494870D1490870D249CD
:108930000870D2490880D2490880022000F082FBEA
:10894000D04800F0B5FBBDE7022000F013FE00B1F7
:10895000B8E7C748007860B90020C149087048707E
:10896000C0490870C049C14800F0F0FD0120C0496D
:108970000870BF480078012817D1B9480078052849
:1089800005D2B7480078401CB54908709AE7002026
:10899000B3490870B34908700220B5490870052230
:1089A0000221084600F09BFB8CE7B14800780228C2
:1089B0000FD1AC480078142805D2AA480078401C92
:1089C000A84908707EE70020A64908700320A8493E
:1089D0000870A748007808280FD1A34800881428F9
:1089E00005D2A1480088401C9F4908806AE7002002
:1089F0009D49088003209E4908709D4800780328FF
:108A000022D1F7F7A5FE10A8F8F7C1F98246524621
:108A10000521022000F063FBBAF1000F11D051468E
:108A2000022000F039FC93490A908F4B8F4ACDE920
:108A300000108F49022000F059FB022000F051FB8A
:108A400040E704208A49087089480078042875D1D5
:108A5000F7F77EFE10228C492020F8F715F88046A3
:108A6000B8F1000F12D142460621022000F037FB78
:108A7000022000F036FB00207E497B4B7B4ACDE98B
:108A800000107B49022000F031FB1BE77E4805788F
:108A900046783146284600F075FB04467CB93246DC
:108AA0000721022000F01BFB002072496E4B6F4A29
:108AB000CDE900106E49022000F018FB02E7A7780C
:108AC000384600F0C5FB6C49087008460078B8B11C
:108AD0006C4800F0EDFA0120684B0090664802787F
:108AE0006349022000F07AFD48B133462A463946F0
:108AF000664800F0F6FB4721052005F0E1F9E1E6C4
:108B0000F7F726FE102262494020F7F7BDFF8046A6
:108B1000B8F1000F13D142460621022000F0DFFA1F
:108B2000022000F0DEFA002052494F4B4F4ACDE9B7
:108B300000104F49022000F0D9FAC3E6B1E0F7F780
:108B400007FE54490320F7F7F9FF8046B8F1000FFC
:108B500012D142460621022000F0C1FA022000F0A4
:108B6000C0FA00204349404B404ACDE9001040493B
:108B7000022000F0BBFAA5E6454800780F90444873
:108B800040780E90DDE90E1000F008FB8146B9F147
:108B9000000F0FD1072102200E9A00F0A0FA00204A
:108BA0003449314B314ACDE900103149022000F0FF
:108BB0009DFA87E60221364800F094FC0C900421CF
:108BC000334800F08FFC83460621314800F08AFCD0
:108BD0000B9099F802000D90DDE90C210B983346BB
:108BE0008DE8060803902A463946284800F07BFDA8
:108BF0002849264800F027FD0D9800905A46214844
:108C0000DDE90B3100F092FD4721052005F058F910
:108C100018480178022000F0E1F91349134800F0E8
:108C200095FC0020134908700620114908703A4647
:108C30000821022000F053FA3246294602206368D8
:108C400000F04EFADDE90B01CDE9001B0290D9F8E6
:108C500004300220DDE90E211EE00000000C02407D
:108C60008303002085030020880300208703002061
:108C700082030020860300208A0300208C0300204A
:108C80008E0300203C670120D83301202866012094
:108C9000E8330120F833012000F024FA00F06EF9E7
:108CA00010E63B480078052833D13A4805784678E5
:108CB0003146284600F066FA044654B90020364989
:108CC000364B374ACDE900103149022000F00EFA48
:108CD000F8E5A778384600F0BBFA3249087047201B
:108CE0002D492E4A2E4BCDE90632CDE908102E48EB
:108CF0002E49CDE90256CDE904102D482D4BCDE982
:108D00000007284802782249022000F047FB00B102
:108D1000D8E51F480078092810D120480088642829
:108D200005D21E480088401C1C490880CAE5002066
:108D30001A490880032016490870C3E514480078D2
:108D4000062823D11348057846783146284600F096
:108D500019FA0446CCB1A778384600F079FA1149DF
:108D60000870154A08460178022000F0C9FB472028
:108D70000E490F4B0F4ACDE90075CDE90261049011
:108D800008480178022000F0C5FA9BE500BF99E58C
:108D900082030020D83301208603002088030020AE
:108DA000870300208A0300208C030020900300200A
:108DB0003C670120286601208E03002010B5054A7B
:108DC00005A10A4801F06CF80A220021074801F0C9
:108DD00071F810BD097F000848414E444C4553438B
:108DE000414E5461736B46756E6300000823012089
:108DF0002DE9FF4F87B00C469246169F0020039046
:108E00002CB1BAF1000F02D00FB1387818B9002098
:108E10000BB0BDE8F08FF9780798814201D00020AF
:108E2000F6E7BD1D44212046F7F72EFC0A9884F88A
:108E30003B00149884F83C00159884F83D0000200D
:108E4000607128202071387901282ED178790C287A
:108E500001D00020DCE795F800B068780690A8788B
:108E60000590E8780490A87900F077FB0646E87949
:108E700000F073FB8046287A00F06FFB8146687A29
:108E80000290A87A00F022FA01906979287900F01E
:108E900087F8039003986072E87AE085E87A208684
:108EA000E87A60860020A0712CE03879022827D16A
:108EB0007879102801D00020AAE795F800B06878EA
:108EC0000690A8780590E8780490287A00F045FB91
:108ED00006464FF00008687A00F03FFB8146E87ACA
:108EE0000290687900F0F2F901902879607228798F
:108EF0000390A87AA0710020E0852086608601E0BA
:108F0000002085E716B1B14500DDB146C14500DA64
:108F1000C14684F840B0069820720598A085049850
:108F2000E0710398E0600298A086A4F82880668526
:108F3000A4F812802682A4F81680A682A4F81A80CB
:108F40002683A4F82290A4F82490A4F826900198EF
:108F500084F83E0005984000CAF80000069800EB2F
:108F600080004000CAF80400049800EB8000400034
:108F7000CAF80800CAF80CB0012049E710B5034848
:108F8000007910B9012004F077FF10BD7C66012044
:108F900001460A22B1FBF2F0462800D9462070476C
:108FA00010B502460C4644EA0221C1F30B0302F05D
:108FB000F000F02801D1184610BD02F0F00008B909
:108FC0001804F9E70846F7E78A4200DA0A468842B9
:108FD00000DA0846904200DD1046704770B506463C
:108FE0000D46284600F052F900B970BD14480079CA
:108FF00020B11349487900F049F900B9F5E7304646
:1090000000F0FEF804466CB101200D4908710846D5
:109010004471204604F0DAFE22460A21304600F070
:109020005EF8E2E7002006490871487104F0CEFEC0
:1090300000220D21304600F052F800BFD5E70000B5
:109040007C66012010B50446012C03D1034800F0D2
:1090500009F802E0024800F005F810BDE4650120BF
:109060002866012000B97047002180F83B1080F885
:109070003C1080F83D1080F8401001728185C1716C
:10908000C16081860185418541820182C1828182E0
:109090004183018341848184C18441710171817163
:1090A000C186018780F83A1080F83E1000BFDAE7E9
:1090B0000021016041608160C160704770B5054664
:1090C0000C46284600F0E2F838B1204600F0DEF801
:1090D00018B1A54201D00E2070BD2846FCE77047AC
:1090E0007047704770B504AC70CC70BD2DE9F04787
:1090F00081460F4614469846DDE9085627B11CB153
:10910000B8F1000F00D00DB9BDE8F0872078032832
:1091100002D22078401C2070207803280AD2002038
:10912000A8F800000820387022780E214846FFF782
:10913000D6FFE9E7E6B13146484600F02FFA40B1E4
:109140002878B04214D02E703146484600F0A2F97B
:109150000EE02878B04204D10949487900F096F829
:1091600028B92E702978484600F074F900E02E7076
:109170000020A8F800000920387000BFC4E70000F4
:109180007C66012070B504460D462B4622460E2112
:10919000014800F00FF870BD1C64010870B504466A
:1091A0000D462B4622460D21014800F003F870BD04
:1091B0008C64010830B504460D4600210CE014F81B
:1091C0003100904207D104EBC1004078984202D1AF
:1091D00004EBC10030BD491CA942F0D30020F9E7DF
:1091E00010B5FFF787F8FFF737FB00F0A9FA10BDBD
:1091F0000146012901D10A2070470C20FCE700003C
:1092000010B50446012C0DD10D480078092807D16E
:109210000C48007800F03AF810B10A48007810BD08
:109220000020FCE708480078092807D107480078A3
:1092300000F02CF810B105480078F0E70020EEE7C8
:1092400082030020860300207203002076030020A2
:109250000146132901D101207047052901D00629B3
:1092600001D10220F8E70020F6E7000010B504461F
:1092700005480078012805D10D21204600F0EAF8C4
:10928000012010BD0020FCE77C66012010B50446DB
:10929000204603F025FA10BD70B505460C46072C94
:1092A00007D2DFE804F00408090A0B070C000020CD
:1092B00070BD00BF00BF00BF00BF00BF00BF284699
:1092C000FFF796FFF4E701460020704701460229A8
:1092D00001D101207047032901D10220FAE70020C3
:1092E000F8E72DE9F04104460F4615461E460CB935
:1092F000BDE8F08144212046F7F7C6F984F83B70B9
:1093000084F83C5084F83D60002060712820207172
:1093100000BFEDE72DE9F04F89B080460D461646B7
:109320001F46DDE913ABDDF84890159C1CB12846BB
:1093300000F07FF910B909B0BDE8F08F1648007849
:10934000012800D1F7E703A9404603F0FFFE00B96A
:10935000F1E7BDF822002188884200D1EBE72846DA
:1093600000F067F99DF81010884200D0E3E703A8E9
:109370004B463A463146CDE900AB02904046FFF7F6
:1093800037FD00B9D7E7BDF82200208005201699E7
:1093900004F096FD00BFCEE77C6601202DE9F04F7A
:1093A00089B082460C4690469946DDF850B01A9F27
:1093B000DDE9166514B12078052803D0002009B036
:1093C000BDE8F08F22480078012800D1F7E703A913
:1093D000504603F0BBFE48B346B3BDF822003188C7
:1093E000884223D0404600F024F99DF810108842AE
:1093F0001CD103A91598CDE900B002914946504609
:10940000DDE91223FFF7F4FC80B1BDF822003080C3
:1094100005201B9904F054FD39785046FFF7DEFD16
:1094200000203870062020700120C8E775B1288818
:10943000401C28802888962808D30020CDE9007099
:1094400021465046DDE91823FFF750FE0120B6E71C
:109450007C6601202DE9F04106460C462546204653
:10946000FFF714FF40B13046FFF7CAFE0746394602
:109470002046FFF723FE0546284607F06DFD2846E7
:1094800004F0A4FC2A460A213046FFF728FEBDE876
:10949000F08100003EB505460C460020009001908A
:1094A00002908DF8004040F6B831204604F0B2FC3E
:1094B00040F6B8312046FAF775FB6A4601210A20CA
:1094C00004F084FD054804704FF496700449088048
:1094D00022460A212846FFF702FE3EBD94030020E3
:1094E000920300200246481C105C535C40EA0320B3
:1094F00070470246535C481C105C43EA00207047EA
:109500002DE9F04107460D461446284600F091F833
:10951000064604B10EB9BDE8F0810B480078012879
:1095200002D100202080F6E72088401C208020887F
:10953000C82806D30020208000223146384603F098
:109540005DFF00BFE7E700007C66012008B1002254
:10955000027009B100220A80704702464FF47A7007
:1095600002FB00F1B1F5803F01D34FF6FF7188B2E5
:109570007047000010B5044607480079012808D15B
:1095800005494879FFF782FE08B1002010BD01208F
:10959000FCE70020FAE700007C66012070B5044675
:1095A0000D462846FFF772FE08B9002070BD0A4834
:1095B000007808B90020F9E70748407A012801D16E
:1095C000022C05D00448407A022803D1012C01D195
:1095D0000120EBE70020E9E77C6601202DE9F04758
:1095E00080460C4616461D46DDF82090304600F0B9
:1095F00020F8074604B115B90020BDE8F0870FB97F
:109600000020FAE7002028804A463946404603F009
:10961000F5FE18B1052020700120EEE70020ECE7F0
:1096200001460A20B1FBF0F2FF2A00D9FF22D0B296
:1096300070470146012900D17047022901D102205B
:10964000FAE70020F8E72DE9F04704460F4604B199
:109650000FB9BDE8F08702213846FFF74AFF804680
:1096600004213846FFF745FF054606213846FFF737
:1096700040FF0646AE4200DA2E46324629464046B4
:10968000FFF7A2FC804600213846FFF732FF8146F3
:10969000FFF77EFCA0862585668565822682E582A9
:1096A000A68265832683A4F82280A4F82480A4F8E7
:1096B0002680387AFFF707FE84F83E00787AA0719A
:1096C00000206071282020710A213846FFF711FF21
:1096D000E0860C213846FFF70CFF2087B87B84F822
:1096E0003A0000BFB5E72DE9F05F04460D46164687
:1096F0001F46DDE90CABDDE90A890CB9BDE8F09F36
:1097000084F83B5084F83C6084F83D7084F84080D5
:109710004846FFF785FF20720A20BAFBF0F0A085CB
:109720005846FFF77DFFE07100BFE7E730B5039CC7
:109730000525B2FBF5F5056041608360C46030BD6E
:1097400010B50E48008800B910BD0C480088401EB6
:109750000A4908800846008868B90948007938B97C
:109760000848007820B1002211460A2004F02EFC9F
:1097700000200449087000BFE6E7000092030020C3
:109780007C6601209403002000BFFEE710B5F7F7C8
:1097900035FF10BD10B501F0DDF910BD10B5044660
:1097A000F8F728FB262C00D000BF10BD0146086842
:1097B0004069C0F38020B0B16FF480600A685061E6
:1097C00000200863202081F83D00002081F83E0041
:1097D000086C40F00400086400BF002081F83C00E1
:1097E00000BF012070470020FCE700002DE9F8438E
:1097F00004460F4615469946DDE90886206800684C
:1098000040F48060216808602068006840F480703F
:1098100021680860434600224FF00111204600965F
:1098200000F037F960B12068006800F48070B0F58E
:10983000807F02D14FF4007020640320BDE8F883DC
:1098400007F0FE0021680861334642463E49204643
:1098500000F07EF908B10120F0E700BF0020009081
:1098600020684069009020688069009000BF00BFB8
:1098700032464146204600F02DFA50B1206C0428B3
:1098800005D12068006840F400702168086001205C
:10989000D4E7B9F1010F03D1E8B22168086117E0FC
:1098A000C5F307202168086132464146204600F092
:1098B00011FA50B1206C042805D12068006840F4EA
:1098C0000070216808600120B8E7E8B221680861EB
:1098D00032464146204600F0FDF950B1206C042884
:1098E00005D12068006840F40070216808600120FC
:1098F000A4E72068006840F480702168086043464F
:1099000000224FF001112046009600F0C2F858B135
:109910002068006800F48070B0F5807F02D14FF4B9
:1099200000702064032089E7F8B240F0010021684C
:109930000861334642460449204600F009F908B15F
:1099400001207BE7002079E7020001002DE9F843C0
:109950000446884615469946DDE908672068006890
:1099600040F4807021680860334600224FF00111F6
:109970002046009700F08DF860B12068006800F480
:109980008070B0F5807F02D14FF400702064032016
:10999000BDE8F88308F0FE00216808613B463246C6
:1099A0002149204600F0D4F808B10120F0E700BFBB
:1099B0000020009020684069009020688069009035
:1099C00000BF00BF3A463146204600F083F950B14F
:1099D000206C042805D12068006840F400702168DC
:1099E00008600120D4E7B9F1010F03D1E8B2216882
:1099F000086117E0C5F30720216808613A4631463F
:109A0000204600F067F950B1206C042805D1206889
:109A1000006840F40070216808600120B8E7E8B2EF
:109A2000216808610020B3E70200010070B5044618
:109A30000D46164625E02046FFF7B8FE08B1012086
:109A400070BD681CE8B1FBF7F3FD801BA84200D88D
:109A5000BDB920684069C0F3800090B90020206340
:109A6000202084F83D00002084F83E00206C40F067
:109A70002000206400BF002084F83C0000BF0120CB
:109A8000DEE720684069C0F380000028D3D00020C2
:109A9000D6E72DE9F04104460D4617461E46DDF88F
:109AA000188038E0701CA8B3FBF7C2FDA0EB0800DB
:109AB000B04200D876BBC5F3074001280AD1206820
:109AC0004069A9B20840A9B2884201D101200BE047
:109AD000002009E020688069A9B20840A9B2884244
:109AE00001D1012000E00020B84214D10020206301
:109AF000202084F83D00002084F83E00206C40F0D7
:109B00002000206400BF002084F83C0000BF01203A
:109B1000BDE8F081FFE7C5F3074001280AD12068BE
:109B20004069A9B20840A9B2884201D101200BE0E6
:109B3000002009E020688069A9B20840A9B28842E3
:109B400001D1012000E00020B842ABD00020DFE7C7
:109B50002DE9F04104460D4616461F4658E02068A0
:109B60004069C0F38020E8B12068006840F40070CC
:109B7000216808606FF480602168486100202063DC
:109B8000202084F83D00002084F83E00206C40F046
:109B90000400206400BF002084F83C0000BF0120C6
:109BA000BDE8F081701C90B3FBF742FDC01BB042D2
:109BB00000D866BBC5F3074001280AD12068406978
:109BC000A9B20840A9B2884201D101200BE00020CF
:109BD00009E020688069A9B20840A9B2884201D191
:109BE000012000E0002090B900202063202084F8AC
:109BF0003D00002084F83E00206C40F020002064EE
:109C000000BF002084F83C0000BF0120C8E7FFE748
:109C1000C5F3074001280AD120684069A9B208406D
:109C2000A9B2884201D101200BE0002009E02068A0
:109C30008069A9B20840A9B2884201D1012000E0A0
:109C4000002000288BD00020AAE770B504460D46FE
:109C5000164637E020684069C0F30010A0B16FF0ED
:109C600010002168486100202063202084F83D0016
:109C7000002084F83E00206C206400BF002084F89F
:109C80003C0000BF012070BDFBF7D2FC801BA84246
:109C900000D8BDB920684069C0F3801090B9002099
:109CA0002063202084F83D00002084F83E00206CD2
:109CB00040F02000206400BF002084F83C0000BF7A
:109CC0000120E0E720684069C0F380100028C1D07F
:109CD0000020D8E770B504460D46164625E020461C
:109CE000FFF764FD08B1012070BD681CE8B1FBF707
:109CF0009FFC801BA84200D8BDB920684069C0F312
:109D0000C01090B900202063202084F83D0000207E
:109D100084F83E00206C40F02000206400BF00204A
:109D200084F83C0000BF0120DEE720684069C0F3F2
:109D3000C0100028D3D00020D6E7000010B50122C3
:109D400020210448F7F73CFE012210210148F7F7D3
:109D500037FE10BD0008024000B500F01BF800BD42
:109D600010B5064A06A10A4800F09AF84FF4967218
:109D70000021074800F09EF810BD0000599D000822
:109D8000497764675461736B46756E630000000029
:109D90009C7A0120704710B504460B2C1AD2DFE8DC
:109DA00004F0190607080911150A0B0C0D0000BF75
:109DB00000BF00BF00BF00BF00BF00BF204601F0D2
:109DC000AFF907E0204605F095F803E02046FEF7DE
:109DD00043FA00BF00BF10BD2DE9F04106460F4613
:109DE000154600223946304609F0F3F9044600F0E2
:109DF0006BF82946204600F0D9F80CB1012000E0AC
:109E000000200346002221460348006800F0E8F8DD
:109E10002046BDE8F0810000400400202DE9F0411B
:109E200004460F4690461D462946204600F0BEF8DF
:109E300042463946204609F017FD064600F044F830
:109E40003346424621460348006800F0C9F83046D0
:109E5000BDE8F081480400202DE9F04104460F469A
:109E600090461D462946204600F0A0F800234246B1
:109E70003946204609F0E2FA064600F025F8334656
:109E8000424621460348006800F0AAF83046BDE883
:109E9000F08100004404002010B5F7F72DF810BD44
:109EA00070B504460D46164632462946204607F050
:109EB00039F970BD70B504460D461646324629463E
:109EC000204607F0AFF970BD10B51448007800F0D7
:109ED000010018B112480068406800B910BD11486F
:109EE000006818B90F4910A00BF070FD1148006808
:109EF00018B9104910A00BF069FD1848006818B98E
:109F0000164917A00BF062FD1E48006818B91D49DC
:109F10001DA00BF05BFD00BFE0E70000480700203C
:109F2000400700203C0400204B65726E656C517543
:109F30006575650040040020435245415445207139
:109F4000756575653D3078257820776169743D25A4
:109F50007520726573756C743D257500440400208E
:109F600053454E442071756575653D3078257820E0
:109F7000776169743D257520726573756C743D2534
:109F80007500000048040020524543562071756555
:109F900075653D3078257820776169743D25752099
:109FA000726573756C743D257500000070B50546CB
:109FB0000C464DB144B10848007800F0010018B1DA
:109FC00006480068406800B970BD214628460BF07D
:109FD00005FC00BFF8E7000048070020400700200C
:109FE0002DE9FC4104460D4616461F460E480078F2
:109FF00000F0010018B10D480068406808B9BDE8DC
:10A00000FC81FFF761FF0A48006800B104B9F6E778
:10A010002B4622460648CDE9006701689B200AF0DE
:10A0200029FF00BFEBE700004807002040070020A1
:10A030003C04002038B5002400251C48006800B905
:10A0400038BD002000901AA3002269461748006816
:10A05000FFF7E4FE012803D19DF800409DF8015070
:10A0600029462046F7F710FF00B1E9E7062C18D281
:10A07000DFE804F01703070B0F132846FFF78BFEEA
:10A0800010E02846FDF702FF0CE02846FDF741FFEF
:10A0900008E0284603F083FA04E0284602F066F957
:10A0A00000E000BF00BF00BFCAE70000E8000020DA
:10A0B0004B65794265686976517565756500000084
:10A0C00010B50446FFF7B6FF10BD000010B504A29E
:10A0D00002211420FFF780FE0549086010BD000032
:10A0E0004B65794265686976517565756500000054
:10A0F000E80000203EB504460A4A07CA8DE807007A
:10A10000200A8DF80400E0B28DF80500FF208DF8DC
:10A11000060000208DF807000821684606F050FE72
:10A120003EBD0000186501081CB50446284903C956
:10A13000CDE90001200A8DF80400E0B28DF8050099
:10A14000FF208DF806008DF807000821684606F00C
:10A1500037FEB4F5B05F1AD00DDCA4F59050A0F531
:10A16000897048B301282BD0B0F5F87F1BD0B0F52B
:10A17000FA7F29D113E06FF4B050204458B1012880
:10A1800015D0052820D10020124908701DE00020BC
:10A190001049487019E000200E49887015E0002031
:10A1A0000C49C87011E000200A4988720DE00020B7
:10A1B00008490871487108E000200649887104E0E8
:10A1C00000200449C87100E000BF00BF1CBD0000B2
:10A1D000246501082C8B01203EB50446084A07CAB5
:10A1E0008DE807000748047000208DF80800E0B2F1
:10A1F0008DF809000A21684606F0E2FD3EBD000028
:10A200000C6501084C040020F0B593B007460C46DD
:10A2100016461D4600201290119010903C2101A876
:10A22000F6F732FA8948006800908948008884422D
:10A2300009D188480078864205D187480078854250
:10A2400001D113B0F0BD8248048082480670824874
:10A250000570380A8DF80400F8B28DF80500642006
:10A2600094FBF0F0C0B28DF84A000A2094FBF0F0A5
:10A270000A2190FBF1F201FB1200C0B28DF84900F7
:10A280000A2094FBF0F100FB1140C0B28DF84800A9
:10A290000A2096FBF0F00A2190FBF1F201FB12007C
:10A2A000C0B28DF845000A2096FBF0F100FB11606A
:10A2B000C0B28DF84400642095FBF0F0C0B28DF878
:10A2C00042000A2095FBF0F00A2190FBF1F201FB1D
:10A2D0001200C0B28DF841000A2095FBF0F100FB9E
:10A2E0001150C0B28DF840001F208DF8020044B913
:10A2F0003EB935B91C220DF106012020F7F754FCB8
:10A300009EE0B9208DF80600E6208DF80700B82001
:10A310008DF80800F1208DF809003A208DF80A0028
:10A3200020208DF80B00A6208DF80C00D5208DF88C
:10A330000D009DF845003030C0B28DF80E002E2083
:10A340008DF80F009DF844003030C0B28DF8100039
:10A35000A1208DF81100A2208DF8120020208DF888
:10A3600013009DF84A003030C0B28DF814009DF8FB
:10A3700049003030C0B28DF815009DF848003030EB
:10A38000C0B28DF816006D208DF817008DF81800FA
:10A39000A1208DF81900A2208DF81A0020208DF838
:10A3A0001B009DF8420000281BDD9DF84200303064
:10A3B000C0B28DF81C009DF841003030C0B28DF85D
:10A3C0001D009DF840003030C0B28DF81E00A12065
:10A3D0008DF81F00E3208DF8200020208DF821004B
:10A3E0002EE09DF84100002817DD9DF84100303037
:10A3F000C0B28DF81C009DF840003030C0B28DF81E
:10A400001D00A1208DF81E00E3208DF81F002020E4
:10A410008DF820008DF8210012E09DF840003030CA
:10A42000C0B28DF81C00A1208DF81D00E3208DF82E
:10A430001E0020208DF81F008DF820008DF82100CF
:10A440002221684606F0BCFC00BFFAE6546501080C
:10A450004E04002050040020510400207CB5054625
:10A460000C460A4903C9CDE90001280A8DF8040009
:10A47000E8B28DF80500200A8DF80600E0B28DF8EC
:10A4800007000821684606F09BFC7CBD406501087A
:10A490003EB505460C460D4A07CA8DE80700280A56
:10A4A0008DF80400E8B28DF80500200E8DF8060046
:10A4B000200C8DF80700200A8DF80800E0B28DF816
:10A4C00009000A21684606F07BFC3EBD486501088C
:10A4D0003EB505460C460A4A07CA8DE80700280A19
:10A4E0008DF80400E8B28DF80500200A8DF806000A
:10A4F000E0B28DF807000821684606F061FC3EBD19
:10A500002C6501087CB505460C46854903C9CDE993
:10A510000001280A8DF80400E8B28DF80500200A31
:10A520008DF80600E0B28DF807000821684606F0B5
:10A5300047FC41F20651681A8D4273D014DCB5F520
:10A54000A85F59D008DCA5F59050A0F589700028C7
:10A5500067D0012871D190E06FF4A85028440028FA
:10A5600054D00128F6D169E0FA280DD0FB281AD082
:10A57000FC286ED0B0F5807FECD1B4F5C87F02D155
:10A58000012068490870C8E0B4F5AA7F03D1012012
:10A590006449487006E040F25510844202D102201E
:10A5A00060494870B9E0B4F5AF7F03D040F2631062
:10A5B000844203D101205B4988701CE040F25F10A7
:10A5C000844203D102205749887014E0B4F5B07F6B
:10A5D00003D10320534988700DE040F2611084429A
:10A5E00003D104204F49887005E0B4F5B17F02D152
:10A5F00005204C49887090E06A2C03D1002049491D
:10A60000087202E001204749087286E0CE2C03D18F
:10A6100000204449487202E00120424948727CE02F
:10A6200000E017E0B4F5977F03D101203D49C870E1
:10A6300002E002203B49C8706FE06DE0B4F5977FFF
:10A6400003D101203749887202E00220354988721F
:10A6500063E025E0B4F5827F03D10220314988719F
:10A660000AE040F20510844203D103202D4988718D
:10A6700002E001202B4988714FE0B4F5837F03D1BC
:10A6800002202849C8710AE040F20710844203D131
:10A6900003202449C87102E001202249C8713CE02E
:10A6A000B4F5B47F04D100201E494871087132E02E
:10A6B00040F26910844204D101201A49487108719E
:10A6C00029E0B4F5B57F05D1022016494871012073
:10A6D000087120E040F26B10844205D1032011493B
:10A6E00048710120087116E0B4F5B67F05D101204C
:10A6F0000C494871002008710DE040F26D10844251
:10A7000005D10320074948710020087103E00020AB
:10A7100004494871087100E000BF00BF7CBD000023
:10A72000386501082C8B01203EB50446114A07CA42
:10A730008DE807001048007884420AD10F4800785D
:10A74000002805DD0D480078401E0C49087003E024
:10A750003EBD0120094908700748047000208DF8AB
:10A760000800E0B28DF809000A21684606F028FBCF
:10A7700000BFEDE7006501084C0400204D040020F7
:10A7800070B50646034C251529462046FAF740FFCA
:10A7900000BF70BD0010024010B5054A05A1084871
:10A7A000FFF77EFBC82200210548FFF783FB10BDA1
:10A7B00081A700084C45445461736B46756E630075
:10A7C0001834012010B53F480078002877D03D4864
:10A7D000808A20B1012808D0022816D10BE0012080
:10A7E000394908700020487010E00220364908708E
:10A7F000002048700AE00320334908703149488A34
:10A8000000F033FB3049487000E000BF00BF2D4826
:10A81000407A012813D12B49487B00F02DFB48B921
:10A820000120294988702749087A00F015FB26493C
:10A8300048711BE0032024498870487116E02148C4
:10A84000407A022812D11F49487B00F015FB48B915
:10A8500002201D4988701B49087A00F0FDFA1A4948
:10A86000487103E004201849887048711548C08970
:10A870004FF4206190FBF1F01349C8701149C98968
:10A880000A2291FBF2F0C11700EB11610912A0EB53
:10A8900001210D4A11710B49C88AC11700EB1161E2
:10A8A000090A91710749C88AC11700EB11610912A1
:10A8B000A0EB0121D17100F0E9FA02E0FFE700F01E
:10A8C00017FB10BD7C660120B500002010B50446C2
:10A8D000FFF778FF01F07EFDF7F787FA10BD10B59E
:10A8E0000446F6F7BBFF10BD08B500BF002000907E
:10A8F0002A48006840F4800028490860084600683B
:10A9000000F48000009000BF00BF00BF0020009056
:10A910000846006840F4001008600846006800F42B
:10A920000010009000BF00BF002205210B20FBF7A4
:10A9300051FC0B20FBF73AFC002205210C20FBF711
:10A9400049FC0C20FBF732FC002205210D20FBF70F
:10A9500041FC0D20FBF72AFC002205210E20FBF70D
:10A9600039FC0E20FBF722FC002205211020FBF70A
:10A9700031FC1020FBF71AFC002205213920FBF7DF
:10A9800029FC3920FBF712FC002205213A20FBF7B5
:10A9900021FC3A20FBF70AFC08BD000030380240D9
:10A9A00010B5FFF779FA10BD00B587B0142102A8E1
:10A9B000F5F76AFE00BF002001904548006840F0AE
:10A9C0008000434908600846006800F0800001905C
:10A9D00000BF00BF00BF002001900846006840F0A3
:10A9E000100008600846006800F01000019000BFE9
:10A9F00000BF00BF002001900846006840F008003A
:10AA000008600846006800F00800019000BF00BF21
:10AA100000BF002001900846006840F00400086074
:10AA20000846006800F00400019000BF00BF00BFAE
:10AA3000002001900846006840F0010008600846C8
:10AA4000006800F00100019000BF00BF00BF0020BF
:10AA500001900846006840F002000860084600685F
:10AA600000F00200019000BF00BF081502904FF4F3
:10AA7000041003900120049002A91648FAF7CEFCB6
:10AA8000022002904FF4041003900120049002A9C8
:10AA90001148FAF7C3FC012002904FF40410039010
:10AAA0000120049002A90C48FAF7B8FC0022052105
:10AAB0000720FBF78FFB0720FBF778FB002205211F
:10AAC0002820FBF787FB2820FBF770FB07B000BDB1
:10AAD0003038024000080240000C024010B50B481C
:10AAE0000B4908600B484860002109488160C1603B
:10AAF0004FF480410161002141618161C1610162C6
:10AB0000FAF7C2FD08B1F7F7B6FD10BD00580040D6
:10AB1000F4790120A086010010B50B480B490860AC
:10AB20000B484860002109488160C1604FF48041B2
:10AB30000161002141618161C1610162FAF7A4FDF7
:10AB400008B1F7F798FD10BD005C0040487A01207D
:10AB5000A086010010B5FFF7C1FFFFF7DDFF10BDB4
:10AB600010B51048104908604CF24F304860002181
:10AB70000D4881601421C160002101618021816143
:10AB8000FBF790FF08B1F7F776FD6FF0010006497B
:10AB9000096808610449096808610348FCF75EF820
:10ABA00010BD0000004401402051002010B51048A5
:10ABB000104908604CF24F30486000210D48816018
:10ABC0004FF4FA61C1600021016180218161FBF7CE
:10ABD00069FF08B1F7F74FFD6FF0010005490968FB
:10ABE00008610449096808610248FCF737F810BD9C
:10ABF00000200040685100201CB50020009001900A
:10AC00001148124908606320486000210F488160A4
:10AC10004FF6FF71C16080218161FBF743FF08B1EE
:10AC2000F7F729FD00200090019069460748FBF7DF
:10AC3000DFFE08B1F7F71FFD0020044909684862EC
:10AC40000248FBF7BDFF1CBD00140040D850002097
:10AC500010B50B480B4908604FF4E1304860002103
:10AC600008488160C16001610C214161002181615E
:10AC7000C161FCF77DFB08B1F7F7FDFC10BD0000DA
:10AC8000001C0140F053002010B50C480C4908602E
:10AC90004FF4E13048600021094881604FF40051D1
:10ACA000C160002101610C21416100218161C1610C
:10ACB000FCF75EFB08B1F7F7DEFC10BD004C00406E
:10ACC000B051002010B50B480B4908604FF4E1303B
:10ACD0004860002108488160C16001610C21416128
:10ACE00000218161C161FCF743FB08B1F7F7C3FCA8
:10ACF00010BD000000500040F851002010B50B4876
:10AD00000B4908604FF4E130486000210848816039
:10AD1000C16001610821416100218161C161FCF7CD
:10AD200027FB08B1F7F7A7FC10BD00000078004032
:10AD30004052002010B50B480B4908604FF4E13039
:10AD40004860002108488160C16001610C214161B7
:10AD500000218161C161FCF70BFB08B1F7F78BFCA7
:10AD600010BD0000007C0040A853002010B50B4827
:10AD70000B4908604FF4E1304860002108488160C9
:10AD8000C16001610C21416100218161C161FCF759
:10AD9000EFFA08B1F7F76FFC10BD0000001001409A
:10ADA0008852002010B50B480B4908604FF4E13081
:10ADB0004860002108488160C16001610C21416147
:10ADC00000218161C161FCF7D3FA08B1F7F753FCA8
:10ADD00010BD000000440040D052002010B50C48C7
:10ADE0000C4908604FF4E130486000210948816057
:10ADF0004FF40051C160002101610C21416100212B
:10AE00008161C161FCF7B4FA08B1F7F734FC10BDF9
:10AE1000004800401853002010B50C480C49086049
:10AE20004FF4E13048600021094881604FF400513F
:10AE3000C160002101610C21416100218161C1617A
:10AE4000FCF796FA08B1F7F716FC10BD00140140A4
:10AE50006053002000BFFEE70146062901D0052906
:10AE600001D1022070470120FCE70146642901D985
:10AE700064207047C8B2FCE701460A2901D00929BD
:10AE800001D1012070470020FCE700000EB514A29C
:10AE900007CA8DE80700154800788DF801001348AF
:10AEA00040788DF80200114880788DF803000F4833
:10AEB000C0788DF804000D4800798DF805000B4826
:10AEC00040798DF80600094880798DF80700074819
:10AED000C0798DF808000B21684605F0F1FD0EBD24
:10AEE000AA0000000000000000BBAA00B50000207E
:10AEF00010B50B21014805F0E3FD10BDAA000020AC
:10AF000010B5054A05A10A48FEF7CAFF0322002131
:10AF10000748FEF7CFFF10BDDFA800084D4F544F84
:10AF200052554152545461736B46756E6300000074
:10AF3000A844012010B50E48007898B10D4800795A
:10AF400001280FD10B48407909490978884209D175
:10AF500005F0DCFF002002F039FF002211460A2034
:10AF600003F034F80020024908700349087010BD4E
:10AF7000950300207C6601209603002001460F29DE
:10AF800016D2DFE801F01315080B0C09151515157D
:10AF9000150E0F15110000BF0520704700BF0820D7
:10AFA000FBE700BF0420F8E70320F6E70020F4E702
:10AFB0000B20F2E73EB5044600200090019002907D
:10AFC0008DF80040204605F0C7FF204602F0FEFE47
:10AFD0006A4601210A2002F0F9FF3EBD70B5054620
:10AFE0002846FFF7CBFF044604B970BD0C48007833
:10AFF000A8420CD10B480078A04208D10A48007939
:10B00000012804D108484079A04200D1EDE7044866
:10B010000570044804702046FFF7CCFF00BFE4E74A
:10B0200096030020950300207C660120002007493C
:10B030000870074948718871C870087105494870DF
:10B040008881054948708881704700007C6601202E
:10B050006C660120DC6601200467012010B5012325
:10B06000002219461846F6F76DFC03230022012141
:10B070000846F6F767FC0223002201210846F6F78E
:10B0800061FC0123002219460220F6F75BFC032332
:10B09000002201210220F6F755FC022300220121A3
:10B0A0001846F6F74FFC10BD00BFFEE710B504468A
:10B0B00000F0E0FB10BD000010B504A20421052043
:10B0C000FEF78AFE0549086010BD000050554D503E
:10B0D000414D73675175657565000000EC000020F7
:10B0E0002DE9F04780460C4600F014F805462E6A1C
:10B0F000AF8B3946304601F01CFF81463A46314657
:10B10000404601F0CFFE82460CB184F800905046D4
:10B11000BDE8F08700487047DC66012070470000FA
:10B120002DE9F04104462046F6F7D1FD07464FF0E1
:10B13000000800250026162C77D019DC162C75D2B5
:10B14000DFE814F074002F009C00D9003701740070
:10B150007400460284029B02D902740074007400D9
:10B1600074007400740074007400740176019D0012
:10B170002A2C75D00CDC272C73D004DC172C71D052
:10B18000182C53D117E1282C6DD0292CF9D177E058
:10B190002B2C69D02C2C68D0442C67D0452CF0D1B6
:10B1A0002EE3F8480078401CF649087008460078FD
:10B1B000062801DD00200870F348008920B900202E
:10B1C000F0490870BDE8F081EF480089012806D1F8
:10B1D000EC48007800EB4000EB4988814DE0EA48FC
:10B1E0000089022823D1E8480079012800D1E9E745
:10B1F000E4480078062817D2DFE800F003040506CB
:10B200000E1200BF00BF00BFDE48007800EB8000D8
:10B210004000DD49888107E03220DB49888100BF9A
:10B220004620D949888100BF27E064E117E3D6486A
:10B230000089032821D1D348007806281CD2DFE8F2
:10B2400000F003040506071600BF00BF00BF00BFE3
:10B25000CC480078322110FB01F0CB4988810BE00B
:10B260004AE1E4E049E1E4E048E1A3E05AE24FF4D6
:10B270009670C549888100BF00BFF1E200BF00BFE2
:10B28000C148008940B90020BF4948703846F6F7E8
:10B29000D3FC01F037FB95E7BB48407800BB27B1F2
:10B2A0003846F6F737FE00B98CE7B748808920B9F1
:10B2B000B54801F0B9F9B4498881022C01D10120C7
:10B2C00000E0002080460120AF4948700846008910
:10B2D00002280DD1084680F804800020488007E04D
:10B2E0000020A9494870087148803846F6F7A4FC48
:10B2F00001F008FBB4E2A5480078401CA34908709F
:10B3000008460078052801DD00200870A048008963
:10B3100018B900209D4908704AE09D48008901281D
:10B3200006D19A48007800EB4000994988813FE0B7
:10B330009748008902281CD194480078062817D223
:10B34000DFE800F0030405060E1200BF00BF00BFD7
:10B350008E48007800EB800040008D49888107E02E
:10B3600032208B49888100BF46208949888100BFEF
:10B370001EE08748008903281AD1844800780628EF
:10B3800015D2DFE800F003040506070F00BF00BF79
:10B3900000BF00BF7D480078322110FB01F07C49DE
:10B3A000888104E04FF496707949888100BF00BF1E
:10B3B00056E200BF00BF7648008940B900207449BA
:10B3C00048703846F6F738FC01F0A6FAFAE67048FD
:10B3D000407800BB27B13846F6F79CFD00B9F1E68E
:10B3E0006B48808920B96A4801F01EF96849888154
:10B3F000042C01D1012000E0002080460120644996
:10B4000048700846008902280DD1084680F804805B
:10B410000020488007E000205D490871488048709E
:10B420003846F6F709FC01F077FA19E200BF00BFD1
:10B4300000BF55480089012804D0022806D00328FF
:10B4400011D10CE00120504988820FE04E4800796C
:10B45000012800D1B6E605204B49888206E01E206F
:10B460004949888202E001F04DFAABE600BF464848
:10B4700001F0BAF80546444801F0D0F80646132C0E
:10B4800001D0272C19D140488089A84202DB3E48D0
:10B4900085812BE03C488089281A80B23A49898A04
:10B4A000884202DC3848858120E037488089364967
:10B4B000898A08443449888118E033488089B04239
:10B4C00002DC3148868111E02F488089801B80B2E0
:10B4D0002D49898A884202DC2B48868106E02A4869
:10B4E00080892949898A401A2749888126484078D5
:10B4F00001F008FAB4E100BF00BF00BF2448008992
:10B50000012804D0022806D0032811D10CE0012024
:10B510001F4988820FE01E480079012800D151E6BA
:10B5200005201B49888206E01E201949888202E016
:10B5300001F0F2F946E600BF154801F055F805465E
:10B54000134801F06BF80646162C01D02A2C21D1A5
:10B550000F488089A84202DB0D48858133E00C4802
:10B560008089281A80B20A49898A884202DC084800
:10B57000858128E0064880890549898A084404496C
:10B58000888120E003040020DC6601200404002000
:10B5900004670120B4488089B04202DCB248868149
:10B5A00011E0B1488089801B80B2AF49898A884206
:10B5B00002DCAD48868106E0AB488089AA49898AC9
:10B5C000401AA9498881A848407801F0A5F947E1C7
:10B5D00027B13846F6F79EFC00B9F3E5A348008989
:10B5E000022815D1A248407A58BBA048007901280A
:10B5F00002D100209D4908719C48808920B99B4850
:10B6000001F012F89949888101209849487018E0A2
:10B6100095480089022814D19548407A88B9924803
:10B620000079012802D100208F4908718E48808955
:10B6300020B98D4800F0F8FF8B49888101208A49A4
:10B64000487001F05FF901F067F909E18748008966
:10B65000022803D100208549487006E0824800890D
:10B66000022802D10020804948703846F6F7E4FAF3
:10B6700001F048F901F050F9F2E027B13846F6F749
:10B6800049FC00B99EE578480089022815D1784820
:10B69000407A58BB74480079012802D100207249D1
:10B6A00008717148808920B96F4800F0BDFF6E496C
:10B6B000888101206C49487018E06C480089022894
:10B6C00014D16B48407A88B968480079012802D1C2
:10B6D0000020664908716548808920B9634800F0F8
:10B6E000A3FF6249888101206049487001F00AF98E
:10B6F00001F012F9B4E05C480089022803D100206F
:10B700005949487006E059480089022802D10020B2
:10B71000564948703846F6F78FFA01F0F3F801F011
:10B72000FBF89DE027B13846F6F7F4FB00B949E590
:10B730004F48407A01282DD14C480089022812D167
:10B740004A480079012802D1002048490871474839
:10B75000808920B9454800F067FF4449888101206D
:10B760004249487047E040480089022843D13E489A
:10B770000079012802D100203B4908713A488089AC
:10B7800020B9394800F050FF3749888101203649F7
:10B79000487030E03648407A02282CD1324800897F
:10B7A000022812D130480079012802D100202E4908
:10B7B00008712D48808920B92B4800F035FF2A49AF
:10B7C000888101202849487015E02848008902280E
:10B7D00011D126480079012802D10020234908719F
:10B7E0002248808920B9214800F01EFF1F49888126
:10B7F00001201E49487001F085F801F08DF82FE016
:10B800001B48407A01280FD118480089022803D12B
:10B810000020164948701AE013480089022816D102
:10B8200000201149487012E01148407A02280ED1D8
:10B830000D480089022803D100200B49487006E01A
:10B840000A480089022802D1002008494870384679
:10B85000F6F7F2F901F056F801F05EF800E000BFEB
:10B8600000BF00BFAEE4000004670120DC660120D9
:10B870007C66012070B52DED0A8B82B00026002475
:10B880000025002001905C48006868B15BA300229D
:10B89000694659480068FEF7C1FA012803D1BDF88E
:10B8A00002005A49888100BF5848407810B957486B
:10B8B000007920B155480089C6B254488489012EC8
:10B8C00004D0022E1BD0032E73D14EE0002050492D
:10B8D00008700F2C00DD0F2401A92046FFF700FCA3
:10B8E00004469DF8040008B1FFF718FCC4EBC4003F
:10B8F00000EB40004FF6FF7101EA40055AE00120DD
:10B9000043490870B4F5967F01D94FF4967401A9A4
:10B910002046FFF7E5FB04469DF8040008B1FFF759
:10B92000FDFB20460AF0F5FA41EC190B20460AF01F
:10B93000F0FA41EC1C0B9FED370B53EC102B0AF087
:10B94000FBFA41EC1B0B9FED350B53EC102B0AF06F
:10B950000BFA41EC1A0B53EC192B0AF0EDFA41ECFF
:10B96000180B0AF0A9FA85B224E0012028490870D2
:10B97000B4F5967F01DD4FF4967401A92046FFF7D8
:10B98000AFFB04469DF8040008B1FFF7C7FB204653
:10B990000AF0BFFA41EC190B9FED220B53EC102B70
:10B9A0000AF0CAFA41EC180B0AF086FA85B201E0F7
:10B9B000FFE700BF00BF1548007980B19DF8040083
:10B9C00068B912494888411C104A5180642806DD34
:10B9D0000025002400201146087148704880204648
:10B9E00001F000FA0A480178284601F0CBFA02B0CB
:10B9F000BDEC0A8B70BD0000EC00002050554D508E
:10BA0000414D73675175657565000000DC66012066
:10BA1000F40000207B14AE47E17A943FCDCCCCCC2F
:10BA2000CCCC0040D7A3703D0AD7E33F10B5044605
:10BA300000F032F810BD000010B504A2042102206D
:10BA4000FEF7CAF90549086010BD000050554D5079
:10BA5000424D73675175657565000000F800002060
:10BA60002DE9F04180460C4600F010F805462E6A9C
:10BA7000AF8B24B13946304601F05BFA20703A466C
:10BA80003146404601F00EFABDE8F08100487047AB
:10BA9000046701207047000070B52DED0A8B82B05D
:10BAA000002600240025002001905C48006868B151
:10BAB0005BA30022694659480068FEF7AFF90128E8
:10BAC00003D1BDF802005A49888100BF5848407828
:10BAD00010B95748007920B155480089C6B254487A
:10BAE0008489012E04D0022E1BD0032E73D14EE088
:10BAF0000120504908700F2C00DD0F2401A92046B9
:10BB0000FFF7AEFF04469DF8040008B1FFF7C2FF3F
:10BB1000C4EBC40000EB40004FF6FF7101EA4005A2
:10BB20005AE0002043490870B4F5967F01D94FF4DC
:10BB3000967401A92046FFF793FF04469DF8040080
:10BB400008B1FFF7A7FF20460AF0E3F941EC190B13
:10BB500020460AF0DEF941EC1C0B9FED370B53EC4D
:10BB6000102B0AF0E9F941EC1B0B9FED350B53EC60
:10BB7000102B0AF0F9F841EC1A0B53EC192B0AF0D0
:10BB8000DBF941EC180B0AF097F985B224E00020AC
:10BB900028490870B4F5967F01DD4FF4967401A929
:10BBA0002046FFF75DFF04469DF8040008B1FFF74B
:10BBB00071FF20460AF0ADF941EC190B9FED220B05
:10BBC00053EC102B0AF0B8F941EC180B0AF074F999
:10BBD00085B201E0FFE700BF00BF1548007980B1E2
:10BBE0009DF8040068B912494888411C104A5180E8
:10BBF000642806DD002500240020114608714870E5
:10BC00004880204601F0FCF80A480178284601F0F7
:10BC1000E1F902B0BDEC0A8B70BD0000F800002015
:10BC200050554D50424D7367517565756500000064
:10BC300004670120000100207B14AE47E17A943FA5
:10BC4000CDCCCCCCCCCC0040D7A3703D0AD7E33FC1
:10BC500070B5CCB0002600250024982126A8F4F762
:10BC600013FD98216846F4F70FFD26A804F0E0FFC5
:10BC700005460A2D01DA4CB070BD0024B9E126A8B2
:10BC8000005DFE2874D126A9601C085CEF28F9D15C
:10BC900008190A226946F5F75BFF08216846F5F79F
:10BCA00065FF06469DF809009DF8081000EB01208D
:10BCB000B042E7D19DF80200B6285AD19DF80300A2
:10BCC000C12856D19DF80400012807D19DF8050030
:10BCD000012803D10020CA49887512E09DF80400AC
:10BCE000012803D19DF805000A2807D09DF804001B
:10BCF000012806D19DF805000B2802D10120C0497A
:10BD00008875BF48807D012821D19DF80400012855
:10BD10000CD19DF805000A2808D19DF807009DF870
:10BD2000061000EB0120B649088053E19DF804009D
:10BD30000128FAD19DF805000B28F6D19DF80700DF
:10BD40009DF8061000EB0120AD49C88042E19DF846
:10BD500004000128E9D19DF805000128E5D19DF8EE
:10BD600007009DF8061000EB0120A549088031E18D
:10BD70003DE19DF80200D0287ED19DF80300B42853
:10BD80007AD19F48807D012863D19DF80400B528B1
:10BD90000CD19DF80500CD2808D19DF807009DF82D
:10BDA000061000EB0120964948810FE09DF8040041
:10BDB000B6280BD19DF80500CD2807D19DF80700C6
:10BDC0009DF8061000EB01208D4988819DF8040044
:10BDD000B8280CD19DF80500DF2808D19DF8070090
:10BDE0009DF8061000EB01208549C8810FE09DF801
:10BDF0000400B9280BD19DF80500DF2807D19DF874
:10BE000007009DF8061000EB01207D4908829DF88F
:10BE10000400B2280CD19DF80500EE2808D19DF849
:10BE200007009DF8061000EB012075494882D1E01B
:10BE30009DF80400B32889D19DF80500EE2885D12E
:10BE40009DF807009DF8061000EB01206C498882E0
:10BE5000C0E06B48807D002889D19DF80400B5289A
:10BE600010D19DF80500CD280CD19DF807009DF854
:10BE7000061000EB012000E028E0614948800846F8
:10BE8000408848819DF80400B8280ED19DF805002F
:10BE9000DF280AD19DF807009DF8061000EB01206D
:10BEA0005749888008468088C8819DF80400B228D8
:10BEB0000BD19DF80500EE2807D19DF807009DF8ED
:10BEC000061000EB01204E49488283E04D4800787F
:10BED00080BB9DF80200BB283AD19DF80300AA2838
:10BEE00036D19DF80400CC2832D19DF80500DD281C
:10BEF0002ED19DF807000A2815D004DC032807D0AE
:10BF0000052823D108E00B2815D00C281ED119E0F4
:10BF100001203B4948761AE00220394948765520ED
:10BF200001F014FD13E0032035494876562001F056
:10BF30000DFD0CE00CE0042031494876572001F05B
:10BF400005FD04E005202E49487600E000BF41E0F1
:10BF50002C48007880BB9DF80200BB283AD19DF8A0
:10BF60000300AA2836D19DF80400CC2832D19DF8D0
:10BF7000050002282ED19DF807000A2815D004DC00
:10BF8000032807D0052823D108E00B2815D00C285A
:10BF90001ED119E001201A4948761AE002201849FA
:10BFA0004876552001F0D2FC13E00320144948766E
:10BFB000562001F0CBFC0CE00CE004201049487640
:10BFC000572001F0C3FC04E005200D49487600E04D
:10BFD00000BF00BF00200A4908760120C8750F2263
:10BFE00069460020F5F7E0FD04F1090084B2601C09
:10BFF00084B2A5F10900A0423FF741AE00BF3AE686
:10C00000C86501207C66012010B50821014804F0B4
:10C010005BFE10BDC703002010B50821014804F0E5
:10C0200053FE10BDCF03002010B50821014804F0D5
:10C030004BFE10BDD703002010B50821014804F0C5
:10C0400043FE10BDDF03002010B50821014804F0B5
:10C050003BFE10BDE703002010B50821014804F0A5
:10C0600033FE10BDEF03002010B50821014804F095
:10C070002BFE10BD9703002010B50821014804F0E5
:10C0800023FE10BDAF03002010B50821014804F0C5
:10C090001BFE10BD9F03002010B50821014804F0CD
:10C0A00013FE10BDB703002010B50821014804F0AD
:10C0B0000BFE10BDA703002010B50821014804F0B5
:10C0C00003FE10BDBF03002051490978012903D0A8
:10C0D0004F490979012900D170471F2807D020282E
:10C0E00054D0332802D034284FD150E000BF484903
:10C0F000497A012922D1474AD170454A51734549AD
:10C10000898951824349C98991821146898A19B91D
:10C110004049C988118238E03D49898A012904D102
:10C120003C4909893A4A11822FE03949898A022912
:10C130002BD138494989364A118226E03449497A57
:10C14000022922D10121344AD170314A5173324936
:10C15000898951823049C98991821146898A19B9E0
:10C160002D49C988118210E02949898A012904D101
:10C1700029490989264A118207E02549898A022925
:10C1800003D125494989224A11823DE000BF204957
:10C19000497A012919D11F4AD1701D4A51731D498D
:10C1A000898951821B49C98991821146898A19B9A5
:10C1B0001849C988118226E01549898A012922D1A6
:10C1C00014490989124A11821DE01149497A02294C
:10C1D00019D10121104AD1700D4A51730E49898934
:10C1E00051820D49C98991821146898A19B90A4932
:10C1F000C988118207E00649898A012903D10649C5
:10C200000989034A118200BF00BF00BF64E7000034
:10C210007C6601209C660120BC66012070B5044646
:10C220000025462C06D0472C19D0482C2DD0492C5F
:10C230007ED15DE001204A49887100F071FC012047
:10C2400000F0AEFD40B1012000F068FA012000F0DE
:10C25000A1F8012000F06AFB00F02AFB7EE001203B
:10C260003F49C871022000F05BFC022000F098FDFD
:10C2700040B1022000F052FA022000F08BF80220B8
:10C2800000F054FB00F014FB68E03548407A0128C8
:10C2900000D100E0002005460020314988712021AE
:10C2A0003048F4F7F1F9D5B12D48007880B92C4821
:10C2B000007968B92A48C079012809D1022000F024
:10C2C0002DFA022000F066F8022000F02FFB06E0B5
:10C2D0000020234908724873487200F005F90023D2
:10C2E0001A461946012000F097FC00F0E1FA35E00B
:10C2F0001B48407A022801D1012000E000200546B9
:10C3000000201749C87120211748F4F7BDF9DDB1A5
:10C310001348007888B91248007970B910488079BC
:10C3200001280AD100F0FAF9012000F033F800E00A
:10C3300013E0012000F0FAFA06E000200849087234
:10C340004873487200F0D0F800231A4619460220BC
:10C3500000F062FC00F0ACFA00E000BF00BF70BD6E
:10C360007C6601209C660120BC66012010B5044655
:10C37000462C06D0472C05D0482C04D0492C07D198
:10C3800002E000BF00BF00BF2046FFF747FF00BF2D
:10C3900000BF10BD00B50346184600F0D3F80246B2
:10C3A00009480089022804D10748808908B906484D
:10C3B000828106480089022804D10448808908B98E
:10C3C0000248828100BD0000DC6601200467012074
:10C3D0007047000070B50025002400263D48007914
:10C3E00028B100203C4908703C49087070BD3948AC
:10C3F000407A012801D13A4D06E03648407A0228B9
:10C4000001D1384D00E0002532480078012831D1B3
:10C410000DB33048808A68B9AC8A44B12046FFF732
:10C42000D7FF2C49C989884201DC012000E00020A7
:10C4300006461FE02748808A01280DD1EC8A44B1C6
:10C440002046FFF7C5FF2349C989884201DC012046
:10C4500000E0002006460DE01E48808A022809D12F
:10C460002C7E2CB11B48408AA04201DB012000E059
:10C470000020064666B11848007848B90B2001F044
:10C48000A5FC0120144908700020144908701FE021
:10C4900096B11148007878B110480078401C0F49D7
:10C4A0000870084600780A2812D30B2001F08EFC91
:10C4B00000200A4908700BE056B90748007838B1E7
:10C4C000002001F083FC0020034908700349087034
:10C4D00000BF8BE77C6601200004002001040020DF
:10C4E0009C660120BC6601200EB5002000900190E2
:10C4F00002906A460021032001F068FD6A4600218F
:10C50000042001F063FD6A460021082001F05EFD71
:10C510006A460021062001F059FD6A4600210B20E1
:10C5200001F054FD6A460021072001F04FFD6A46E4
:10C530000021092001F04AFD6A4600210C2001F08B
:10C5400045FD0EBD0146012902D10548408A7047CC
:10C55000022902D10348408AF9E70020F7E70000EA
:10C560009C660120BC66012000B50249487AFFF7AD
:10C57000E9FF00BD7C66012000210E48407A0128B9
:10C5800001D10D4907E00B48407A022801D10B493F
:10C5900001E0002070470748808A012801D10889FE
:10C5A000F8E70448808A022801D14889F2E7C88860
:10C5B000F0E700007C6601209C660120BC6601203B
:10C5C00000B5FFF7D1FF024602B94622104600BD72
:10C5D000014609B900207047487808B9087908B1C0
:10C5E000C889F8E78889F6E7014609B9002070474D
:10C5F000088A08B1088AFAE70889012804D00228C5
:10C6000004D0032808D104E00F20F0E74FF496701F
:10C61000EDE74FF49670EAE70020E8E7014609B934
:10C6200000207047488AFCE700B503460BB900209C
:10C6300000BD1889012804D0022804D0032807D19E
:10C6400004E00320F4E7FFF7BBFFF1E73220EFE758
:10C650000020EDE770B503460025002200240026E7
:10C66000012B01D1114D05E0022B01D1104D01E04C
:10C67000002070BD286800EB80026C68AE6802B1D3
:10C680000CB90020F5E7B2F5803F01D34FF6FF72F9
:10C69000FF2C00D9FF24FF2E00D9FF26100A0870B6
:10C6A0004A708C70CE700120E3E700002C670120F7
:10C6B0003C6701200146132901D101207047002069
:10C6C000FCE70146052907D0062905D00D2903D02E
:10C6D0000F2901D0112901D1012070470020FCE76A
:10C6E00001460A2903D00C2901D00E2901D10120CD
:10C6F00070470020FCE70146052901D0062901D139
:10C70000012070470020FCE70146052901D00629D9
:10C7100001D1012070470020FCE700000146002005
:10C72000012901D1164804E0022901D1154800E091
:10C730007047028A144BDA82C269DA61C2899A822E
:10C7400002799A7282895A82C2785A7302781A726E
:10C750001A465172928A12B9C2881A820AE00A4AAB
:10C76000928A012A03D10289074B1A8202E0428988
:10C77000054B1A82044A128A034BDA8100BFD7E7BD
:10C780009C660120BC6601207C66012001461529BB
:10C7900027D2DFE801F0260B0C0D0E1213181A1524
:10C7A0001610191C1D21221E1F240F0000BF00BFE0
:10C7B00000BF00BF00BF0120704700BF0220FBE7A1
:10C7C00000BF0320F8E700BF00BF0420F4E700BF6C
:10C7D00000BF00BF0520EFE700BF0620ECE71320F5
:10C7E000EAE70846E8E700002DE9FE430020009054
:10C7F0000190029023480078012800D100E0002039
:10C8000007462148C07A08B1012000E00020044614
:10C8100084F0010584F001061B48807A032802D1C8
:10C820000CB9012000E00020804601208DF80000B6
:10C830001548807A012800D100E000208DF8010021
:10C840006A463946032001F0C1FB02208DF8000042
:10C850000D48807A022801D1012000E000208DF8E7
:10C8600001006A462946032001F0B0FB03208DF841
:10C8700000008DF801806A46314601F0A7FBBDE853
:10C88000FE8300006C6601207C6601203EB50446F4
:10C890000D46002000900190029004208DF80000C9
:10C8A0008DF801506A462146032001F08FFB3EBD02
:10C8B00010B51148807960B10F48407A012800D145
:10C8C00000E0002003460D4801780122104600F0E8
:10C8D000A3F90948C07968B10748407A022801D114
:10C8E000012000E0002003460548017801220220D3
:10C8F00000F092F910BD00007C6601209C660120CA
:10C90000BC66012010B5034A0F21012000F09CF9FC
:10C9100010BD0000DC66012010B5034A1021022082
:10C9200000F092F910BD0000046701202DE9FE4FD0
:10C93000064600200090019002905948407B012853
:10C9400000D100E0002081465549087AFFF7D3FE68
:10C95000044654480078012800D100E000208246B7
:10C960004F48C07A08B1012000E00020054685F05C
:10C97000010785F001084A48807A032802D10DB9E1
:10C98000012000E0002083464548407AB04201D0B3
:10C99000BDE8FE8F01208DF800004148807A012813
:10C9A00000D100E000208DF801006A4651460320C6
:10C9B00001F00CFB02208DF800003948807A022833
:10C9C00001D1012000E000208DF801006A463946BF
:10C9D000032001F0FBFA03208DF800008DF801B070
:10C9E0006A46414601F0F2FA4946304600F05CF8EA
:10C9F00064B12B48808A022801D1012000E0002088
:10CA000002460121032000F0F5F804E0002211465F
:10CA1000032000F0EFF82248808A08B9012000E0E6
:10CA2000002002460121084600F0E4F81C48808AF4
:10CA3000012800D100E0002002460121022000F080
:10CA4000D9F88CB11648808A02280DD11448408A42
:10CA5000C0B28DF8000000208DF801006A46012167
:10CA6000082001F0B3FA04E06A460021082001F032
:10CA7000ADFA0B48008A00128DF800000848008AC1
:10CA8000C0B28DF8010000208DF802008DF803007F
:10CA90006A460121092001F099FA00BF78E70000F9
:10CAA0007C6601206C660120FEB505460C46002020
:10CAB00000900190029000261849087AFFF724FEA2
:10CAC00020B169462846FFF7C5FD06467EB16A4695
:10CAD0000021062001F07AFA6A4600210C2001F0BC
:10CAE00075FA6A4601210B2001F070FA10E06A46DF
:10CAF00000210B2001F06AFA8DF800406A460121FE
:10CB0000062001F063FA6A4601210C2001F05EFA6A
:10CB10006A462146072001F059FAFEBD7C660120D5
:10CB200070B5064600250024012E02D12B4D2C4C59
:10CB300005E0022E02D12B4D2B4C00E070BD2021D0
:10CB40002046F3F7A1FD95F83B00207095F83C00D6
:10CB5000607095F83D00A070E88D2082E86808B10B
:10CB6000E86800E0687AE061A88E6082E88EA082C2
:10CB7000288FE08295F83A00207695F83E00E08113
:10CB8000A879A081688CE080A88C2081E88C6081E5
:10CB900095F84000E0702078FFF793FD88B1012000
:10CBA000124988701248807A032803D01048807A8E
:10CBB000012803D10E48807A20710DE002202071F7
:10CBC0000AE02078FFF776FD18B10948807A2071D5
:10CBD00002E00748807A207100BFAFE7E4650120DA
:10CBE0009C66012028660120BC6601206C6601203D
:10CBF0007C660120FEB504460E46154600200090D6
:10CC0000019002908DF800408DF801506A4631463F
:10CC1000042001F0DBF9FEBDFEB504460D461646C4
:10CC20001F4600200090019002902846FFF7AEFDBD
:10CC30008DF800008DF801408DF802706A4631468B
:10CC4000052001F0C3F9FEBD2DE9FE4307460E465F
:10CC500014460020009001900290208908B1012024
:10CC600000E0002080462046FFF7B2FC0546208900
:10CC7000C0B28DF8000028128DF80100E8B28DF8DE
:10CC800002006A464146384601F0A0F92089C0B248
:10CC90008DF80000607808B1012000E000208DF8D8
:10CCA000010000208DF802006A464146304601F03E
:10CCB0008DF9BDE8FE83000030B50146344C24896F
:10CCC000022C01D1012400E000242246314C2489A9
:10CCD000022C01D1012400E000242346002091B160
:10CCE00062B15BB12C4C647A012C01D101200AE0C5
:10CCF000294C647A022C06D1022004E00AB10120FA
:10CD000001E003B1022000F0010474B10024204DC1
:10CD10002C716C804624AC8101246C701F4C2478EB
:10CD200044F001041D4D2C700FE01C4C247804F0DD
:10CD3000010454B10024164D6C702C716C80174C9A
:10CD4000247804F0FE04154D2C7000F0020474B138
:10CD50000024104D2C716C804624AC8101246C7031
:10CD60000E4C247844F002040C4D2C700FE00B4C58
:10CD7000247804F0020454B10024064D6C702C7128
:10CD80006C80064C247804F0FD04044D2C7030BDFA
:10CD9000DC660120046701207C660120020400207B
:10CDA00000B50246012A02D10D48807920B1022A3D
:10CDB00004D10B48C07908B9002000BD08480078AC
:10CDC00060B907480079012806D105494879FFF77D
:10CDD00087FC08B90020F0E70120EEE70020ECE72F
:10CDE0007C66012010B504460448C089A04203D0E7
:10CDF0000248C481FFF786FD10BD0000DC660120FB
:10CE000010B504460448C089A04203D00248C4813A
:10CE1000FFF782FD10BD0000046701202DE9F041FD
:10CE200004460D4616463146284602F0BBFF8046B2
:10CE300000224146204603F025F80746012C05D183
:10CE4000394641F21940FDF75DFB06E0022C04D1A2
:10CE500039464FF4A150FDF755FBBDE8F0812DE9AF
:10CE6000F04782460C46154614B92846BDE8F087BF
:10CE70001FFA85F9266AA78B3946304600F059F823
:10CE800080463A463146484600F00CF88146B8F1F3
:10CE9000000F01D04FF000094846E7E7004870470F
:10CEA000DC6601202DE9F84F82460D469346BAF123
:10CEB000000F02D10020BDE8F88FBBF1000F01D1B7
:10CEC0005046F8E7584600F02FF80646304600F086
:10CED0001EF80446B54201D85046ECE7A54201D3FE
:10CEE0000020E8E7A4EB0609B9F1000F01D100200A
:10CEF000E1E7601B00900098AAFB007188464A4653
:10CF0000002338464146F3F757FA80B2D3E770B5AD
:10CF100004460320A4FB00500646022200232846B4
:10CF20003146F3F749FA70BD014601EB810040003C
:10CF300070472DE9F04106460C4614B90020BDE8C3
:10CF4000F0812046FFF7F0FF07463846FFF7DFFF86
:10CF50000546AE4201D30120F1E70020EFE738B5E6
:10CF6000044600BF06F0FCFF00904FF47A70604367
:10CF70004FF47A71B0FBF1F52946684605F042FEA0
:10CF800000BF38BD7CB504460D4610A103C9CDE9EC
:10CF90000001AA208DF800001DB100208DF80100CD
:10CFA00002E001208DF80100200A8DF80200E0B2B5
:10CFB0008DF80300BB208DF80400AA208DF8050031
:10CFC0000621684603F012FF7CBD0000AA000000A5
:10CFD000000000007CB504460D4610A103C9CDE950
:10CFE0000001AA208DF800001DB100208DF801007D
:10CFF00002E001208DF80100200A8DF80200E0B265
:10D000008DF80300BB208DF80400AA208DF80500E0
:10D010000621684603F070FE7CBD0000AA000000F7
:10D02000000000007CB50446FFF738FF05462246A5
:10D0300029461E48FFF713FF04461D480078A0420A
:10D0400000D18CBB34B14FF6E07149F23350FDF79B
:10D0500005FA05E04FF6FF7149F23350FDF7FEF98E
:10D0600014A103C9CDE90001AA208DF80000012018
:10D070008DF80100200A8DF80200E0B28DF803005F
:10D08000BB208DF80400AA208DF805000621684613
:10D0900003F0ACFE0A20FFF762FF0621684603F0AA
:10D0A000A5FE03490C7000BF7CBD0000DC660120BA
:10D0B0003A040020AA0000000000000010B504A2FD
:10D0C00004210846FCF788FE0549086010BD0000F1
:10D0D000524649444D7367517565756500000000FF
:10D0E00034010020024609B900207047012A03D10B
:10D0F000002008700120F8E7022A02D10120087000
:10D10000F3E70020F1E770B503460C4600250BB9A4
:10D11000002070BDA01C80B2904201DB0020F8E727
:10D12000601C81B204E0585C284485B2481C81B27E
:10D13000501E80B28842F6DCEEB2501E185C864269
:10D1400001D10120E5E70020E3E7000038B50546FE
:10D150000C460CB9002038BD69462846FFF7C2FFCF
:10D1600028B918212046F3F76DFA0020F3E79DF85F
:10D17000000000EB4000044A02EBC00118222046E8
:10D18000F3F7E1F92078E6E7D4EC0020014609B98D
:10D19000002070470878BB2807D14878022804D1BE
:10D1A0008878222801D10120F3E70878BB2807D12D
:10D1B0004878012804D18878392801D10220E8E78D
:10D1C0000020E6E70146012901D10C207047022921
:10D1D00001D11020FAE70020F8E70146012901D12A
:10D1E00008207047022901D11420FAE70020F8E74F
:10D1F0000146012901D0022901D1012070470020F8
:10D20000FCE70146012901D1022070470120FCE71B
:10D2100030B503460BB9002030BD881D80B2904266
:10D2200001DB0020F8E7501A801F84B2081D185C4B
:10D23000E5B2A84201D10120EEE70020ECE72DE99C
:10D24000F84F0646884691461D461DB118212846CE
:10D25000F3F7F8F91EB115B1B8F1070F02D20020AB
:10D26000BDE8F88FB9F1000F05D04846FFF7C0FFC1
:10D2700008B90020F4E7002458E0305DBB2800D056
:10D2800052E0A01D80B2404500DB51E0A01D1FFA16
:10D2900080FA45E016F80A007E2800D03CE03019FC
:10D2A000FFF774FF8346BBF1000F00D13AE0B9F1FC
:10D2B000000F02D0CB4500D034E052462146304624
:10D2C000FFF7A6FF00B92DE0524621463046FFF792
:10D2D0001AFF00B926E05846FFF77FFF0090584636
:10D2E000FFF770FF074647B100982044384481B2E9
:10D2F000AAF1010080B2814200DD13E00120287014
:10D3000085F804B06F710098204481193A46A81D31
:10D31000F3F719F90120A3E70AF101001FFA80FAD7
:10D32000C245B7DB00BF00BF601C84B24445A4DB2C
:10D3300000BF002094E7000008B52648006800B947
:10D3400008BD25A30022694622480068FCF766FD57
:10D35000012800D0F4E79DF8010058B900202249C7
:10D360000870224908702249087022490870224931
:10D370000870E5E79DF80300FFF73AFF28B19DF834
:10D3800000001B49FFF7AEFE58B90020164908708F
:10D390001749087015490870164908701649087031
:10D3A000CEE79DF80000124908709DF803000F4970
:10D3B00008709DF8020008B10A2000E003200D4922
:10D3C00008709DF802000C49087001200649087099
:10D3D00000BFB5E734010020524649444D73675100
:10D3E00075657565000000003C0100203E010020CD
:10D3F0003D0100203F010020400100207CB5054692
:10D400000C4616461548006808B900207CBD6946E0
:10D410002846FFF767FE18B12046FFF7E9FE08B976
:10D420000020F3E70E480078012801D10020EDE745
:10D430008DF804508DF8074001208DF805008DF817
:10D44000066008A3002201A904480068FCF704FD57
:10D45000012800D1DAE70020D8E7000034010020DD
:10D460007C660120524649444D7367517565756568
:10D470000000000010B50446012C04D10721064825
:10D4800003F0C2FB10BD022C03D11021034803F0AE
:10D49000BBFB00BFF6E70000040100200B010020E9
:10D4A000F8B5044600260CB1207808B90020F8BD74
:10D4B000E0786946FFF716FE08B90020F7E79DF807
:10D4C000000000EB4000304901EBC005287801283E
:10D4D0000ED12879217988420AD168796179884208
:10D4E00006D16279A11DA81DF2F7DDFF00B9012662
:10D4F00066702878012801D106B900E00020A070EC
:10D5000026B322480078E8B121489DF8001030F891
:10D510001100401C1E499DF8002021F81200084609
:10D520009DF8001030F81100E0829DF8001001EB2A
:10D530004101154A02EBC10018222146F3F703F816
:10D540000120B4E7E88AE0820020B0E710489DF8A7
:10D55000001030F81100401C0D499DF8002021F802
:10D56000120008469DF8001030F81100E0829DF886
:10D57000001001EB4101044A02EBC10018222146D0
:10D58000F2F7E1FF012092E7D4EC002040010020F7
:10D590003801002010B5044600F05EFA10BD10B549
:10D5A0000446A4F12700232856D2DFE800F0121326
:10D5B000161415171B1C2425292A35363E3F4044D6
:10D5C00045494A4B4C4D511D1E1F203A552E2F30B8
:10D5D000310000BF00BF00BF00BF00BF2046FDF705
:10D5E0009FFD3AE000BF00BF00BF00BF00BF204664
:10D5F00001F00AF931E000BF2046F7F725FB2CE0E7
:10D6000000BF2046FAF728FE27E000BF00BF00BF9A
:10D610002046FEF703FE20E000BF2046FEF754FD43
:10D620001BE02046F3F718FF17E000BF00BF2046BD
:10D63000F4F77AFF11E000BF204601F05BFC0CE03C
:10D6400000BF00BF00BF00BF2046F4F793FC04E01A
:10D650002046FCF7A3F800E000BF00BF10BD0000AB
:10D660002DE9F04704460E4617469846DDF820900F
:10D6700000BF2448007808B903F082FC00BF2148AD
:10D680004069A04239D9EFF311810846202181F386
:10D69000118800BF00BF0CB304EB4402194960318C
:10D6A00041F8326004EB440201EBC2014F6004EB2D
:10D6B00044021449603101EBC201C1F80880002224
:10D6C00004EB44030F49603101EBC3010A6104EB31
:10D6D00044030C49603101EBC301CA6004EB44020E
:10D6E0000849603101EBC201C1F81490C1B281F365
:10D6F000118800BF00BF002501E04FF0FF3528462C
:10D70000BDE8F087E49F01202DE9F04704460E466E
:10D7100017469846DDF8209000BF2448007808B9E5
:10D7200003F02EFC00BF21480069A04239D9EFF375
:10D7300011810846202181F3118800BF00BF0CB37E
:10D7400004EB44021949183141F8326004EB4402F9
:10D7500001EBC2014F6004EB44021449183101EBA4
:10D76000C201C1F80880002204EB44030F491831BC
:10D7700001EBC3010A6104EB44030C49183101EBCE
:10D78000C301CA6004EB44020849183101EBC2012D
:10D79000C1F81490C1B281F3118800BF00BF002509
:10D7A00001E04FF0FF352846BDE8F087E49F0120F7
:10D7B0002DE9F04104460D461646EFF311808046F0
:10D7C000202080F3118800BF00BF32462946204642
:10D7D00000F00AF8074608F0FF0080F3118800BF48
:10D7E00000BF3846BDE8F0812DE9F74F8346174664
:10D7F00000BF2248007808B903F0C2FB00BF0BEB62
:10D800004B011E48603000EBC106DDF8049035691D
:10D81000D6F80CA04FF00008554515D9B068441B48
:10D82000BC4201D2204600E03846044670684119E7
:10D8300022464846F2F787FEA044A1443F1B2544F8
:10D84000B068A84200D10025AAEB0504BC4201D271
:10D85000204600E0384604464CB170684119224623
:10D860004846F2F770FEA044A1443F1B2544B8F19E
:10D87000000F00D035614046BDE8FE8FE49F0120D7
:10D880002DE9F04104460D46164600BF0D480078CC
:10D8900008B903F075FB00BFEFF3118007462020A5
:10D8A00080F3118800BF00BF32462946204600F0B1
:10D8B0000BF88046F8B280F3118800BF00BF4046E5
:10D8C000BDE8F081E49F01202DE9F0470746884636
:10D8D0001646C24607EB47011B4800EBC109D9F8C1
:10D8E000140020B1012811D0022826D11EE048469C
:10D8F00003F07CFB0546B54201D2002405E0344626
:10D9000032465146484603F0B8FB18E0484603F05B
:10D910006DFB0546B54201D2284600E0304604467C
:10D9200022465146484603F0A8FB08E032465146DD
:10D93000484603F069FB044601E0002400BF00BF35
:10D940002046BDE8F0870000FC9F0120FF2801D0A1
:10D9500001490870704700003B0400200249087824
:10D96000FF21014A117070473B04002070B5044646
:10D970000025332C65D2DFE804F0641A1B1D1E203D
:10D98000222426282A2C2E30323436383A643C3E63
:10D9900040424446484A4C4E585A5C5E6464606457
:10D9A000646450525456646464646464620000BFEA
:10D9B0002D2547E000BF2E2544E02A2542E02B25F7
:10D9C00040E027253EE028253CE02F253AE03025A1
:10D9D00038E02C2536E0292534E0352532E036259F
:10D9E00030E037252EE03A252CE03B252AE03C2587
:10D9F00028E0342526E0332524E0382522E03925A7
:10DA000020E031251EE032251CE048251AE049259A
:10DA100018E0462516E0472514E03E2512E03D2596
:10DA200010E03E250EE03F250CE040250AE04125B0
:10DA300008E0422506E0432504E0442502E03F25B6
:10DA400000E000BF00BF35B1012000F015FA294603
:10DA5000042000F035FA70BDF0B5ABB00026002709
:10DA600000240025982105A8F2F70EFE0020019061
:10DA700002900390049005A803F052F9C6B2092E53
:10DA800001DA2BB0F0BD374600247DE105A8005D2A
:10DA90005A2871D105A9601C085CA528F9D1E01CA1
:10DAA000085C8328F5D1A01C085CC01CC5B2AF423D
:10DAB00000DA6EE105A908192A4601A9F4F748F829
:10DAC0009DF80800522874D006DC20280BD02428AA
:10DAD0000AD051286ED10CE153286CD054286BD059
:10DAE0005528F7D131E142E19DF80900042870D0B2
:10DAF00007DC68B1012834D0022851D0032869D14D
:10DB00006DE0052867D0062870D02028F7D1C7E03F
:10DB10009DF80C00082821D2DFE800F02004080C52
:10DB20001014181C1820FFF721FF18E01920FFF728
:10DB30001DFF14E01620FFF719FF10E01720FFF774
:10DB400015FF0CE01420FFF711FF08E01520FFF788
:10DB50000DFF04E02420FFF709FF00E000BF00BF35
:10DB6000C5E09DF80C00012807D0022809D0032841
:10DB70000BD0042811D10CE004E11E20FFF7F6FEC3
:10DB80000CE01F20FFF7F2FE08E02020FFF7EEFE7A
:10DB900004E02120FFF7EAFE00E000BF00BFA6E09E
:10DBA0009DF80C00012808D002280AD0032813D1C0
:10DBB0000BE0A2E0DAE0A4E0B5E00D20FFF7D6FE2E
:10DBC0000BE00F20FFF7D2FE07E00E20FFF7CEFE9E
:10DBD00003E017E08AE033E000BF00BF87E09DF874
:10DBE0000C00012803D0022809D104E040E00A20FB
:10DBF000FFF7BCFE04E00920FFF7B8FE00E000BF1D
:10DC000000BF74E09DF80C00012806D0022808D05F
:10DC100003280AD0042810D10BE01020FFF7A6FE3D
:10DC20000CE01120FFF7A2FE08E01220FFF79EFE95
:10DC300004E02B20FFF79AFE00E000BF00BF56E093
:10DC40009DF80C00012804D0022806D003280CD12E
:10DC500007E00720FFF78AFE08E00820FFF786FEAE
:10DC600004E00C20FFF782FE00E000BF00BF3EE0B2
:10DC70009DF80C00012804D0022806D003280CD1FE
:10DC800007E00520FFF772FE08E00620FFF76EFEB2
:10DC900004E00B20FFF76AFE00E000BF00BF26E0B3
:10DCA0009DF80C0009281ED2DFE800F01D05090DC3
:10DCB000111D1D1519000F20FFF748FE14E010205C
:10DCC000FFF744FE10E05020FFF740FE0CE051202B
:10DCD000FFF73CFE08E05220FFF738FE04E0532037
:10DCE000FFF734FE00E000BF00BF00E000BF00BF50
:10DCF0003DE000BF00BF00BF39E000BF00BF00BF74
:10DD000035E09DF80900102802D0502808D103E022
:10DD10000220FFF72BFE04E00420FFF727FE00E0BF
:10DD200000BF00BF23E09DF80900102802D0502852
:10DD300008D103E00120FFF719FE04E00320FFF7FC
:10DD400015FE00E000BF00BF11E09DF8090010289B
:10DD500002D0302808D103E02920FFF707FE03E0B6
:10DD60002A20FFF703FE00BF00BF00E000BF00BF96
:10DD70000F2201A90020F3F717FF681E2044C4B248
:10DD8000781BC7B2601CC4B2A6F10800A0423FF7DE
:10DD90007DAE00BF00BF74E610B5054A05A10A4874
:10DDA000FCF77EF81E2200210748FCF783F810BD1F
:10DDB00095D5000853435245454E4B455954617320
:10DDC0006B46756E630000005C6701201CB504465D
:10DDD0000B48006800B91CBD02208DF8000000202F
:10DDE0008DF801008DF80240ADF8040005A3002273
:10DDF000694603480068FCF72FF800BFEBE7000016
:10DE0000A0000020426565704D73675175657565AA
:10DE1000000000007CB504460D461248006800B9B9
:10DE20007CBD03208DF8000000208DF801008DF8E6
:10DE3000024005F163006421B0FBF1F080B2ADF85F
:10DE400004002CB1BDF8040010B90120ADF80400A5
:10DE500005A30022694603480068FBF7FDFF00BFE9
:10DE6000DEE70000A0000020426565704D73675139
:10DE700075657565000000001CB504460B48006818
:10DE800000B91CBD01208DF800008DF80140002074
:10DE90008DF80200ADF8040005A30022694603488E
:10DEA0000068FBF7D9FF00BFEBE70000A0000020EF
:10DEB000426565704D7367517565756500000000BA
:10DEC00038B505460C460848006800B938BD8DF8DD
:10DED00000508DF8014005A3002269460248006801
:10DEE000FBF7BAFF00BFF1E7E80000204B6579427D
:10DEF00065686976517565756500000070B5044602
:10DF00002046FFF77EF90546012229461046FFF715
:10DF100075FA70BD70B504462046FFF772F90546E4
:10DF2000012229460220FFF769FA70BD70B5054647
:10DF30000C460C48006800B970BD0B480078A84238
:10DF400004D109484088A04200D1F5E70648057091
:10DF5000448006A30022014602480068FBF77CFFCC
:10DF600000BFE9E7EC000020F000002050554D50C4
:10DF7000414D7367517565756500000070B50546C4
:10DF80000C460C48006800B970BD0B480078A842E8
:10DF900004D109484088A04200D1F5E70648057041
:10DFA000448006A30022014602480068FBF754FFA4
:10DFB00000BFE9E7F8000020FC00002050554D505C
:10DFC000424D73675175657565000000FEB50546E5
:10DFD0000E4614462148006800B9FEBD8DF8005079
:10DFE0008DF801604CB12068CDF802006068CDF872
:10DFF00006002089ADF80A0006E00020CDF80200F6
:10E00000CDF80600ADF80A0015480078A0B1154813
:10E0100000789DF8001088420ED1124840789DF893
:10E020000110884208D10A220DF102010D48801C1E
:10E03000F2F739FA00B9D0E70BA30A22694607487C
:10E040000068FBF709FF012806D106489DE80E008D
:10E050000EC001200249087000BFBEE74401002045
:10E0600048010020A0FD0020554944504D736751E0
:10E0700075657565000000002DE9F04192B080469D
:10E080001F48007810B912B0BDE8F081002433E0D9
:10E09000532060431B4901EB80060025E7B21EE0D8
:10E0A0009DF844103846F4F78DF800231A4611A95C
:10E0B000B06905F0C3F9012804D0D6F83801401C36
:10E0C000C6F83801384600F06BFB40B1402D06D24F
:10E0D0009DF844202846691C8DB201A90A5411A953
:10E0E000384600F0DEFA0028DAD125B12A4601A927
:10E0F000384600F06BFB641C022CC9D300BFC2E79A
:10E10000F00600205404002010B500F06DF8094816
:10E11000007800B110BD084A08A10C48FBF7C0FE0A
:10E12000642200210948FBF7C5FE0120014908705F
:10E1300000BFEFE7F106002079E0000853696D5554
:10E140006172745461736B46756E6300388B012085
:10E1500070B506462148007800B970BD2048808916
:10E16000B04201D1002507E01D48B0F85801B04287
:10E1700001D1012500E0F0E7284600F02BF9044624
:10E180001CB1204600F07CFA00B1E6E715480078A3
:10E19000FF280ED113480570012012494870002055
:10E1A0008870C870284600F0C9F8E08A00F0CCFA00
:10E1B000D3E70C480078A8420DD0D4F84001401CA9
:10E1C000C4F8400194F8480128B9284600F0B6F890
:10E1D000012084F8480100BFBFE70000F0060020DE
:10E1E00054040020EC06002038B53C48007800B10B
:10E1F00038BD00BF002000903948006840F0100092
:10E20000374908600846006800F01000009000BF21
:10E2100000BF00F081F900F031F9002544E05320FF
:10E220006843304901EB8004F43454F8E40C2E497F
:10E23000B1FBF0F024F8E00C34F8E00C400824F8CE
:10E24000DE0C002020876087A08720646064A064C3
:10E25000E064206584F85400F43C05EB450101EBD3
:10E26000C501224A02EB4101487504F11C0304F187
:10E270006C0201210090802004F0FAFFA061A069E7
:10E2800008B1012000E0002050B900BF502080F309
:10E290001188BFF34F8FBFF36F8F00BF00BFFEE742
:10E2A000E8B200F0BBF86D1C022DB8D300220521A6
:10E2B0000A20F7F78FFF0A20F7F778FF00220521E1
:10E2C0001720F7F787FF1720F7F770FF00F0DFF947
:10E2D00001200249087000BF8AE70000F006002014
:10E2E000303802405404002040420F00C89B0120F7
:10E2F00010B50C48007800B910BD0B48006800F05C
:10E30000010000B9F8E70848001D006800F00100AE
:10E3100000B9F1E700200449091D086000F04EF93A
:10E3200000BFE9E7F00600200C480140014609B1B2
:10E33000012901D1012070470020FCE770B5054696
:10E34000284600F047F8044604B970BD0548006847
:10E35000A189884303490860A089024914310860F3
:10E3600000BFF2E7003C014070B50546284600F0CA
:10E3700031F8044604B970BDA08907490860064811
:10E3800014380068A1890843034914390860002043
:10E3900084F8480100BFEEE7143C014070B5044624
:10E3A0000B4805782846FFF7C1FF28B124B108487B
:10E3B000C178284600F09FF900F0E2F9FF200449F7
:10E3C0000870002048708870C87000F060F970BD57
:10E3D000EC06002010B504462046FFF7A7FF08B959
:10E3E000002010BD53206043014901EB8000F8E795
:10E3F0005404002030B587B00020019001A902A884
:10E40000F7F7FCFF069D1DB9F8F730F8044602E067
:10E41000F8F72CF84400204607B030BD30B585B081
:10E42000054614216846F2F72FF92846FFF7D2FF78
:10E4300004460CB905B030BDA088009001200190C1
:10E4400002900220039069462068F6F7E7FFA08952
:10E4500000904FF404100190012002906946A068DA
:10E46000F6F7DCFF0121204600F0C4F9A08902493B
:10E47000086000BFDEE70000143C014038B52248C8
:10E48000007800B138BD00BF002000901F48006830
:10E4900040F480201D4908600846006800F4802090
:10E4A000009000BF00BFFFF7A5FF1949B0FBF1F4D2
:10E4B00004B90124002017490860601E80B2154984
:10E4C000283108604FF6FF70091D086000201149CF
:10E4D000243108600F4910310860091F08600120CD
:10E4E0000C49143108600020091F08600022052132
:10E4F0001A20F7F76FFE1A20F7F758FE012002499D
:10E50000087000BFBEE70000F40600204438024057
:10E5100040420F000048014008B52349097811B96D
:10E520002249097801B108BD2149096841F080718B
:10E530001F4A116000211F4A51601146096841F0CD
:10E5400001011160114648680021009102E0009924
:10E55000491C00910099B1F57A7FF8D315494968B3
:10E56000814201D0012100E000210F4A11701146C3
:10E570000978B1B910490968486A0021009102E0A0
:10E580000099491C00910099B1F57A7FF8D30A49A6
:10E590000968496A814201D0012100E00021034A53
:10E5A000117000BFBFE70000F2060020F306002054
:10E5B000FCED00E0001000E0D850002070B52F49BD
:10E5C0000878FFF707FF04461CB90020FFF7E6FEB6
:10E5D00070BD204600F054F80546284840780028D1
:10E5E00044D0012804D0022816D003283DD12DE0C4
:10E5F00045B1D4F84401401CC4F844010020FFF7A1
:10E60000CDFEE5E702201D49487000208870C870E3
:10E61000A08A00F099F82DE04DB11848C07817494C
:10E620008A7801219140C9B208431449C87013483F
:10E630008078401C1149887008468078082801D3EA
:10E6400003204870A08A00F07FF813E0012D03D169
:10E650000120FFF7A3FE07E0D4F84401401CC4F8F2
:10E6600044010020FFF79AFE04E000BF0020FFF7FE
:10E6700095FE00BF00BF00BFAAE70000EC06002027
:10E6800010B50446A189A068F6F7BAFF10BD10B511
:10E69000002403E0E0B2FFF767FE641C022CF9D30C
:10E6A00010BD2DE9F04106460D463046FFF792FEBB
:10E6B0000446002704B115B90020BDE8F08104F03C
:10E6C0002DF9B4F8300190B1B4F82E1104F1EC003A
:10E6D000405C2870B4F82E01401C00F03F00A4F804
:10E6E0002E01B4F83001401EA4F83001012704F0D7
:10E6F0003FF93846E1E770B506460D463046FFF76C
:10E7000069FE044604B970BDB4F83001402805D351
:10E71000D4F83C01401CC4F83C01F4E7B4F82C11D7
:10E7200004F1EC00455404F596742088401C00F078
:10E730003F002080A088401CA080A068401CA060F2
:10E74000A4F5967400BFDEE700B9012000210B4A52
:10E7500011600A4A24321160411E084A2C321160AD
:10E760000121064A143211600021121F116001219B
:10E77000121F11600921014A1160704700480140D1
:10E780000648006820F001000449086000200349A1
:10E790000C310860091D0860704700000048014006
:10E7A0000146002080B1012802D002280BD104E0EC
:10E7B00009B9012070470020FCE7012901D101209F
:10E7C000F8E70020F6E700BF0020F3E770B5064643
:10E7D0000C46154604B105B970BD3046FFF7E0FFA1
:10E7E00000B9F9E714232A4621460A20F3F779F9FC
:10E7F00000BFF1E770B504460D46A1882A4620689F
:10E80000F6F710FF70BD00002DE9FE4F07467E4869
:10E81000048A0025A8460026A946AA4600200090A2
:10E820000190029078480079012801D1BDE8FE8F5F
:10E830007548407A01281DD17348808A28B97348E9
:10E84000858BB0F81080468A37E06F48808A0128AF
:10E8500005D16E48C58BB0F81480C68A2DE06A4891
:10E86000808A022805D16948058CB0F81880468B4B
:10E8700023E0DBE76448407A02281DD16248808AA1
:10E8800028B96348858BB0F81080468A15E05E4849
:10E89000808A012805D15E48C58BB0F81480C68AED
:10E8A0000BE05948808A022805D15948058CB0F8F8
:10E8B0001880468B01E0B9E7B8E73846192F1ED01B
:10E8C0000BDCA0F107000C2836D2DFE800F0171CA3
:10E8D0003535353535363738393A402827D006DCD6
:10E8E0001A2811D02D280BD02E2825D10DE0412833
:10E8F00018D042280CD043281ED10EE000BF00BF24
:10E900004FF001091EE000BF00BF4FF0010A19E0FF
:10E910004FF47A754FF0010914E042F210754FF090
:10E9200001090FE04FF47A754FF0010A0AE042F254
:10E9300010754FF0010A05E000BF00BF00BF00BF27
:10E9400000BF73E700BFB9F1010F07D1601940455F
:10E9500001D9444610E0601984B20DE0BAF1010F0C
:10E9600009D1B44202DDA01BA84201D8344603E01D
:10E97000601B84B200E059E723480482407A0128F2
:10E9800013D12148808A10B92248C48024E01E484F
:10E99000808A012802D11F4804811DE01A48808A1C
:10E9A000022819D11B48448116E01748407A0228F2
:10E9B00012D11548808A10B91748C4800CE012485B
:10E9C000808A012802D11448048105E00E48808A1B
:10E9D000022801D11048448120128DF80000E0B2D5
:10E9E0008DF8010001208DF802000748007808B179
:10E9F000012000E000208DF803006A460121092073
:10EA0000FFF7E4FA00BF11E77C660120E46501200E
:10EA1000286601209C660120BC66012010B5ACB0C0
:10EA2000982106A8F1F730FEFEF786FC2248007810
:10EA300008B92CB010BD21480078012807D100206A
:10EA40001D4908701E4908701E490870F1E706A8A4
:10EA500002F0AEF80446072C19D36B461A48027828
:10EA6000214606A8FEF7EBFB88B1184800788DF820
:10EA700003000120FFF700FA6846FEF711FD0020B1
:10EA80000D4908700E4908700E490870D1E70C480E
:10EA9000007828B90020084908700A490870C8E7BA
:10EAA00009480078FEF7E6FC05480078401E044956
:10EAB000087000BFBDE700003C0100207C6601201B
:10EAC0003F010020400100203E0100203D010020C8
:10EAD00010B5F2F77FFD054A05A10948FBF7E0F9FB
:10EAE000642200210648FBF7E5F910BDC9150008AE
:10EAF00042656570436F6E74726F6C5461736B0026
:10EB00009857002010B5054A05A10948FBF7C8F938
:10EB1000322200210648FBF7CDF910BDCDA8000830
:10EB20004D4F544F5252554E5461736B00000000CC
:10EB30002868002010B5F5F7E5FF0A4A0AA10E483B
:10EB4000FBF7AEF90A2200210B48FBF7B3F90B4A99
:10EB50000BA10F48FBF7A4F9192200210C48FBF781
:10EB6000A9F910BD01470008466F6F745F506172CC
:10EB70007365446174615300B8780020DD3E00087D
:10EB8000466F6F74436F6E74726F6C5461736B0079
:10EB90004889002010B5FBF799FA054A05A10A48F3
:10EBA000FBF77EF91E2200210748FBF783F910BD11
:10EBB000C1A000084B65794265686176696F727320
:10EBC0005461736B00000000049A002010B5FCF73C
:10EBD00073FA054A05A10A48FBF762F919220021D8
:10EBE0000748FBF767F910BDADB0000850554D5010
:10EBF000414265686176696F725461736B00000011
:10EC000094AA002010B5FCF717FF054A05A10A4891
:10EC1000FBF746F9642200210748FBF74BF910BDCA
:10EC20002DBA000850554D50424265686176696FB3
:10EC3000725461736B00000024BB002010B50921E1
:10EC40000A4801F0E1FF3220F3F74EFC08210848A2
:10EC500001F0DAFF3220F3F747FC0821054801F004
:10EC6000D3FF3220F3F740FC10BD00002301002049
:10EC70002C0100201B01002010B5FEF71FFA054AE9
:10EC800005A10B48FBF70CF9642200210848FBF7AB
:10EC900011F910BD7D0E00084155544F4D4F4445AC
:10ECA000474554444154415461736B46756E63004B
:10ECB000B4CB002010B501F035F8054A05A10B488A
:10ECC000FBF7EEF80A2200210848FBF7F3F810BD25
:10ECD00019FD00085549444953504C415942656853
:10ECE0006176696F725461736B00000010ED002053
:10ECF00010B54FF0E020006905F022F9012801D09D
:10ED000004F038FA10BD000000B593B0342106A815
:10ED1000F1F7BAFC142101A8F1F7B6FC00BF0020FE
:10ED200000902548006840F080502349086008465C
:10ED3000006800F08050009000BF00BF00BF0020BE
:10ED400000901E48006840F440401C490860084696
:10ED5000006800F44040009000BF00BF092006900A
:10ED60004FF48030079001200B9002200C90410559
:10ED70000D9108210E91C8210F910221109111913E
:10ED8000129106A8F7F7DAFB08B1F3F774FC0F202D
:10ED9000019002200290002003904FF480500490D4
:10EDA00000200590032101A8F7F766FA08B1F3F7F0
:10EDB00062FC13B000BD000040380240007000400B
:10EDC0000348006840F47000014908607047000083
:10EDD00088ED00E010B5FFF78BFA10BD10B50248C2
:10EDE000F7F791FF10BD00002051002010B5024838
:10EDF000F7F789FF10BD00009050002010B50248C1
:10EE0000F7F781FF10BD00006851002010B50268BF
:10EE10002D4B98420ED0B0F1804F0BD02B4B984227
:10EE200008D02B4B984205D02A4B984202D02A4B4F
:10EE3000984203D122F070024B681A43224B984249
:10EE400020D0B0F1804F1DD0204B98421AD0204BDB
:10EE5000984217D01F4B984214D01F4B984211D0A4
:10EE60001E4B98420ED01E4B98420BD01D4B984221
:10EE700008D01D4B984205D01C4B984202D01C4B29
:10EE8000984203D122F44072CB681A4322F08003E7
:10EE90004C6943EA040202608B68C3620B688362B8
:10EEA000094B984202D00C4B984201D10B69036385
:10EEB00001234361036903F001031BB1036923F0DC
:10EEC0000103036110BD0000000001400004004088
:10EED00000080040000C00400004014000400140D8
:10EEE000004401400048014000180040001C004060
:10EEF0000020004010B504461B480078012803D0CC
:10EF000019480079012800D110BD1748007A05285A
:10EF100003D01548007A062824D11348C06980B26E
:10EF2000B0F5FA7F1ED1252C13D004DC052C0FD0B0
:10EF3000242C16D104E0382C03D0392C11D109E04F
:10EF400000BF0949487A0122114600F00FF808E095
:10EF500000BF00BF0449487A0122114600F006F8BC
:10EF600000BF00BF00BFCFE77C660120FEB50646AC
:10EF70000C4615460EA207CA8DE80700012E03D1E4
:10EF800001208DF8030002E002208DF80300012C1F
:10EF900003D104208DF8010002E005208DF8010066
:10EFA0008DF805500B21684601F08AFDFEBD00007A
:10EFB000AA0400010001020000BBAA0008B500205D
:10EFC00000901748007800F0010020B11548006853
:10EFD000406800B108BD06F0CFF913490860012070
:10EFE000486000200872C8600846006808B90FA091
:10EFF000C860684605F034FD10B90B490098C86038
:10F000000748007800F0010028B106480068406811
:10F0100008B1012000E000200349087200BFD9E7D1
:10F020004807002040070020540700205472616305
:10F030006520696E697469616C697A65643B2077E3
:10F04000616974696E6720666F72207363686564B6
:10F05000756C6572207461736B20746F20656E61CE
:10F06000626C652073747265616D000008B50020E4
:10F0700000901B48006840B91A48007800F0010071
:10F0800090B119480068406870B11648007800F0E7
:10F09000010028B114480068406808B1012000E070
:10F0A00000200F49087208BD012005F02FFB0C4914
:10F0B0004860684605F0D4FC10B909490098C8605A
:10F0C0000848007800F0010028B10748006840684F
:10F0D00008B1012000E000200149087200BFE2E70A
:10F0E00054070020480700204007002004E006F0F5
:10F0F0009DFD0A2003F054FDF9E7000010B5024819
:10F10000F7F7C2FF10BD0000B051002010B5024853
:10F11000F7F7BAFF10BD0000F851002010B5024803
:10F12000F7F7B2FF10BD00004052002070B5054651
:10F13000AC6B0020E085E0842046F7F7A4FF70BDAB
:10F1400070B506460025B46B20684069C0F3C01551
:10F1500094F84100212805D125B10020E084204603
:10F1600000F0C8F820684069C0F3801594F84200A8
:10F17000222805D125B10020E085204600F074F852
:10F18000606C40F0100060642046F7F77CFF70BDB3
:10F1900070B50546AC6B2868006800F480700028E4
:10F1A00042D1E08500BF00BF21680C3151E8001F4B
:10F1B00021F4807021680C3141E80002002AF3D16B
:10F1C00000BF00BF00BF2168143151E8001F21F0CB
:10F1D00001002168143141E80002002AF3D100BF88
:10F1E00000BF00BF2168143151E8001F21F040002A
:10F1F0002168143141E80002002AF3D100BF202029
:10F2000084F84200206B01280ED100BF00BF2168A6
:10F210000C3151E8001F21F0100021680C3141E849
:10F220000002002AF3D100BF00206063206B012898
:10F2300004D1A18D2046F7F734FE02E02046F8F70E
:10F24000B7FD70BD70B50546AC6B01206063206BE7
:10F25000012805D1A08D41082046F7F722FE02E0E3
:10F260002046F8F7A6FD70BD00BF00BF02680C3253
:10F2700052E8002F22F4907102680C3242E8001329
:10F28000002BF3D100BF00BF00BF0268143252E868
:10F29000002F22F001010268143242E80013002B13
:10F2A000F3D100BF016B01290ED100BF00BF02687E
:10F2B0000C3252E8002F22F0100102680C3242E8B2
:10F2C0000013002BF3D100BF202180F84210002151
:10F2D0000163704710B504462068C06820F0400004
:10F2E0002168C860202084F841002046F8F7C1FD5D
:10F2F000002010BD00BF00BF02680C3252E8002F92
:10F3000022F0C00102680C3242E80013002BF3D156
:10F3100000BF202180F841107047F8B5044694F8EA
:10F320004200222875D1A068B0F5805F0CD1206919
:10F3300050B90025A66A20684068C0F308003080F4
:10F34000A06A801CA06215E0A56A0026A068B0F53E
:10F35000805F03D0A06828B9206918B92068406888
:10F36000287004E02068406800F07F002870A06AE0
:10F37000401CA062E08D401E80B2E085002846D18E
:10F380002068C06820F020002168C8602068C0683C
:10F3900020F480702168C8602068406920F0010076
:10F3A00021684861202084F8420000206063206BBF
:10F3B000012826D10020206300BF00BF21680C3146
:10F3C00051E8001F21F0100021680C3141E80002D3
:10F3D000002AF3D100BF2068006800F01000102858
:10F3E0000AD100BF002000902068006800902068CB
:10F3F0004068009000BF00BFA18D2046F7F751FD87
:10F4000002E02046F8F7D4FC0020F8BD01E000201F
:10F41000FBE70220F9E700002DE9F84F04462068D9
:10F42000006920F44050E1680843216808612169BF
:10F43000A068084361690843E169084300902068B7
:10F44000C06849F20C618843009908432168C8608C
:10F450002068406920F44070A16908432168486130
:10F460007A49206888420BD079492068884207D0C1
:10F4700078492068884203D077492068884203D1C0
:10F48000F6F7F4FF814602E0F6F7E0FF8146E06917
:10F49000B0F5004F6BD102206168A0FB015003461C
:10F4A0001920A9FB007001462A463846F0F784FF70
:10F4B0006421B0FBF1F04FEA001A02206168A0FB62
:10F4C00001510B461920A9FB00712A463846F0F776
:10F4D00073FF834602206168A0FB01500346192098
:10F4E000A9FB00712A463846F0F766FF6421B0FB9D
:10F4F000F1F000EBC00101EB0010ABEB800032211A
:10F5000001EBC0006421B0FBF1F000F0F8000AEB61
:10F51000400A02206168A0FB015003461920A9FBA4
:10F5200000712A463846F0F747FF8346022061689B
:10F53000A0FB015003461920A9FB00712A4638465A
:10F54000F0F73AFF6421B0FBF1F000EBC00101EBF2
:10F550000010ABEB8000322101EBC0006421B0FB56
:10F56000F1F000F007005044216888606CE004204E
:10F570006168A0FB01510B461920A9FB00712A46C6
:10F580003846F0F719FF824604206168A0FB01505D
:10F5900003461920A9FB007001462A463846F0F7B9
:10F5A0000BFF6421B0FBF1F000EBC00101EB001098
:10F5B000AAEB8000322101EB00106421B0FBF1F0D6
:10F5C00000F0F00A04206168A0FB017003461920D6
:10F5D000A9FB005001463A462846F0F7EDFE6421AB
:10F5E000B0FBF1F00AEB001A04206168A0FB0151A6
:10F5F0001920A9FB007080462A460B463846414632
:10F60000F0F7DAFE834604206168A0FB0150034650
:10F610001920A9FB007001462A463846F0F7CCFEB7
:10F620006421B0FBF1F000EBC00101EB0010ABEB8B
:10F630008000322101EB00106421B0FBF1F000F0FA
:10F640000F00504421688860BDE8F88F0010014029
:10F650000014014000180140001C014077B581B042
:10F66000044615460298A062A58500206064222009
:10F6700084F842002848E16BC8632848E16B0864BD
:10F680002748E16BC8640020E16B086502AE326870
:10F690002368191D2B46E06BF5F784FD00BF0020A1
:10F6A000009020680068009020684068009000BFCB
:10F6B00000BF206970B100BF00BF21680C3151E864
:10F6C000001F41F4807021680C3141E80002002ADB
:10F6D000F3D100BF00BF00BF2168143151E8001F03
:10F6E00041F001002168143141E80002002AF3D101
:10F6F00000BF00BF00BF2168143151E8001F41F076
:10F7000040002168143141E80002002AF3D100BF13
:10F71000002004B070BD000091F1000845F200081F
:10F7200041F10008014691F84100212828D188685C
:10F73000B0F5805F0BD1086948B90A6A1088C0F338
:10F7400008000B685860086A801C086205E00B6AB4
:10F75000581C086218780B685860C88C401E80B22C
:10F76000C88458B90868C06820F080000B68D86069
:10F770000868C06840F040000B68D86000207047FF
:10F780000220FCE72DE9F84304460D46174698464B
:10F79000089E31E0701C70B3F5F74AFFA0EB08003B
:10F7A000B04200D816B90320BDE8F8832068C068CD
:10F7B00000F00400F8B1802D1ED0402D1CD0206830
:10F7C0000068C0F3C000B0B100BF00200090206806
:10F7D0000068009020684068009000BF00BF20468D
:10F7E000FFF742FD0820606400BF002084F840005D
:10F7F00000BF0120D8E7FFE7206800682840A84242
:10F8000001D1012000E00020B842C3D00020CBE7A6
:10F8100070B505460C46002D50D00F2C4DD2DFE8B8
:10F8200004F04C080E141A20262C32383E463F4C69
:10F830004000502141F22840FAF764FE3DE051219A
:10F8400041F22840FAF75EFE37E0522141F22840AB
:10F85000FAF758FE31E0532141F22840FAF752FE00
:10F860002BE0542141F22840FAF74CFE25E05321C9
:10F8700041F22840FAF746FE1FE0552141F22840A8
:10F88000FAF740FE19E0562141F22840FAF73AFE15
:10F8900013E0572141F22840FAF734FE0DE000BF93
:10F8A00000BF582141F22840FAF72CFE05E056210E
:10F8B00041F22840FAF726FE00BF03E041F228405B
:10F8C000FAF732FC70BD70B506460C461546AEB36D
:10F8D000012C0CD12DB1202141F21340FAF712FE78
:10F8E00066E01F2141F21340FAF70CFE60E0022CA3
:10F8F0000CD12DB1232141F21440FAF703FE57E059
:10F90000222141F21440FAF7FDFD51E0032C0CD105
:10F910002DB1262141F21540FAF7F4FD48E02521EA
:10F9200041F21540FAF7EEFD42E0042C40D135B12A
:10F93000282141F21640FAF7E5FD39E005E02721DC
:10F9400041F21640FAF7DEFD32E09CB91E2141F289
:10F950001340FAF7D7FD222141F21440FAF7D2FD05
:10F96000252141F21540FAF7CDFD41F21640FAF794
:10F97000DBFB1DE0012C05D11E2141F21340FAF7FB
:10F98000C1FD15E0022C05D1212141F21440FAF706
:10F99000B9FD0DE0032C05D1242141F21540FAF701
:10F9A000B1FD05E0042C03D141F21640FAF7BCFB8F
:10F9B00070BD70B506460D461446002E49D0012D87
:10F9C00004D0022D18D0032D42D12BE0012C05D1FB
:10F9D000162141F21040FAF795FD0CE0022C05D1FA
:10F9E000142141F21040FAF78DFD04E0152141F297
:10F9F0001040FAF787FD2BE0012C05D11C2141F2C4
:10FA00001240FAF77FFD0CE0022C05D11A2141F2D9
:10FA10001240FAF777FD04E01B2141F21240FAF799
:10FA200071FD15E0012C05D1192141F21140FAF7C1
:10FA300069FD0CE0022C05D1172141F21140FAF7C3
:10FA400061FD04E0182141F21140FAF75BFD00BFAF
:10FA50002AE07DB9142141F21040FAF753FD172135
:10FA600041F21140FAF74EFD1A2141F21240FAF725
:10FA700049FD19E0012D04D0022D08D0032D12D12B
:10FA80000BE0142141F21040FAF73CFD0BE01A2183
:10FA900041F21240FAF736FD05E0172141F211401C
:10FAA000FAF730FD00BF00BF70BD0000FEB59548FD
:10FAB0000068002871D000241DE193A3002269464C
:10FAC00090480068FAF7AAF9012800D016E1601CF6
:10FAD000C4B29DF8000013286FD2DFE800F06E1664
:10FAE00023303E47526F74829B5FA2AEAFB0BECC54
:10FAF0000A009DF802200AB1012200E0002211460E
:10FB00009DF8010000F078FDF4E09DF804509DF8A8
:10FB1000033045EA03229DF802109DF8010000F031
:10FB200066FBE7E09DF804509DF8033045EA0322A8
:10FB30009DF802109DF8010000F025FCDAE09DF828
:10FB400003300BB1012300E000231A469DF8021098
:10FB50009DF80100FFF7B7FECCE09DF803209DF86B
:10FB600002109DF80100FFF724FFC3E09DF8043068
:10FB70009DF803209DF802109DF8010000F0E0F9C7
:10FB8000B8E09DF802200AB1012200E000221146EF
:10FB90009DF8010000F0EEFCACE0B1E09DF80350F0
:10FBA0009DF8026045EA06219DF805309DF8042085
:10FBB0009DF8010000F005FD9CE09AE09DF8010031
:10FBC00000F0E8FA96E09DF803300BB1012300E065
:10FBD00000231A469DF802109DF8010000F08FF9ED
:10FBE00088E09DF803509DF8026045EA06219DF8E3
:10FBF00005500DB1012500E000252B469DF804506D
:10FC00000DB1012500E000252A469DF8010000F015
:10FC10006DFC6FE09DF802109DF80100FFF7F8FD04
:10FC200068E09DF802200AB1012200E0002211469E
:10FC30009DF8010000F06AFA5CE05BE05AE09DF894
:10FC400003300BB1012300E000231A469DF8021097
:10FC50009DF8010000F0ACFA4CE09DF803300BB1C8
:10FC6000012300E000231A469DF802109DF80100D0
:10FC700000F06AFB3EE00420FAF7AEFAFCF742FE21
:10FC8000FCF74AFE002211461046FFF71CFE002238
:10FC900011461046FFF78DFE002301221946184633
:10FCA00000F04EF9002302221946184600F048F9E8
:10FCB0000021084600F05EFC0A2314221E210020C9
:10FCC00000F07FFC002000F065FA0022114610468B
:10FCD00000F015F900231A461946184600F006FCF4
:10FCE00000210846FFF794FD0021084600F00EFAB7
:10FCF00000E000BF00BF0C2CFFF4DFAE00BF00BF70
:10FD0000FEBD000044010020554944504D73675129
:10FD1000756575650000000010B50446FFF7C6FE66
:10FD200010BD000010B504A20C211420FAF754F8FD
:10FD30000549086010BD0000554944504D73675196
:10FD40007565756500000000440100200146012929
:10FD500004D0022904D0032904D100E000BF00BF71
:10FD6000012070470020FCE7034601B90022012B67
:10FD700004D0022B0CD0032B0FD104E00AB1C92010
:10FD80007047C820FCE70AB1CB20F9E7CA20F7E7A3
:10FD90000AB1CD20F4E7CC20F2E70AB1C920EFE7A1
:10FDA000C820EDE702460020022A27D101B964E00D
:10FDB000052901D8012060E00A2901D802205CE071
:10FDC0000F2901D8032058E0142901D8042054E059
:10FDD000192901D8052050E01E2901D806204CE041
:10FDE000282901D8072048E0322901D8082044E01A
:10FDF0003C2901D8092040E00A203EE0012A11D127
:10FE0000082901D1072038E00A2901D1082034E06F
:10FE10000C2901D1092030E00F2901D30A202CE060
:10FE2000C8B22AE0032A28D109B9002025E01E29FA
:10FE300001D8012021E03C2901D802201DE05A29E7
:10FE400001D8032019E0782901D8042015E096296B
:10FE500001D8052011E0B42901D806200DE0D229EF
:10FE600001D8072009E0F02901D8082005E0B1F504
:10FE7000877F01D8092000E00A200B2800D30A2040
:10FE80007047000010B503460B2900D30021052A56
:10FE900000D30022012B07D101EB8100094C04EBB8
:10FEA000400030F8120010BD022B07D101EB810099
:10FEB000054C04EB400030F81200F4E702480088DB
:10FEC000F1E70000A0630108326301080246012A3D
:10FED00004D0022A0CD0032A0FD104E009B1D620A5
:10FEE0007047D720FCE709B1D520F9E7D420F7E720
:10FEF00009B1D320F4E7D220F2E70020F0E770B593
:10FF000004460E4615468CB155B90C2141F2094004
:10FF1000FAF7F8FA43F2704149F27040FAF7D8FA6A
:10FF2000314643F27040FAF7B3FA08E00B2141F290
:10FF30000940FAF7E7FA49F27040FAF7DBF870BDCA
:10FF40002DE9F04107460D4616461C46002F7CD091
:10FF5000012E63D1142D60D2DFE805F05F0A17246B
:10FF6000313E3F5F5F5F5F5F5F40414243444552C8
:10FF70002CB1682141F20140FAF7C4FA04E065218E
:10FF800041F20140FAF7BEFA47E02CB1692141F293
:10FF90000140FAF7B7FA04E0662141F20140FAF7AE
:10FFA000B1FA3AE02CB16A2141F20140FAF7AAFA1B
:10FFB00004E0672141F20140FAF7A4FA2DE02CB1E8
:10FFC0006C2141F20140FAF79DFA04E06B2141F205
:10FFD0000140FAF797FA20E000BF00BF00BF00BF62
:10FFE00000BF00BF00BF2CB16E2141F20140FAF703
:10FFF00089FA04E06D2141F20140FAF783FA0CE03E
:020000040801F1
:100000002CB1692141F20140FAF77CFA04E0662143
:1000100041F20140FAF776FA00BF75E0022E73D183
:10002000142D61D2DFE805F0600A1825323F4060E8
:1000300060606060604142434445465334B186216C
:1000400041F20240FAF75EFA05E04EE0832141F208
:100050000240FAF757FA47E02CB1872141F20240FB
:10006000FAF750FA04E0842141F20240FAF74AFA22
:100070003AE02CB1882141F20240FAF743FA04E059
:10008000852141F20240FAF73DFA2DE02CB18A2198
:1000900041F20240FAF736FA04E0892141F20240C7
:1000A000FAF730FA20E000BF00BF00BF00BF00BF7A
:1000B00000BF00BF2CB18C2141F20240FAF722FAB6
:1000C00004E08B2141F20240FAF71CFA0CE02CB15B
:1000D000872141F20240FAF715FA04E0842141F247
:1000E0000240FAF70FFA00BF0EE0012E05D164219D
:1000F00041F20140FAF706FA06E0022E04D182210D
:1001000041F20240FAF7FEF9BDE8F08170B505460C
:100110000C4655B3A4B13E2141F20440FAF7F2F97E
:10012000352141F20540FAF7EDF9382141F2064058
:10013000FAF7E8F9332141F20740FAF7E3F928E04A
:100140003D2141F20440FAF7DDF9362141F2054044
:10015000FAF7D8F9372141F20640FAF7D3F93321FB
:1001600041F20740FAF7CEF913E03C2141F2044096
:10017000FAF7C8F9352141F20540FAF7C3F93721FA
:1001800041F20640FAF7BEF9332141F20740FAF78F
:10019000B9F970BD10B504462CB1322141F20340CB
:1001A000FAF7B0F903E041F20340F9F7BDFF10BDE3
:1001B0002DE9F04104460D4616465CB13246012158
:1001C0002846FFF7D1FD0746394641F20660FAF7A7
:1001D00099F90AE0002211462846FFF7C5FD0746B7
:1001E000394641F20660FAF78DF9BDE8F0812DE954
:1001F000F04105460C461646E5BB2046FFF7A6FD36
:1002000050B100212046FFF761FE0746394641F212
:100210001740FAF777F903E041F21740F9F784FF46
:10022000002211460120FFF72DFE0746394641F214
:100230001940FAF767F9DC2141F22640FAF762F932
:10024000002211462046FFF78FFD0746394641F24E
:100250000660FAF757F9DF2141F22140FAF752F927
:10026000DE2141F22440FAF74DF949F23050F9F716
:1002700041FF67E0FFE743F2305149F23050FAF7AF
:1002800027F9314643F23050FAF702F9012C04D035
:10029000022C2CD0032C3FD114E001210846FFF79B
:1002A00015FE0746394641F21740FAF72BF9DD21D2
:1002B00041F22640FAF726F9324601210846FCF7BA
:1002C000ADFD29E001210320FFF700FE0746394676
:1002D00041F21740FAF716F9DD2141F22640FAF70C
:1002E00011F9324603210120FCF798FD14E00121A9
:1002F0000220FFF7EBFD0746394641F21740FAF7B7
:1003000001F9DD2141F22640FAF7FCF832460221DC
:100310000120FCF783FD00BF00BF00220121204621
:10032000FFF722FD0746394641F20660FAF7EAF880
:10033000E12141F22140FAF7E5F8E02141F22440C1
:10034000FAF7E0F8BDE8F0812DE9F04104460D46EA
:1003500016465CB1324601212846FFF705FD0746E7
:10036000394641F22240FAF7CDF80AE00022114660
:100370002846FFF7F9FC0746394641F22240FAF7D2
:10038000C1F8BDE8F0812DE9F04105460C4616465E
:10039000E5BB2046FFF7DAFC50B100212046FFF70D
:1003A00095FD0746394641F21840FAF7ABF803E0ED
:1003B00041F21840F9F7B8FEDC2141F22740FAF784
:1003C000A1F8002211460220FFF75CFD07463946DE
:1003D0004FF4A150FAF796F8002211462046FFF795
:1003E000C3FC0746394641F22240FAF78BF84FF436
:1003F000F97141F22340FAF785F84FF4FA7141F2AE
:100400002540FAF77FF849F2505000E002E0F9F792
:1004100071FE68E043F2505149F25050FAF758F833
:10042000314643F25050FAF733F8012C04D0022C35
:100430002CD0032C3FD114E001210846FFF746FDE4
:100440000746394641F21840FAF75CF8DD2141F2DF
:100450002740FAF757F8324601210220FCF7DEFC6C
:1004600029E001210320FFF731FD0746394641F21B
:100470001840FAF747F8DD2141F22740FAF742F831
:10048000324603210220FCF7C9FC14E001210220BE
:10049000FFF71CFD0746394641F21840FAF732F8DB
:1004A000DD2141F22740FAF72DF8324602210846B5
:1004B000FCF7B4FC00BF00BF002201212046FFF77B
:1004C00053FC0746394641F22240FAF71BF840F246
:1004D000F31141F22340FAF715F840F2F51141F219
:1004E0002540FAF70FF8BDE8F08100002DE9F04152
:1004F00004460F4615461E4664B375B900201C49D4
:100500000870022141F20840F9F7FCFF43F2204154
:1005100049F22040F9F7DCFF16E066B11448007894
:1005200090B94FF6E07149F22340F9F797FF0120A7
:100530000F49087008E000200D4908704FF6FF7160
:1005400049F22340F9F78AFF394643F22040F9F790
:100550009FFF0BE0002006490870012141F208408E
:10056000F9F7D0FF49F22040F9F7C4FDBDE8F0816A
:100570004901002070B505460C46BDB1012C0AD1D9
:10058000352141F20540F9F7BDFF382141F206401F
:10059000F9F7B8FF14E0362141F20540F9F7B2FF50
:1005A000372141F20640F9F7ADFF09E0352141F26C
:1005B0000540F9F7A7FF372141F20640F9F7A2FFFE
:1005C00070BD2DE9F04104460D4616461F4664B144
:1005D000222148F20800F9F741FF3B4632462946FE
:1005E0004FF48440F9F710FE04E0002148F20800BF
:1005F000F9F734FFBDE8F08170B505460C4665B1EA
:100600002CB1262141F21540F9F77CFF0AE02521A3
:1006100041F21540F9F776FF04E0242141F215403C
:10062000F9F770FF70BD0000FF2491E10220F1F79F
:100630005BFFFDF711FAFBF70BFBF9F7ABFBFDF7DF
:100640008DF90446522C62D008DC0F2C3FD0102CC0
:100650004DD0502C76D0512C73D17CE0532C66D0E9
:10066000552C04D0562C12D0572C7DD11FE0B94800
:100670000078002805DDB7480078401EB5490870AD
:1006800004E0B4480078401CB24908706DE0B248FC
:100690000078002805DDB0480078401EAE4908709B
:1006A00004E0AD480078401CAB4908705DE0AB4801
:1006B0000078002805DDA9480078401EA749087089
:1006C00004E0A6480078401CA44908704DE00120D1
:1006D000FDF7D2FBA248807D012802D1FBF7DCFCAC
:1006E00001E0FBF7D1FC0520F1F7FEFE3DE0012023
:1006F000FDF7C2FB9A48807D012802D1FBF7BCFCC4
:1007000001E0FBF7B1FC0520F1F7EEFE2DE0012042
:10071000FDF7B2FB9248807D012802D1FBF7CCFCAB
:1007200001E0FBF7C1FC0520F1F7DEFE1DE0012032
:10073000FDF7A2FBFBF7B8FC0520F1F7D5FE14E0AE
:1007400000E011E00120FDF797FBFBF79DFC052081
:10075000F1F7CAFE09E00120FDF78EFBFBF784FCF0
:100760000520F1F7C1FE00E000BF00BF7C48807D9E
:1007700001287CD17B480088401C7A4908800846C3
:1007800000881E2802D1FBF74FFC5FE07548008807
:100790003C2802D1FBF738FC58E0724800886E28EC
:1007A00002D1FBF751FC51E06E4800888C2802D141
:1007B000FBF752FC4AE06B480088AA2802D1FBF7FD
:1007C0003BFC43E067480088C82802D1FBF724FCC3
:1007D0003CE064480088E62838D100206149088060
:1007E0005F4881894FF45D50F9F752FE0220F1F71E
:1007F0007BFE5B48018A43F25070F9F749FE022004
:10080000F1F772FE5648818A43F29070F9F740FE84
:100810000220F1F769FE5248418943F27070F9F7FE
:1008200037FE0220F1F760FE4D48C1894FF45E505B
:10083000F9F72EFE0220F1F757FE4948418A43F2AC
:10084000A070F9F725FE0220F1F74EFE444801881A
:1008500043F23070F9F71CFE0220F1F745FE4048E4
:10086000C18843F26070F9F713FE022000E002E055
:10087000F1F73AFE44E03B480088401C39490880C3
:10088000084600881E2802D1FBF7CEFB2FE0354832
:1008900000883C2802D1FBF7B7FB28E031480088EC
:1008A0005A2802D1FBF7D0FB21E02E480088782897
:1008B0001DD100202B490880294841884FF45D5004
:1008C000F9F7E6FD0220F1F70FFE2548818843F293
:1008D0005070F9F7DDFD0220F1F706FE2048418A4D
:1008E00043F29070F9F7D4FD0220F1F7FDFD1C48AA
:1008F000018843F23070F9F7CBFD0220F1F7F4FDE7
:1009000019480078401C18490870084600781E21D4
:1009100090FBF1F201FB1200D0B90F4801784FF4BF
:100920005C50F9F7B5FD0220F1F7DEFD09480178CA
:1009300043F21070F9F7ACFD0220F1F7D5FD07483E
:10094000017843F22070F9F7A3FD0220F1F7CCFD06
:100950006CE60000650700206407002066070020A1
:10096000C8650120680700206A07002070B50024D0
:100970004FF4FA6523E00220F1F7B6FDFDF76CF8BD
:10098000601CC0B20446142800DA18E00024F9F70D
:1009900001FAFCF7E3FF152810D10120FDF76CFAEE
:1009A0000320F9F7C1FE0020F9F7BEFE0320F9F796
:1009B000BBFE0520F1F798FDFFF736FE00BF281EAD
:1009C000A5F101018DB2D6D170BD000010B502486D
:1009D000F6F75AFB10BD00008852002010B50248FF
:1009E000F6F752FB10BD0000D052002010B50248AF
:1009F000F6F74AFB10BD00001853002010B502485E
:100A0000F6F742FB10BD00006053002010B5FF2236
:100A100002490120F1F743F810BD0000F49B0120CA
:100A200070B505460024002613480088401C124972
:100A300008800120F1F746F8044610480078844207
:100A400005D000200C4908800C490C7012E00A48BF
:100A5000008803280EDBFF2C09D2C4F1FF0086B208
:100A6000324629460648F1F773F800F00BF80020EB
:100A700001490880304670BDF8060020F6060020C7
:100A8000F49B012010B50120F0F7BEFFFF210748BD
:100A9000EFF7D8FDFF2205490120F1F700F800200B
:100AA00003490880FF200349087010BDF49B012012
:100AB000F8060020F606002010B5FFF7A7FF10BDCE
:100AC00070B504460D4664232A4621460120F1F7FD
:100AD00008F870BD10B5962202490220F0F7DFFF3A
:100AE00010BD0000F39C012070B5054600240026CF
:100AF00013480088401C124908800220F0F7E2FFEA
:100B0000044610480078844205D000200C49088033
:100B10000C490C7012E00A48008803280EDB962C62
:100B200009D2C4F1960086B2324629460648F1F74A
:100B30000FF800F00BF8002001490880304670BD26
:100B4000FC060020FA060020F39C012010B50220CC
:100B5000F0F75AFF96210748EFF774FD96220549F2
:100B60000220F0F79CFF00200349088096200349EB
:100B7000087010BDF39C0120FC060020FA0600203E
:100B800010B5FFF7A7FF10BD70B504460D466423EE
:100B90002A4621460220F0F7A4FF70BD10B5962228
:100BA00002490320F0F77BFF10BD0000899D012062
:100BB00070B50446002500260320F0F783FF0546A4
:100BC000962D09D2C5F1960086B2324621460348D9
:100BD000F0F7BEFF00F004F8304670BD899D01209B
:100BE00010B50320F0F710FF96210448EFF72AFD17
:100BF000962202490320F0F752FF10BD899D012083
:100C000010B5FFF7CBFF10BD70B504460D46642349
:100C10002A4621460320F0F764FF70BD10B59622E6
:100C200002490420F0F73BFF10BD00001F9E012089
:100C300070B505460024002611480088401C104964
:100C400008800420F0F73EFF04460E4800788442F6
:100C500005D000200A4908800A490C700EE0962C45
:100C600009D2C4F1960086B2324629460648F0F70A
:100C70006FFF00F00BF8002001490880304670BD7E
:100C800000070020FE0600201F9E012010B5042052
:100C9000F0F7BAFE96210748EFF7D4FC96220549F3
:100CA0000420F0F7FCFE0020034908809620034949
:100CB000087010BD1F9E012000070020FE060020C6
:100CC00010B5FFF7ABFF10BD70B504460D466423A9
:100CD0002A4621460420F0F704FF70BD10B5962285
:100CE00002490520F0F7DBFE10BD0000B59E012093
:100CF00010B5FFF7F3FF10BD70B504460D46642331
:100D00002A4621460520F0F7ECFE70BD10B596226C
:100D100002490620F0F7C3FE10BD00004B9F0120E2
:100D200070B505460024002613480088401C12496F
:100D300008800620F0F7C6FE04461048007884427A
:100D400005D000200C4908800C490C7012E00A48BC
:100D5000008803280EDB962C09D2C4F1960086B2D7
:100D6000324629460648F0F7F3FE00F00BF8002063
:100D700001490880304670BD0407002002070020AA
:100D80004B9F012010B50620F0F73EFE9621074844
:100D9000EFF758FC962205490620F0F780FE002068
:100DA0000349088096200349087010BD4B9F01201D
:100DB000040700200207002010B5FFF7A7FF10BDB1
:100DC00070B504460D4603232A4621460620F0F757
:100DD00088FE70BD002003490880962002490870F3
:100DE000704700000A0700200807002070B504467D
:100DF0000D4664232A4621460720F0F772FEC0B153
:100E00000720F0F7E7FD0720F0F7F1FD0A48016839
:100E10000720F0F735FE50B964232A462146072003
:100E2000F0F75FFE08B9012070BD0020FCE700204C
:100E3000FAE70120F8E700000C07002000BFFEE7FA
:100E400010B50020F9F770FCF8F7A4FFF8F79EFC46
:100E5000F1F7F8FBFFF730FEFFF792FEFFF7D0FE49
:100E6000FFF72EFFFFF744FFFFF7A6FFFFF7B2FFE4
:100E7000F8F790FF41F22840F9F756F9FAF7EEF843
:100E8000FFF774FDF8F786FF4FF4FA70F1F72CFBCB
:100E9000F8F780FF4FF4FA70F1F726FB00F02AF81C
:100EA000FDF7CCFEF8F776FFF8F75AFFF9F774FC78
:100EB000FDF70EFEFDF76EFEF7F780FFFDF73AFE39
:100EC000FCF76AFFFDF71EFEF7F784F8FAF718F84B
:100ED000F2F710FAFDF7D0FEFDF778FEFDF792FE6F
:100EE000FDF7E8FEFDF710F9002211461120FDF78D
:100EF0006DF810BD10B5F0F71DFE00F039F8F0F7F1
:100F00000BFE01F0BBFBF0F703FE10BD00B50020A7
:100F100000F022F800BD000000B503460548007946
:100F2000012805D103484079984201D1FFF7EEFF2F
:100F300000BD00007C6601200146064800790128BA
:100F400005D104484079884201D101207047002032
:100F5000FCE700007C6601200449487108B10121CA
:100F600000E00021014A1171704700007C660120F9
:100F700010B520210148EFF787FB10BD7C660120EA
:100F800010B5114C03202061606110A0A0611249CE
:100F9000E161402121620021A1626162E1620BA056
:100FA00020660E4961661021A16600212167E16675
:100FB00061670BA1E01DEFF7A2FA0AA12046EFF747
:100FC0009EFA2020A07110BDE49F01205465726D2F
:100FD000696E616C000000008CA00120CCA0012093
:100FE00052545400534547474552000010B501463E
:100FF0000A69CB689A4204D88C68641EE41AA01867
:1010000001E0D41A601E10BD2DE9F0470446894660
:1010100017464FF0000AE56800BFD4F81080A845D5
:1010200003D9A8EB0500461E04E0A5EB0800401C10
:10103000A1680E1AA068401BB04201D9304601E0F9
:10104000A068401B0646BE4201D2304600E038464A
:1010500006466168481932464946EFF774FAB244C9
:10106000B144BF1B3544A068A84200D10025E5600B
:10107000002FD2D15046BDE8F0872DE9F047044655
:1010800089461546E668A068871BAF4208D96168A3
:1010900088192A464946EFF756FA7019E06010E0C1
:1010A000B8466168881942464946EFF74CFAA5EB05
:1010B000070809EB070142466068EFF744FAC4F8F5
:1010C0000C80BDE8F087000002480068C0F30220F1
:1010D000704700000CED00E010B5002804DB0A07A3
:1010E000130E054A135406E00A07140E034A00F0D3
:1010F0000F031B1FD45410BD00E400E018ED00E006
:10110000EFF310807047EFF31080704780F3108882
:10111000704780F31088704780F31088704780F321
:10112000108870472DE9FE4304460E461746B04628
:1011300004B117B90020BDE8FE8301F0EFFB0020E9
:10114000206060600120207200206072A072E66062
:101150002061002141F270000151001D0151001D6C
:101160000151001D0151001D0151001D0151001DC3
:101170000751001D01512548006810B9234804603B
:1011800019E02248056808E0A54203D101F0F0FB10
:101190000020D0E741F28C00455941F28C004059C3
:1011A0000028F1D1A54203D101F0E2FB0020C2E703
:1011B00041F28C00445101F0DBFBB8F1000F01D18A
:1011C0000FF24C0804F1140004F1700103222346CD
:1011D000CDE9002102904FF4806241460F4802F0B1
:1011E00051FE2061206908B1012000E00020A072BA
:1011F000A07A18B900200A4908609CE72046F0F759
:1012000049F82046EFF7B7FF012094E78800002057
:10121000536F66745461736B00000000B1130008D3
:101220009800002070B504460E46154604B10DB96D
:10123000002070BD01F072FB256026720020606006
:101240000120607201F094FB2046EFF7F6FF0120C9
:10125000EFE7F4F7F3FEFDF757FDF9F7A5FBF9F714
:1012600043FBF9F783FDF9F79DFDF9F7B7FDF9F7B2
:101270000BFDF9F727FDF9F7CFFDF9F73FFDF9F77A
:1012800059FDF9F7E5FCF9F7B7FCF9F769FCF9F74F
:101290008DFCFDF793FEF8F77DFAF0F7D9F8F9F732
:1012A0007FFB01F0E3FD00BFFEE700002DE9F04108
:1012B00005460E461648076816480068001D01F0EE
:1012C000CBFA681C38B936B112480168091D1248BA
:1012D00001F018FB1AE07C190E4800684460BC421B
:1012E00007D20C480168091D0C48006801F0F0FAAB
:1012F0000CE008480168091D0948006801F0E8FA97
:1013000008480068844201D206480460BDE8F081C4
:101310004C00002038000020144F00204000002026
:101320003C0000206800002010B5044601F0F6FAE9
:101330002C480068401C2B4908602B48006840B9C5
:10134000294804600846006801280DD100F088FA99
:101350000AE02648006838B923480068C06AE16A94
:10136000884201D82048046021480068401C204978
:10137000086008460068606454B144B104F1340266
:1013800021461020E36A04F0F9F900B900E000BF3B
:101390002146302003F042FC1649E06A0968884281
:1013A00002D91449E06A0860E16A01EB8101124A3E
:1013B00002EB8100211D01F0A5FA01F0D9FA0B48DA
:1013C000006868B108480068C06AE16A884207D2CC
:1013D0004FF0805009490860BFF34F8FBFF36F8F04
:1013E00010BD0000480000203800002054000020FC
:1013F0006400002050000020644A002004ED00E05A
:1014000008B501F08BFA12480068E8B9114801F0FC
:101410004FFA114801F04CFA0E48104908600E4886
:101420000F49086000200F4B0F4A102100900A203E
:1014300001F01EFF064908600846006820B10BA1B4
:101440000348006801F06AFB01F092FA08BD000051
:101450007C000020284F00203C4F0020740000201A
:1014600078000020504F0020A04F0020546D725192
:101470000000000010B516E001F050FA0C48C068FA
:10148000C468201D01F0E8F90A480068401E0949B7
:10149000086009480068401E0749086001F068FAC2
:1014A000204600F05FF8044800680028E4D110BD31
:1014B000004F0020480000204400002070B5044682
:1014C0000D46206C70B1216CE0680144E160D4E904
:1014D0000210884201D32168E1602846226CE1684D
:1014E000EFF731F870BD2DE9F04104460F4615467F
:1014F0004FF00008A66B206C48B9206800282CD15A
:10150000A06802F0F3FD80460020A06025E07DB9D0
:101510003946226C6068EFF716F8216C6068084461
:101520006060D4E90101884217D32068606014E04C
:101530003946226CE068EFF706F8216CE068411A42
:10154000E1602168E068884203D2216CA068411AFA
:10155000E160022D01D106B1761E701CA0634046E9
:10156000BDE8F08110B5044694F8590030B9206BFD
:1015700001F01CFA204601F019FA1AE094F859001B
:10158000012803D1204601F011FA12E094F8590025
:10159000022801D1012000E0002050B900BF5020F6
:1015A00080F31188BFF34F8FBFF36F8F00BF00BF71
:1015B000FEE710BD002103E0054A12685154491CA2
:1015C0006029F9D36020024A126810660020704733
:1015D0002007002010B5014611480068006E08B9C8
:1015E000012010BD0E48006802780D480068006EAA
:1015F000401E0B4B1B68186609480068006E084BBC
:101600001B68185C064B1B681870FF20044B1B6896
:101610001B6E034C2468E0540A700020E1E70000D0
:101620002007002001464A6A22B10A6B1268C2F103
:10163000380000E0002070470146084A126812682E
:101640000AB9012200E000220A600A6822B9034AAE
:101650001268D268106800E0002070477400002013
:1016600030B54FF47053174800F007042CB1C01D7B
:1016700020F00700134C041B1B1B0246124C226077
:101680000024114D6C60D018083820F007000F4C72
:10169000206000240D4D2D686C600C4D2D682C6071
:1016A0001146441A4C60094C24680C60084D4C6883
:1016B0002C60084D4C682C604FF00044064D2C60A7
:1016C00030BD0000240E00200C000020140000207B
:1016D0001C000020180000202800002000BFFFF799
:1016E000C9FE064800680128F9D94FF08050044926
:1016F0000860BFF34F8FBFF36F8FF0E7644A00209D
:1017000004ED00E010B5044654B10020A060206054
:101710000021E16000231A461946204601F08EFEA2
:1017200010BD00002DE9F04105460E4617469846CB
:10173000069C0EB9246000E02760E5632664012161
:10174000204601F02FFE84F84C8094F84C0030B114
:10175000012812D0032809D004281CD114E02B46FC
:101760000EA22146112004F009F814E000230BA278
:101770002146122004F002F80DE0002307A22146C2
:10178000132003F0FBFF06E0002304A221461720EC
:1017900003F0F4FF00BF00BFBDE8F08100000000CF
:1017A0002DE9F05F82460E4690469B460A9F0C9CB0
:1017B0004FEA8801A522206BEEF73CFFA8F101005B
:1017C000216B01EB800929F0070909F0070008B92E
:1017D000012000E0002050B900BF502080F31188A4
:1017E000BFF34F8FBFF36F8F00BF00BFFEE786B11F
:1017F000002507E0715D04F134004155705D00B9CA
:1018000002E06D1C102DF5D300BF002143200155CF
:1018100002E0002084F83400382F00D33727E76235
:10182000E76400202065201D01F04FF804F1180046
:1018300001F04BF82461C7F13800A0616462002018
:10184000606584F858005A465146484600F0EEFF5D
:1018500020600B9808B10B980460BDE8F09F000071
:1018600010B5002407E004EB84010F4A02EB81006D
:1018700001F01EF8641C382CF5D30C4801F018F860
:101880000B4801F015F80B4801F012F80A4801F076
:101890000FF80A4801F00CF80448094908600448A8
:1018A0000849086010BD0000644A0020C44E0020B2
:1018B000D84E0020EC4E0020004F0020144F002096
:1018C0003C0000204000002010B50146164800E012
:1018D000006803688B42FBD30246436813448B4283
:1018E00004D143684C682344436001460A464B6870
:1018F00013440468A34211D10C4C03682468A3422A
:1019000008D04B680468646823444B6003681B6814
:101910000B6005E0054B1B680B6001E003680B6082
:10192000884200D0016010BD0C000020140000208F
:101930002DE9F04104460D4616461F464FF00008BB
:1019400065602461B5420CD8F01BA169884202D3BE
:101950004FF0010811E0211D0948006800F0B8FFB0
:101960000BE0BE4204D2BD4202D34FF0010804E0B6
:10197000211D0448006800F0ABFF4046BDE8F0813F
:1019800078000020740000200020704770B50546E4
:1019900000F0C4FFA86B08B9012400E0002400F0A7
:1019A000E7FF204670BD70B5054600F0B7FFA86B95
:1019B000E96B884201D1012400E0002400F0D8FF47
:1019C000204670BD014608784B7818448B7818443F
:1019D000CB7818440B7918444B791844C0B24FF6B1
:1019E000FF731A1AC879B0EB222F01D0002070477C
:1019F0008879D3B2984201D00020F8E7087801280E
:101A000001DD0020F3E70120F1E710B5044620785E
:101A1000012808D16078012802D100F07DF901E0A9
:101A200000F062F900E000BF00BF10BDF8B5054648
:101A30000F461C480068C068C468201D00F00CFFF9
:101A40002146D220226A03F04BF994F8280000F0D6
:101A50000400E8B1A06941192B463A462046FFF739
:101A600067FFD8B1002003462A4601460090204671
:101A700002F006FD064656B900BF502080F31188DB
:101A8000BFF34F8FBFF36F8F00BF00BFFEE705E0CE
:101A900094F8280020F0010084F828002046216AEC
:101AA0008847F8BD74000020F0B587B0A5E0039822
:101AB000002811DA04AE56B900BF502080F3118817
:101AC000BFF34F8FBFF36F8F00BF00BFFEE7D6E9B4
:101AD0000020B168904700BF03980028E6DB059C12
:101AE000606908B9012000E0002010B9201D00F055
:101AF000B3FE02A800F0E2F8054603980A287AD25D
:101B0000DFE800F00905073E466806083F4700BFCA
:101B100000BF00BF00BF94F8280040F0010084F827
:101B200028000498A269811803462A462046FFF738
:101B3000FFFE20B32046216A88472146D220226A30
:101B400003F0CEF894F8280000F00400B8B10020AB
:101B500000900498A169421800231946204602F01B
:101B60008FFC074657B900BF502080F31188BFF3A0
:101B70004F8FBFF36F8F00BF00BFFEE700BF3BE09A
:101B800000BF94F8280020F0010084F8280033E01A
:101B900000BF94F8280040F0010084F82800049861
:101BA000A061A06908B1012000E0002050B900BF89
:101BB000502080F31188BFF34F8FBFF36F8F00BFAA
:101BC00000BFFEE7A06941192B462A462046FFF7D1
:101BD000AFFE11E094F8280000F0020020B9204682
:101BE00000F0E4FE06E006E094F8280020F0010092
:101BF00084F8280000E000BF00BF002203A90448C9
:101C0000006801F031FE00287FF451AF07B0F0BD4D
:101C10007C000020F8B505460C4601F08DF96846B9
:101C200000F04CF80646009820BB44B9B54206D8EF
:101C300002F064FB31462846FFF7F8FE1CE03CB199
:101C40000E480068006808B9012000E00020044642
:101C5000A91B22460A48006800F07CFF02F04EFBF8
:101C600050B94FF0805007490860BFF34F8FBFF362
:101C70006F8F01E002F042FBF8BD00007800002009
:101C80007C00002004ED00E00A490968096809B9F0
:101C9000012100E0002121B14FF0FF31064A11601F
:101CA00006E004490968C968C868034A41681160C8
:101CB000704700003C0000206800002070B504461A
:101CC00002F04EF9054607480068854204D200F04C
:101CD00065F80120206001E00020206001480560D7
:101CE000284670BD8400002010B50A48006840688E
:101CF00000B910BD00BFEFF3108004460120FFF7CC
:101D00000EFA00200349096848602046FFF707FAE9
:101D100000BFEEE74007002070B5002500261C48F4
:101D200000684068012800D170BD1A4800688568C5
:101D30002DB91948006817490968886000BF15481F
:101D40000068466826B9002012490968486000BF4B
:101D500000BFEFF3108004460120FFF7E0F900F028
:101D6000E1FA00F053FB00F08FFA00F0EDFA0848BA
:101D700000680068401C06490968086001200449A1
:101D8000096848602046FFF7CAF900BFCCE70000A9
:101D900040070020500700209C0000202DE9F84358
:101DA00039E027480068C068056825480068C068B1
:101DB000C468201D00F050FD2146D220226A02F0A6
:101DC0008FFF2046216A884794F8280000F004001D
:101DD00008B3A0694619AE4207D966602461211D87
:101DE0001748006800F074FD15E0002003462A46FD
:101DF00001460090204602F043FB074657B900BF5A
:101E0000502080F31188BFF34F8FBFF36F8F00BF57
:101E100000BFFEE700BF0A480068006808B901205B
:101E200000E000200028BCD00548D0F8008005481C
:101E30000068034908600348C0F80080BDE8F883E3
:101E400074000020780000200E480068401C08B98B
:101E5000012000E0002050B900BF502080F311881D
:101E6000BFF34F8FBFF36F8F00BF00BFFEE700BF10
:101E7000502080F31188BFF34F8FBFF36F8F00BFE7
:101E800000BFFEE72C00002008B500BF6846FFF742
:101E9000D3FB044620460099FFF7BCFEFFF704FE83
:101EA000F4E7000002460F2A35D2DFE802F00831DD
:101EB0002225282B2E1F0A0D101316191C00012095
:101EC000704718A0086029E01FA0086026E029A03C
:101ED000086023E02CA0086020E036A008601DE028
:101EE0003FA008601AE045A0086017E031A0086034
:101EF00014E04AA0086011E04DA008600EE052A076
:101F000008600BE055A0086008E05BA0086005E0F1
:101F10005FA0086002E062A0086000BF00BF002070
:101F2000CEE70000457863656564656420545243DC
:101F30005F4346475F454E5452595F5441424C45BA
:101F40005F534C4F54530000457863656564656486
:101F5000205452435F4346475F454E5452595F53A6
:101F6000594D424F4C5F4D41585F4C454E47544888
:101F7000000000004576656E742073697A652065FF
:101F800078636565646564005452435F53545245F9
:101F9000414D5F504F52545F524541445F4441545C
:101FA000412072657475726E6564206572726F721D
:101FB000000000005452435F53545245414D5F505E
:101FC0004F52545F57524954455F44415441207227
:101FD000657475726E6564206572726F72000000C0
:101FE000426C6F636B696E6720696E207854726112
:101FF0006365456E61626C65000000004E6F207382
:102000006C6F7473206C65667420696E2053746104
:10201000636B204D6F6E69746F720000496E76615C
:102020006C6964206576656E7420636F646500007A
:10203000457863656564656420495352206E657315
:1020400074696E6700000000445754206E6F74205E
:10205000737570706F727465640000004457545F4C
:10206000435943434E54206E6F7420737570706FE4
:102070007274656400000000436F756C64206E6FBD
:10208000742063726561746520547A4374726C00C5
:102090004153534552543A20257320282564290082
:1020A000556E6B6E6F776E206572726F7220636F04
:1020B00064653A20307825303858000038B5044639
:1020C0001F480068806840B91D48016808311DA09C
:1020D00003F07CFC012800D138BD69462046FFF79B
:1020E000E1FE0F2C1FD2DFE804F01E1B10111213AB
:1020F000140F08090A0B0C0D0E0000BF00BF00BF33
:1021000000BF00BF00BF00BF00BF00BF00BF00BFD7
:1021100000BF0B4909688868009903F0BFFB0BE01A
:1021200000BF0120D8E7064909682246886807A150
:1021300003F0D6FB0120CFE700BF0020CCE7000072
:10214000240700202357465200000000556E6B6E96
:102150006F776E206572726F7220636F64653A20CC
:102160003078253038580000F8B505460E4614463C
:102170000027002000903F48007800F00100002870
:1021800042D03D480068406800283DD004F10C0072
:10219000694602F0A7FCA0BB009800790838C0F39C
:1021A0008300032141EA0030009909680880334820
:1021B0000068B0F86C0000990968488030484068B1
:1021C0000099096848600098006840682D490968CE
:1021D0004969884207D22B480068C068401C2949D9
:1021E0000968C86000E000BF0098006840682549A1
:1021F000096848610098806808300099886000206C
:1022000003E0FFE7012000E0012060BB00980068C8
:1022100000998968890840F8215000988068001D5D
:1022200000998860E01C82083146009802F046FC64
:102230000098406800998968471A5FB100210098AA
:102240000068009A9268815400988068401C009948
:10225000886000BF0748007800F0010018B1064808
:102260000068406800B902E0009802F0E1FE00203A
:10227000F8BD000048070020400700202807002084
:10228000001000E0500700203EB50024684602F030
:1022900023FB02A90C2002F071FC48BB02990098B4
:1022A0000968029A9268920841F8220002988068B0
:1022B000001D029988601C2102980068029A9268A9
:1022C000920840F8221002988068001D02998860E8
:1022D000032002990968029A9268920841F8220044
:1022E00002988068001D02998860029802F0BCFE86
:1022F000002414E001A9204602F0E0FA01980568E4
:1023000065B102A9302002F039FC38B90C22DDE9B0
:10231000011002F0D3FB029802F0A6FE641C602CB0
:10232000E8D33EBD08B56946202002F027FC40B93D
:10233000082204480168009802F0C0FB009802F0EF
:1023400093FE08BD4407002038B50020009000250A
:1023500069460C2002F0C6FBA0BB00980079083843
:10236000C0F38300012141EA003000990968088028
:1023700022480068B0F86C0000990968488020483D
:1023800040680099096848600098006840681D49E5
:1023900009684969884207D21A480068C068401C29
:1023A00018490968C86000E000BF009800684068EC
:1023B000144909684861009880680830009988606D
:1023C000002001E0FFE70120B8B9002410E00E482A
:1023D000006850F8245000980068009989688908BE
:1023E00040F8215000988068001D00998860641CA6
:1023F000002CECD0009802F01BFE38BD280700200E
:10240000001000E0500700204C07002008B5694686
:102410001C2002F0B3FB58B907220648006841F2BD
:10242000A8210144009802F049FB009802F01CFE2C
:1024300008BD0000400700202DE9FF4F83B006468D
:1024400015461C46109F002002908146824604F1EA
:10245000910B042000EB84002844019086B95B486E
:102460000068006848B95948016859A003F0AEFAFD
:10247000012802D107B0BDE8F08F54480068066813
:102480005548007800F00100002844D05348006807
:10249000406870B3019901F1080002A902F022FB23
:1024A00040BB1FFA8BF1029800790838C0F3830013
:1024B00041EA003002990968088049480068B0F88C
:1024C0006C0002990968488046484068029909688A
:1024D0004860029800684068434909684969884231
:1024E00009D241480068C068401C3F490968C8607B
:1024F00002E010E00DE000BF0298006840683A4931
:102500000968486102988068083002998860002054
:1025100002E0012000E00120012800D1AAE7029892
:10252000006802998968890840F8216002988068EB
:10253000001D029988604FF0000811E03968081DFD
:102540003860096802980068029A9268920840F818
:10255000221002988068001D0299886008F1010825
:10256000A045EBD30298406802998968A0EB010965
:10257000A94501D2A9F10105E81C82080499029835
:1025800002F09CFA0298406802998968A0EB010A5F
:10259000BAF1000F0BD0002002990968029A9268E4
:1025A000885402988068401C0299886000BF0A48DD
:1025B000007800F0010018B108480068406800B9D0
:1025C00002E0029802F034FD002053E738070020B3
:1025D00044656661756C7400480700204007002060
:1025E00028070020001000E05007002070B50446C6
:1025F00000F094F994F9455010E0606A08B90120A0
:1026000000E0002038B904F1240001F027FE18B1E1
:1026100000F072FB00E003E0681E45B2002DECDC28
:1026200000BFFF2084F8450000F0A2F900F076F921
:1026300094F9445010E0206908B9012000E000201E
:1026400048B904F1100001F009FE08B100F054FB94
:10265000681E45B200E001E0002DECDC00BFFF2069
:1026600084F8440000F084F970BD014601F00300D5
:1026700008B1012070470020FCE7000010B52821B8
:102680000348EEF701F828210248EDF7FDFF10BDE1
:10269000DC660120046701202DE9F04704464FF075
:1026A000000800F049FC5148006808B9FEF7D8FF5F
:1026B0004F4800682040002870D1D4B1083404F09D
:1026C0000700B0B104F00700C0F10800044404F0B2
:1026D000070008B9012000E0002050B900BF5020D9
:1026E00080F31188BFF34F8FBFF36F8F00BF00BF20
:1026F000FEE7002C52D03F48006884424ED83E4E40
:102700003046056801E02E462D686868A04202D276
:1027100028680028F7D13548006885423ED03068E7
:1027200000F10808286830606868001B102819D973
:102730002F1907F0070008B9012000E0002050B968
:1027400000BF502080F31188BFF34F8FBFF36F8F0E
:1027500000BF00BFFEE76868001B78606C60384609
:10276000FFF7B2F8234968680968081A2149086028
:102770000846006821490968884203D21D4800685C
:102780001E4908601A4968680968084368600020A3
:1027900028601B480068401C1949086019480078E7
:1027A00000F0010050B118480068406830B102F0F4
:1027B000E3FE81462246414602F062FD01F09EFDA5
:1027C00008F0070008B9012000E0002050B900BF60
:1027D000502080F31188BFF34F8FBFF36F8F00BF7E
:1027E00000BFFEE74046BDE8F0870000140000206F
:1027F00028000020180000200C0000201C000020F1
:1028000020000020480700204007002006480068FC
:1028100030B10549096801F15000096D491C01609A
:10282000014800687047000038000020001F4FF08A
:1028300080730360001F21F001030360001F054B3C
:10284000036014380260001F6FF002030360203839
:1028500070470000491E010801460A69D1E90130AC
:102860009860D1E9010358605068884201D18868B6
:102870005060002008611068401E106010687047AA
:10288000034B0360034B0B60802313607047000011
:102890006C070020C8070020034B0360034B0B604C
:1028A0004FF4807313607047C8090020240A002089
:1028B00000F1080141604FF0FF31816000F1080133
:1028C000C160016100210160704700210161704712
:1028D00010B502460B685C1C0CB9106907E002F1E8
:1028E000080000E04068446824689C42FAD94468C3
:1028F0004C604C68A160886041600A611468641C87
:10290000146010BD42684A6093688B609368596098
:102910009160086103685B1C0360704700BF502032
:1029200080F31188BFF34F8FBFF36F8F00BF0E4846
:102930000068401C0C49086008460068012812D154
:102940000A480068C0B208B9012000E0002050B970
:1029500000BF502080F31188BFF34F8FBFF36F8FFC
:1029600000BF00BFFEE770472C00002004ED00E030
:102970000D48006850B900BF502080F31188BFF3A4
:102980004F8FBFF36F8F00BF00BFFEE706480068A0
:10299000401E054908600846006820B9002080F301
:1029A000118800BF00BF70472C0000202DE9F041C6
:1029B00005462E46002D54D0083E34462A4960680C
:1029C0000968084008B1012000E0002050B900BFAC
:1029D000502080F31188BFF34F8FBFF36F8F00BF7C
:1029E00000BFFEE7206808B9012000E0002050B9D0
:1029F00000BF502080F31188BFF34F8FBFF36F8F5C
:102A000000BF00BFFEE7184960680968084040B38E
:102A1000206830BB1449606809688843606000F032
:102A20008BFA124960680968084410490860104828
:102A3000007800F0010050B10E480068406830B1E5
:102A400002F09AFD07462946626802F053FC2046D0
:102A5000FEF73AFF08480068401C0749086001F08B
:102A60004DFCBDE8F0810000280000201800002087
:102A700048070020400700202400002000204FF0DD
:102A8000E02108618861064800684FF47A71B0FB64
:102A9000F1F0401E4FF0E0214861072008617047C7
:102AA0009C00002070B5EDF763FC0446102C16D393
:102AB00004F1E02090F8F05315480078854201DBDE
:102AC000012000E0002050B900BF502080F31188A1
:102AD000BFF34F8FBFF36F8F00BF00BFFEE70D48FE
:102AE000006800F4E0600C490968884201D80120C0
:102AF00000E0002050B900BF502080F31188BFF3E0
:102B00004F8FBFF36F8F00BF00BFFEE770BD0000A7
:102B1000300000200CED00E03400002070B50546C8
:102B20000E4600240FE00A4850F8340050B9084817
:102B300040F8346000EBC40045603146284602F09E
:102B40004DFE02E0641C082CEDD300BF70BD0000F8
:102B5000244A00202DE9F04105460E4617462C4632
:102B6000FFF7DCFE94F94400401C10B9002084F803
:102B7000440094F94500401C10B9002084F8450039
:102B8000FFF7F6FEA06B28B93A46314604F124005F
:102B900000F0D4F82046FFF729FDBDE8F0810000E1
:102BA00070B504460025F4B11448006808B9012046
:102BB00000E0002050B900BF502080F31188BFF31F
:102BC0004F8FBFF36F8F00BF00BFFEE700F0B4F977
:102BD00021467A2002F022F800212046FEF766FB0B
:102BE00001F08CFB05463DB94FF080500449086068
:102BF000BFF34F8FBFF36F8F70BD000070000020D8
:102C000004ED00E02DE9F04705460F464FF00009BE
:102C100055B900BF502080F31188BFF34F8FBFF329
:102C20006F8F00BF00BFFEE70FB1012000E0002062
:102C300050B900BF502080F31188BFF34F8FBFF30E
:102C40006F8F00BF00BFFEE72248006808B901206F
:102C500000E0002050B900BF502080F31188BFF37E
:102C60004F8FBFF36F8F00BF00BFFEE700F064F926
:102C7000194806682868C4192868B04207D9286826
:102C8000A0420BD9B44209D94FF0010906E02868E7
:102C9000A04201D8B44201D94FF001092C60B9F12A
:102CA000000F07D02146792001F0B8FFA01B0021BA
:102CB000FEF7FCFA01F022FB8046B8F1000F07D1C5
:102CC0004FF0805005490860BFF34F8FBFF36F8FFF
:102CD000BDE8F087700000204C00002004ED00E00B
:102CE00003490968016003490968416070470000B1
:102CF000600000204C00002001200149086070475E
:102D00005C00002070B504460D4654B900BF502049
:102D100080F31188BFF34F8FBFF36F8F00BF00BFE9
:102D2000FEE70548016818312046FFF7D1FD012173
:102D30002846FEF7BBFA70BD3800002070B5064685
:102D40000C46154656B900BF502080F31188BFF3DA
:102D50004F8FBFF36F8F00BF00BFFEE709480168C8
:102D600018313046FFF7CEFD0DB14FF0FF34064865
:102D700000680119792001F051FF29462046FEF72D
:102D800095FA70BD380000204C0000202DE9F04776
:102D900006460F4634464FF00109002E5ED0206DE6
:102DA00050B900BF502080F31188BFF34F8FBFF39D
:102DB0006F8F00BF00BFFEE7E06CB84201D23D4616
:102DC00000E0E56CE06AA84248D0206D012845D1BA
:102DD00023480068844201D0012000E0002050B95F
:102DE00000BF502080F31188BFF34F8FBFF36F8F68
:102DF00000BF00BFFEE721460620E26C01F070FF35
:102E0000D4F82C80E562A06900F0004010B9C5F14B
:102E10003800A06108EB8801124A02EB8101606969
:102E2000884201D1012000E00020B8B1201DFFF749
:102E300013FD2146302001F0F1FE0B49E06A0968DC
:102E4000884202D90849E06A0860E16A01EB810121
:102E5000044A02EB8100211DFFF754FDBDE8F08715
:102E600038000020644A00205000002010B586B0D1
:102E700000200590049003AA04A905A8FFF700FD0F
:102E80000022DDE904101346CDE90021029022A1C1
:102E90002348039A00F0F6FF2249086008460068BC
:102EA00008B1012400E00024012C02D101F0ACFAA9
:102EB0000446012C1CD100BF502080F31188BFF3C1
:102EC0004F8FBFF36F8F00BF4FF0FF301649086080
:102ED000012016490860002015490860154800685F
:102EE000C16A1448006802F035FE00F07BF810E07B
:102EF000601C08B1012000E0002050B900BF502044
:102F000080F31188BFF34F8FBFF36F8F00BF00BFF7
:102F1000FEE706B010BD000049444C45000000002B
:102F2000DD1601086C00002068000020540000201D
:102F30004C0000203800002002480068401C014975
:102F4000086070477000002010B52148006818B173
:102F50000120204908603AE000201E4908601E4810
:102F600001680CE051B900BF502080F31188BFF315
:102F70004F8FBFF36F8F00BF00BFFEE7491E01EB0D
:102F80008100164A52F8200008B9012000E0002014
:102F90000028E7D101EB8102104B03EB820042686D
:102FA0005268426000F108024368934202D14268CD
:102FB000526842604268D268094B1A600648016054
:102FC00018460068C16A1846006802F0C3FD10BDCB
:102FD000700000205C00002050000020644A0020A7
:102FE000380000201CB55C4800685C49884201D06C
:102FF000012000E0002050B900BF502080F311886C
:10300000BFF34F8FBFF36F8F00BF00BFFEE7524883
:1030100000685249491E884201D0012000E000208A
:1030200050B900BF502080F31188BFF34F8FBFF31A
:103030006F8F00BF00BFFEE7494908460078019046
:10304000FF200A4610700846007800909DF80000A6
:1030500000F0F0009DF80020904201D1012000E036
:10306000002050B900BF502080F31188BFF34F8F6C
:10307000BFF36F8F00BF00BFFEE79DF8000000F0B8
:103080005000384A10700720374A106009E036486F
:103090000068401E344A10609DF800004006000E93
:1030A00000909DF8000000F080008028EFD02E48AE
:1030B0000068C0F10700042801D1012000E00020D1
:1030C00050B900BF502080F31188BFF34F8FBFF37A
:1030D0006F8F00BF00BFFEE723480068C0F1070004
:1030E000042801D1012000E0002050B900BF502089
:1030F00080F31188BFF34F8FBFF36F8F00BF00BF06
:10310000FEE7194800680002174A10601046008860
:1031100000F4E0601060124A019810700E482030F0
:10312000006840F470000C492031086008460068CF
:1031300040F070400860FFF7A1FC00200B490860D8
:10314000EDF7DEF80A48006840F0404008490860A2
:10315000EDF7C2F800201CBD00ED00E071C20F4188
:1031600000E400E030000020340000202C000020AB
:1031700034EF00E010B500BF502080F31188BFF39A
:103180004F8FBFF36F8F00BF00F0F0FE18B14FF00C
:1031900080500449086000BF002080F3118800BF00
:1031A00010BD000004ED00E02DE9F84304460D4693
:1031B00001274FF000082B46002211460120009401
:1031C00000F056F806463046FEF79CFA3046BDE859
:1031D000F8832DE9F84305460F4616460DB1012048
:1031E00000E0002050B900BF502080F31188BFF3E9
:1031F0004F8FBFF36F8F00BF00BFFEE705FB07F8DF
:1032000008F15000FFF748FA04466CB1A14609F1F5
:103210005009002084F8460033464A46394628467D
:103220000094FEF77FFA20E036B1012E10D0032E75
:1032300008D0042E18D111E02A460021412001F0C7
:103240004FFD11E000221146422001F049FD0BE044
:1032500000221146432001F043FD05E00022114603
:10326000472001F03DFD00BF00BF2046BDE8F883C8
:103270002DE9F84306460F4690461D46DDF820909E
:103280000EB1012000E0002050B900BF502080F3B3
:103290001188BFF34F8FBFF36F8F00BF00BFFEE7F2
:1032A0000DB1012000E0002050B900BF502080F394
:1032B0001188BFF34F8FBFF36F8F00BF00BFFEE7D2
:1032C000B8F1000F00D00FB1012000E0002050B98C
:1032D00000BF502080F31188BFF34F8FBFF36F8F73
:1032E00000BF00BFFEE7B8F1000F00D10FB9012009
:1032F00000E0002050B900BF502080F31188BFF3D8
:103300004F8FBFF36F8F00BF00BFFEE750200090CC
:103310000098502801D1012000E0002050B900BFE2
:10332000502080F31188BFF34F8FBFF36F8F00BF22
:1033300000BFFEE700BF2C4654B1012084F84600D0
:103340004B464246394630460094FEF7EBF925E0FD
:10335000B9F1000F09D0B9F1010F12D0B9F1030F83
:1033600009D0B9F1040F18D111E0324600214120F3
:1033700001F0B6FC11E000221146422001F0B0FC41
:103380000BE000221146432001F0AAFC05E00022D8
:103390001146472001F0A4FC00BF00BF2046BDE855
:1033A000F883000070B505460E462C4654B900BFA0
:1033B000502080F31188BFF34F8FBFF36F8F00BF92
:1033C00000BFFEE7FFF7AAFAD4E90F12206801FB5D
:1033D0000200A0600020A06320686060E06B401ED7
:1033E000226C216800FB0211E160FF2084F8440098
:1033F00084F845009EB9206908B9012000E000204A
:10340000A8B904F1100000F029FF80B14FF08050FE
:1034100009490860BFF34F8FBFF36F8F07E004F1D6
:103420001000FFF745FA04F12400FFF741FAFFF717
:103430009FFA012070BD000004ED00E02DE9FF437C
:1034400083B0064688461D464FF00009344654B9FD
:1034500000BF502080F31188BFF34F8FBFF36F8FF1
:1034600000BF00BFFEE7B8F1000F01D1206C08B922
:10347000012000E0002050B900BF502080F31188E7
:10348000BFF34F8FBFF36F8F00BF00BFFEE7022D6A
:1034900002D1E06B012801D1012000E0002050B9E9
:1034A00000BF502080F31188BFF34F8FBFF36F8FA1
:1034B00000BF00BFFEE700F043FD08B9059808B95A
:1034C000012000E0002050B900BF502080F3118897
:1034D000BFF34F8FBFF36F8F00BF00BFFEE700BF8A
:1034E000FFF71CFAA06BE16B884201D3022D4FD18C
:1034F00094F84C00052821D2DFE800F003160F0EE7
:103500001B00A16B4A1C0DB9502100E0C0210846E8
:10351000214601F0E5FB11E000BFA06B421C2146F3
:10352000512001F0DDFB09E02146522001F076FB3D
:1035300004E02146C52001F071FB00BF00BF2A4610
:1035400041462046FDF7CFFF0746606A08B90120D3
:1035500000E0002068B904F1240000F07FFE88B18B
:103560004FF0805065490860BFF34F8FBFF36F8FF6
:1035700008E03FB14FF0805060490860BFF34F8FC3
:10358000BFF36F8FFFF7F4F9012007B0BDE8F083B8
:10359000059820BBFFF7ECF994F84C0005281BD2E6
:1035A000DFE800F003140E0D1500A26B0DB95321D6
:1035B00000E0C1210846214601F092FB0CE000BF6B
:1035C000A26B2146542001F08BFB05E000BF214691
:1035D000552001F023FB00BF00BF0020D5E7B9F163
:1035E000000F04D101A8FFF77BFB4FF00109FFF7A3
:1035F000BFF9FFF7A1FCFFF791F994F94400401CD3
:1036000010B9002084F8440094F94500401C10B91A
:10361000002084F84500FFF7ABF905A901A800F0E8
:10362000EBFBD0BB2046FEF7BEF9B8B394F84C00D4
:1036300005281BD2DFE800F003140E0D1500A26B65
:103640000DB9562100E0C2210846214601F048FB91
:103650000CE000BFA26B2146572001F041FB05E0C2
:1036600000BF2146582001F0D9FA00BF00BF04F185
:1036700010000599FFF746FB2046FEF7B7FF00F064
:103680003DFE00287FF42CAF4FF080501B490860AE
:10369000BFF34F8FBFF36F8F22E706E0FFE72046AF
:1036A000FEF7A4FF00F02AFE1AE72046FEF79EFF71
:1036B00000F024FE94F84C0005281BD2DFE800F04F
:1036C00003140E0D1500A26B0DB9532100E0C121AA
:1036D0000846214601F004FB0CE000BFA26B214626
:1036E000542001F0FDFA05E000BF2146552001F00D
:1036F00095FA00BF00BF002047E7000004ED00E09E
:103700002DE9F84F07468A4690461D463C4654B977
:1037100000BF502080F31188BFF34F8FBFF36F8F2E
:1037200000BF00BFFEE7BAF1000F01D1206C08B95D
:10373000012000E0002050B900BF502080F3118824
:10374000BFF34F8FBFF36F8F00BF00BFFEE7022DA7
:1037500002D1E06B012801D1012000E0002050B926
:1037600000BF502080F31188BFF34F8FBFF36F8FDE
:1037700000BF00BFFEE7FFF795F900BF5021EFF350
:10378000118081F31188BFF34F8FBFF36F8F00BF9C
:103790000646A06BE16B884201D3022D41D194F91A
:1037A00045B0A06B009094F84C0020B102280ED0D8
:1037B000032813D10AE0A16B4A1C0DB9592100E07E
:1037C000C3210846214601F08BFA07E000BFA06B39
:1037D000421C21465A2001F083FA00BF00BF2A464E
:1037E00051462046FDF77FFE0BF1010088B9606A63
:1037F00008B9012000E0002050B904F1240000F0D5
:103800002DFD28B1B8F1000F02D00120C8F800004A
:1038100004E00BF1010040B284F845004FF00109CB
:103820001BE094F84C0020B102280DD0032811D1E0
:1038300009E0A26B0DB95C2100E0C42108462146D5
:1038400001F04EFA06E000BFA26B21465D2001F0B8
:1038500047FA00BF00BF4FF0000900BF86F3118890
:1038600000BF4846BDE8F88F2DE9F74183B0054613
:103870000E464FF000082C4654B900BF502080F38C
:103880001188BFF34F8FBFF36F8F00BF00BFFEE7FC
:103890000EB9206C08B9012000E0002050B900BF2B
:1038A000502080F31188BFF34F8FBFF36F8F00BF9D
:1038B00000BFFEE700F044FB08B9059808B90120F5
:1038C00000E0002050B900BF502080F31188BFF302
:1038D0004F8FBFF36F8F00BF00BFFEE700BFFFF742
:1038E0001DF8A76B002F45D031462046FDF7E6FDB9
:1038F00094F84C00052821D2DFE800F003140C0BEB
:103900001A00A06B431E21466020059A01F04CFA74
:1039100014E000BFA06B431E21466120059A01F010
:1039200043FA0BE021466220059A01F0D9F905E03F
:103930002146C720059A01F0D3F900BF00BF781EC9
:10394000A063206908B9012000E0002060B904F1FB
:10395000100000F083FC38B14FF0805069490860D6
:10396000BFF34F8FBFF36F8FFFF702F8012006B050
:10397000BDE8F081059840BBFEF7FAFF94F84C00D3
:1039800005281FD2DFE800F003120B0A1800A36B12
:1039900021466320059A01F007FA13E000BFA36BEC
:1039A00021466420059A01F0FFF90BE021466520CD
:1039B000059A01F095F905E02146C820059A01F025
:1039C0008FF900BF00BF0020D1E7B8F1000F04D18C
:1039D00001A8FFF785F94FF00108FEF7C9FFFFF7CF
:1039E000ABFAFEF79BFF94F94400401C10B900208D
:1039F00084F8440094F94500401C10B9002084F874
:103A00004500FEF7B5FF05A901A800F0F5F9E0BBF8
:103A10002046FDF7BBFFC8B394F84C0005281FD221
:103A2000DFE800F003120B0A1800A36B21466620A2
:103A3000059A01F0B9F913E000BFA36B2146672096
:103A4000059A01F0B1F90BE021466820059A01F0D2
:103A500047F905E02146F620059A01F041F900BF3B
:103A600000BF04F124000599FFF74CF92046FEF74A
:103A7000BDFD00F043FC00287FF431AF4FF08050D3
:103A800020490860BFF34F8F01E009E002E0BFF377
:103A90006F8F24E72046FEF7A9FD00F02FFC1EE7FC
:103AA0002046FEF7A3FD00F029FC2046FDF76EFF3F
:103AB0000028EED094F84C0005281FD2DFE800F073
:103AC00003120B0A1800A36B21466320059A01F02C
:103AD0006BF913E000BFA36B21466420059A01F047
:103AE00063F90BE021466520059A01F0F9F805E03D
:103AF0002146C820059A01F0F3F800BF00BF00205E
:103B000035E7000004ED00E02DE9F34182B0054601
:103B10004FF000082C46002654B900BF502080F317
:103B20001188BFF34F8FBFF36F8F00BF00BFFEE759
:103B3000206C08B9012000E0002050B900BF5020DF
:103B400080F31188BFF34F8FBFF36F8F00BF00BFAB
:103B5000FEE700F0F5F908B9039808B9012000E084
:103B6000002050B900BF502080F31188BFF34F8F61
:103B7000BFF36F8F00BF00BFFEE700BFFEF7CEFEB2
:103B8000A76B002F46D094F84C00052821D2DFE81F
:103B900000F003140C0B1A00A06B431E214660209A
:103BA000039A01F001F914E000BFA06B431E214607
:103BB0006120039A01F0F8F80BE021466220039A95
:103BC00001F08EF805E02146C720039A01F088F83D
:103BD00000BF00BF781EA063206810B9FEF716FE74
:103BE000A060206908B9012000E0002060B904F15C
:103BF000100000F033FB38B14FF080507D49086071
:103C0000BFF34F8FBFF36F8FFEF7B2FE012004B0FA
:103C1000BDE8F081039878BB0EB9012000E00020D8
:103C200050B900BF502080F31188BFF34F8FBFF30E
:103C30006F8F00BF00BFFEE7FEF79AFE94F84C00BE
:103C4000052820D2DFE800F003120B0A1900A36B4D
:103C500021466320039A01F0A7F814E000BFA36B8C
:103C600021466420039A01F09FF80CE0214665206C
:103C7000039A01F035F806E008E02146C820039ACF
:103C800001F02EF800BF00BF0020C0E7B8F1000F20
:103C900004D16846FFF724F84FF00108FEF768FEEC
:103CA000FFF74AF9FEF73AFE94F94400401C10B9B8
:103CB000002084F8440094F94500401C10B900200D
:103CC00084F84500FEF754FE03A9684600F094F816
:103CD000F0BB2046FDF75AFED8B394F84C000528F7
:103CE0001FD2DFE800F003120B0A1800A36B214675
:103CF0006620039A01F058F813E000BFA36B214639
:103D00006720039A01F050F80BE021466820039ADF
:103D100000F0E6FF05E02146F620039A00F0E0FF00
:103D200000BF00BF206838B9FEF7F8FDA06800F0BA
:103D300039FA0646FEF71CFE04F124000399FEF74B
:103D4000E1FF2046FEF752FC00F0D8FA002801E01F
:103D500011E00AE07FF412AF4FF08050254908606F
:103D6000BFF34F8FBFF36F8F08E72046FEF73EFC8F
:103D700000F0C4FA02E72046FEF738FC00F0BEFA75
:103D80002046FDF703FE0028EED05EB1FEF7C6FD2B
:103D90002046FDF747FC07463946A068FEF7F6FFC8
:103DA000FEF7E6FD94F84C0005281FD2DFE800F08E
:103DB00003120B0A1800A36B21466320039A00F03C
:103DC000F3FF13E000BFA36B21466420039A00F0C9
:103DD000EBFF0BE021466520039A00F081FF05E030
:103DE0002146C820039A00F07BFF00BF00BF0020DF
:103DF0000DE7000004ED00E070B505460C4655B92E
:103E000000BF502080F31188BFF34F8FBFF36F8F37
:103E100000BF00BFFEE754B900BF502080F31188F7
:103E2000BFF34F8FBFF36F8F00BF00BFFEE7FEF7FA
:103E300075FD124802686868131A2068401C08B9AA
:103E4000002617E00E4928680968884204D068688F
:103E5000904201D801260DE02068984207D92068D9
:103E6000C01A20602846FEF73BFF002602E0002033
:103E700020600126FEF77CFD304670BD4C0000201E
:103E8000600000202DE9F04F85B007468846914636
:103E90009A46DDE90EB6109C0EB1012000E000202C
:103EA00050B900BF502080F31188BFF34F8FBFF38C
:103EB0006F8F00BF00BFFEE70CB1012000E00020C3
:103EC00050B900BF502080F31188BFF34F8FBFF36C
:103ED0006F8F00BF00BFFEE75C20039003985C2853
:103EE00001D1012000E0002050B900BF502080F334
:103EF0001188BFF34F8FBFF36F8F00BF00BFFEE786
:103F000000BFB4B1AEB125462C462E63022085F821
:103F10005900002004A953464A46CDE900B1CDE935
:103F2000025041463846FDF73BFC2846FDF7FCF9B8
:103F300001E000200490049805B0BDE8F08F000077
:103F40000549096809B9012005E00449096809B96A
:103F5000022000E000207047540000207000002084
:103F600001490868704700004C0000202DE9F0412D
:103F70004FF0000851480068012802D050480068FE
:103F800030B950480068401C4F490968886100BF3B
:103F90004A48006828B94B480168491C312000F0A4
:103FA0003DFE4648006800287FD146480068451C11
:103FB0004448056015BB45480068006808B9012001
:103FC00000E0002050B900BF502080F31188BFF3FB
:103FD0004F8FBFF36F8F00BF00BFFEE73B480768FE
:103FE0003B4800683949086039480760394800682B
:103FF000401C38490860FDF747FE00BF364800689E
:1040000085423FD300BF31480068006808B90120ED
:1040100000E0002020B14FF0FF302F49086030E071
:104020002A480068C068C4686668B54202D22A4857
:10403000066026E0201DFEF70FFCA06A18B104F10F
:104040001800FEF709FC2146302000F0E7FD234967
:10405000E06A0968884202D92049E06A0860E16A9A
:1040600001EB81011E4A02EB8100211DFEF74AFC93
:104070001C49E06A0968C96A8842C4D34FF0010844
:10408000C1E700BF17480068C06A00EB8000144910
:1040900051F82000012801D94FF0010812480068AA
:1040A00008B14FF0010805E0FFE705480068401C33
:1040B000034908604046BDE8F08100007000002020
:1040C000580000204C000020500700203C00002039
:1040D0004000002060000020680000205000002008
:1040E000644A0020380000205C00002070B50546BE
:1040F0002C460026002D4CD027480068844201D170
:10410000012000E0002050B900BF502080F311884A
:10411000BFF34F8FBFF36F8F00BF00BFFEE7206D6F
:1041200050B900BF502080F31188BFF34F8FBFF309
:104130006F8F00BF00BFFEE7206D401E2065E16C61
:10414000E06A884225D0206D18BB201DFEF784FB55
:1041500021460620E26C00F0C3FDE06CE062E06AFC
:10416000C0F13800A0612146302000F057FD0B4916
:10417000E06A0968884202D90849E06A0860E16A91
:1041800001EB8101064A02EB8100211DFEF7BAFB1B
:104190000126304670BD000038000020500000208D
:1041A000644A002070B505462C460026002D4DD0EF
:1041B0002749E06A0968C96A884240D2A06900F0CC
:1041C000004028B922480068C06AC0F13800A061E8
:1041D000E16A01EB81011F4A02EB810160698842BB
:1041E00001D1012000E00020E0B1201DFEF734FBEA
:1041F00017480068C06AE0622146302000F00EFDDA
:104200001549E06A0968884202D91349E06A0860E2
:10421000E16A01EB81010F4A02EB8100211DFEF7EB
:1042200071FB03E00A480068C06AE0620848006861
:104230002146C26A052000F053FD012606E004492C
:10424000E06C0968C96A884200D20126304670BD18
:1042500038000020644A00205000002070B5064657
:10426000F068C46854B900BF502080F31188BFF3D0
:104270004F8FBFF36F8F00BF00BFFEE704F1180040
:10428000FEF7EAFA17480068C0B9201DFEF7E4FA05
:104290002146302000F0C2FC1349E06A09688842D8
:1042A00002D91149E06A0860E16A01EB81010F4A15
:1042B00002EB8100211DFEF725FB04E004F118014B
:1042C0000B48FEF71FFB0B49E06A0968C96A884280
:1042D00004D9012501200849086000E0002528468E
:1042E00070BD00007000002050000020644A0020D3
:1042F000EC4E0020380000205C00002070B5002447
:1043000000263848006850B900BF502080F311885B
:10431000BFF34F8FBFF36F8F00BF00BFFEE7FEF705
:10432000FDFA30480068401E2E49086008460068C3
:10433000002852D12C48006800284ED027E02B4896
:10434000C068C46804F11800FEF786FA201DFEF765
:1043500083FA2146302000F061FC2549E06A0968B3
:10436000884202D92249E06A0860E16A01EB8101D2
:10437000204A02EB8100211DFEF7C4FA1E49E06AC3
:104380000968C96A884202D301201C49086017489D
:10439000006808B9012000E000200028CFD00CB14F
:1043A000FDF772FC1648056865B100BFFFF7DEFD3A
:1043B00010B10120114908606D1E002DF6D10020BA
:1043C0000F4908600D48006838B1012630070D49D3
:1043D0000860BFF34F8FBFF36F8FFEF7C9FA304607
:1043E00070BD00007000002048000020EC4E00204E
:1043F00050000020644A0020380000205C000020AB
:104400005800002004ED00E010B586B00024FCF751
:10441000F7FF16480068D0B100200590049003AA69
:1044200004A905A8FEF738FA0222DDE904100023EA
:10443000CDE9002102900EA10F48039AFFF722FD5B
:104440000E4908600846006800B1012400BF54B955
:1044500000BF502080F31188BFF34F8FBFF36F8FE1
:1044600000BF00BFFEE7204606B010BD7C00002064
:10447000546D722053766300891E0108800000206D
:104480002DE9FF4706460D4617469846DDF8309061
:10449000002456B900BF502080F31188BFF34F8F1E
:1044A000BFF36F8F00BF00BFFEE74B4800680028D6
:1044B0006FD0009501970296062D15DAFFF740FDA3
:1044C000022808D100234A46694643480068FEF79F
:1044D000B5FF044610E000231A4669463E480068CE
:1044E000FEF7ACFF044607E00023424669463A481F
:1044F0000068FFF705F904460A2D68D2DFE805F0E9
:1045000067052F0F19243A45515C012C01D1A021D8
:1045100000E0A8210846314600F080FB57E0012C5E
:1045200001D1A22100E0AA210846314600F076FB25
:104530004DE0012C01D1A32100E0AB2108463A4611
:10454000314600F0CDFB42E0012C01D1242100E0F6
:10455000482108460022314601F07DF937E0012C60
:1045600001D1A12100E0A92108463A46314600F0D8
:10457000B7FB2CE0012C01D1A42100E0AC210846BE
:104580003A46314600F0ACFB21E0012C02D1A521D6
:1045900001E01DE0AD2108463A46314600F0A0FB9F
:1045A00015E0012C01D1A62100E0AE2108463A46D3
:1045B000314600F095FB0AE0012C01D1A72100E073
:1045C000AF2108463A46314600F08AFB00BF00BFE3
:1045D000204604B0BDE8F0877C0000200146074873
:1045E00001600020054A126810600548006840F428
:1045F0008000034A1060002070470000140700206C
:104600004807002002460548006850F82200084488
:10461000024B1B6843F82200002070471807002057
:1046200010B51C48007800F0080008B9012010BD42
:10463000194800684068002806DD082001F070FB7A
:1046400000201549096848601348006800681C2864
:1046500006DD092001F064FB00200F4909680860AD
:104660000D4800688068002806DD0A2001F058FB2C
:10467000002009490968886007480068C068002868
:1046800006DD0E2001F04CFB002003490968C860DC
:104690000020CCE7480700201807002010B504468A
:1046A00001212046FFF7AEFF10BD000002460A4878
:1046B0000260002105E00020074B1B6843F8210041
:1046C000491C0529F7D30548006840F00800034B52
:1046D00018600020704700001807002048070020DD
:1046E00002460648006850F82200884203DA034870
:1046F000006840F8221000207047000018070020D2
:1047000010B5FDF7F1FA002010BD00007CB504469D
:1047100000200090019000F02FFE012800D17CBD08
:10472000204601F027F9012800D1F8E700F0E4FE67
:10473000012800D1F3E7022C25D100BF00251A483B
:10474000D0F88410D0F88800081A07D008226946EB
:104750000120F9F72DF80546002000E0002001288F
:1047600002D10B2001F0DCFA082D06D16846FDF7D6
:1047700029F910B16846FDF748F90C48006840680F
:104780000028DBD00DE0012C08D101208DF80000BD
:104790008DF801006846FDF738F902E00CB1012000
:1047A000BDE70020BBE70000E49F01204007002098
:1047B000F8B507461A48007800F0100008B9012043
:1047C000F8BD00BFEFF3108006460120FCF79EFC09
:1047D0006846FCF7FFFE38B10120FFF75FFF304667
:1047E000FCF794FC0120EBE79DF8000000EB400192
:1047F0000C4800680C3000EB01142460002504E034
:104800000021201D40F825106D1C032DF8D3002039
:10481000206120753C603046FCF778FC0020CFE733
:10482000480700201C07002070B5044614480068A3
:104830000C30201A3021B0FBF1F0C5B200BFEFF30D
:10484000108006460120FCF761FC206820B9304644
:10485000FCF75CFC012070BD002020600948006866
:10486000006E084909680D5406480068006E401C37
:104870000449096808663046FCF748FC0020EAE76E
:104880001C0700202007002030B503460C460021FD
:104890000DE001EB4105084800680C3000EB051203
:1048A0001068984202D12260002030BD491C602966
:1048B000EFD30120F9E700001C070020024602EBBD
:1048C0004203044800680C3000EB0310086000202D
:1048D000704700001C070020014604480068006E75
:1048E000C0F1600008600020704700002007002031
:1048F00010B5044602480460FCF75CFE10BD0000E1
:10490000200700202DE9F04107460E4614460EB957
:104910000DA6002421460020FFF7E2FE1C2C01D347
:10492000072402E0012000EB9404002506E056F87D
:10493000251007F1140040F825106D1CA542F6D390
:104940000020BDE8F08100000000000030B5034603
:104950001E48036060201D4C246820601C201B4CF6
:10496000246860600320194C2468A060002122E0C4
:10497000002401EB4105154800680C3000EB0510E0
:10498000046000220BE0002401EB41050F480068A1
:104990000C3000EB0510001D40F82240521C032A89
:1049A000F1D3002401EB4105084800680C3000EB0E
:1049B00005100475491C6029DAD30548006840F0E9
:1049C0001000034C2060002030BD00001C070020B8
:1049D0004807002010B504461548007800F0200074
:1049E00008B9012010BD134800684068E8B91148B3
:1049F00000680068611E01228A4010430D49096861
:104A000008600C48006844602046FDF757FB012809
:104A100003D1FFF775FE0120E4E7064909688868BD
:104A200005A100F03BFFFFF76BFE0020DAE7000076
:104A300048070020240700205265636F7264657286
:104A40002073746F7070656420696E207854726191
:104A500063654572726F72282E2E2E292100000088
:104A600010B504460648007800F0200008B901207F
:104A700010BD0449096848682146FDF713FAF7E7B5
:104A8000480700202407002001460A480160002052
:104A9000084A12681060074A12685060054A126896
:104AA00090600548006840F02000034A1060002034
:104AB00070470000240700204807002070B5034617
:104AC0000C4600210AE054F821009E68B6081D68D3
:104AD00045F826009868001D9860491C9142F2D361
:104AE000002070BD2DE9F04705460F464FF0000944
:104AF0001E48007800F0400010B90120BDE8F087A2
:104B0000FCF7FEFA80460120FCF703FB184800681A
:104B1000C06E401C16490968C86615480668C6F884
:104B2000748014480068D0F8209009F1010000EB6F
:104B3000400006EB8004402D05D9A5F1400102207C
:104B4000FFF7CEFD4025E81C800880006060002053
:104B5000A06008480068006A401C0749096801EB2A
:104B60008010206000BF3C600020C7E7480700209D
:104B700028070020300700203C0700202DE9F047DF
:104B800005460E464FF00009CA462048007800F05E
:104B9000400010B90120BDE8F087FCF7B1FA80466B
:104BA0000120FCF7B6FA1A480068C06E401C18498C
:104BB0000968C86616480768C7F874801548006811
:104BC000D0F8209009F1010000EB4000104909687D
:104BD00001EB8004402D05D9A5F140010220FFF72B
:104BE0007FFD4025E81C8008800060600020A060F8
:104BF00000BF08480068006A401C0749096801EBCB
:104C00008010206000BF34600020C4E74807002007
:104C100028070020300700203C0700202DE9F04144
:104C200005460E46002400272648007800F00100C3
:104C300018B125480068406810B90120BDE8F0812E
:104C4000FCF75EFA80460120FCF763FA1F48006813
:104C5000C06E401C1D490968C8661D480068006A8E
:104C6000401C1C49096801EB801400BFA8B240F445
:104C70008050208015480068B0F86C0060801648AD
:104C8000406860601549606809684969884207D2D0
:104C900012480068C068401C10490968C86000E0FC
:104CA00000BF0E49606809684861A6600C22214671
:104CB0000120F8F7E5FD07464046FCF72AFA0020F8
:104CC000BCE700004807002040070020280700201C
:104CD000300700203C070020001000E050070020B3
:104CE0002DE9F04705460E4617460024A046274802
:104CF000007800F0010018B125480068406810B93C
:104D00000120BDE8F087FCF7FBF981460120FCF7A4
:104D100000FA20480068C06E401C1E490968C86639
:104D20001D480068006A401C1C49096801EB80149A
:104D300000BFA8B240F40050208016480068B0F8C8
:104D40006C006080164840686060164960680968B9
:104D50004969884207D213480068C068401C11495D
:104D60000968C86000E000BF0E49606809684861D2
:104D7000A660E760102221460120F8F781FD8046F9
:104D80004846FCF7C6F90020BBE7000048070020B2
:104D90004007002028070020300700203C070020A3
:104DA000001000E0500700202DE9F04705460E46B0
:104DB000174698460024A1462748007800F00100D5
:104DC00018B126480068406810B90120BDE8F08796
:104DD000FCF796F982460120FCF79BF92048006811
:104DE000C06E401C1E490968C8661E480068006AFB
:104DF000401C1D49096801EB801400BFA8B240F4B3
:104E00004050208016480068B0F86C006080174859
:104E1000406860601649606809684969884207D23D
:104E200013480068C068401C11490968C86000E068
:104E300000BF0F49606809684861A660E760C4F870
:104E40001080142221460120F8F71AFD81465046B1
:104E5000FCF75FF90020B9E7480700204007002071
:104E600028070020300700203C070020001000E049
:104E7000500700202DE9F84F05460E461746984684
:104E8000DDE90A9A0024A3462948007800F00100D1
:104E900018B128480068406810B90120BDE8F88FB3
:104EA000FCF72EF900900120FCF733F92248006846
:104EB000C06E401C20490968C86620480068006A26
:104EC000401C1F49096801EB801400BFA8B240F4E0
:104ED000A040208018480068B0F86C006080194835
:104EE000406860601849606809684969884207D26B
:104EF00015480068C068401C13490968C86000E094
:104F000000BF1149606809684861A660E760C4F89D
:104F10001080C4F81490C4F818A01C222146012067
:104F2000F8F7AEFC83460098FCF7F3F80020B5E7ED
:104F300048070020400700202807002030070020F5
:104F40003C070020001000E0500700202DE9FC5F26
:104F500005460E4617469846DDE90DABDDF8309064
:104F60000024002001902B48007800F0010018B1C7
:104F700029480068406810B90120BDE8FC9FFCF793
:104F8000BFF800900120FCF7C4F824480068C06E08
:104F9000401C22490968C86621480068006A401C14
:104FA0002049096801EB801400BFA8B240F4C0405A
:104FB00020801A480068B0F86C0060801A48406889
:104FC00060601A49606809684969884207D21748D1
:104FD0000068C068401C15490968C86000E000BF4F
:104FE0001249606809684861A660E760C4F81080EB
:104FF000C4F81490C4F818A0C4F81CB020222146AC
:105000000120F8F73DFC01900098FCF782F80020A1
:10501000B3E70000480700204007002028070020D1
:10502000300700203C070020001000E0500700205F
:105030002DE9F041044625464FF00008094806686E
:10504000776F0120D5E90012F8F71AFC804600209E
:1050500028606860A8603846FCF75BF80020BDE86F
:10506000F0810000280700202DE9F047064634466D
:1050700000250F480768D7F874A0D4F800900AE01C
:105080004FF000086068421B09EB05010120F8F7AA
:10509000F7FB804645446068A842F1D800202060B4
:1050A0006060A0605046FCF734F80020BDE8F0874F
:1050B0002807002030B504461548046000231CE092
:1050C000C3EB0310124D2D6805EBC0010020C8662C
:1050D00000220FE0002002EB420541F8250002EB20
:1050E000420501EB8505686002EB420501EB850591
:1050F000A860521C092AEDD35B1C002BE0D00548A8
:10510000006840F04000034D2860002030BD0000E2
:105110002807002048070020014607480160FD20BD
:10512000054A126810600548006840F48070034A20
:1051300010600020704700002C0700204807002066
:1051400010B51248124908601248006840F080709B
:105150001049086000BF0846006818B90420FFF72E
:1051600039FC11E00C48006800F0007018B105200F
:10517000FFF730FC08E00020074948600846006857
:1051800040F00100086000BF00BF10BD55CEACC5A7
:10519000B01F00E0FCED00E0001000E070B5054637
:1051A00032A60DB9012070BD44F22000FDF75DFA72
:1051B000012800D1F7E77820FDF757FA012800D140
:1051C000F1E70820FDF751FA012800D1EBE72A4862
:1051D00005602A482849096808600E2026490968A0
:1051E000888041F6A12024490968C880002408E08D
:1051F000315D2148006818300155305D00B902E08A
:10520000641C082CF4D300BF00201B490968888265
:105210000220194909688875012017490968C8756D
:1052200015490968C86014480068C06840F44070B7
:1052300011490968C86000200F49096808610E49D2
:10524000096888600C48006880680B4909688860B4
:10525000FCF79AFB38B108480068806840F0080005
:1052600005490968886000209DE700004672656571
:1052700052544F5300000000440700200046535092
:105280002DE9F04104460E46904614B90120BDE8D0
:10529000F0814EB16568A7684544BD4202D92F46EA
:1052A000A76000BF656000BF0EB1382100E0E921B2
:1052B000084642463146FFF713FD0020E7E72DE997
:1052C000F04186B004460D4616461F46DDF8308094
:1052D0000395049605974FF0004003A90323224647
:1052E000CDE9010800910021F22000F071F906B02B
:1052F000BDE8F0812DE9F04104460D46164614B98B
:105300000120BDE8F0811DB16768BF1B676000BF69
:105310000DB1392100E0EA21084632462946FFF75F
:10532000DFFC0020EDE7000030B5034610480360C5
:10533000002113E001EB81040D4D2D6805EBC40045
:10534000002203E0002440F82240521C082AF9D32E
:105350004FF0FF34046200244462491C0029E9D064
:105360000448006840F48050024C2060002030BDAA
:10537000300700204807002010B55C48006808B1DD
:10538000002010BDFFF7DCFE59485A490860002094
:1053900009680860574909684860002406E0002150
:1053A00054480068083040F82410641C002CF6D0E3
:1053B000504800681430FFF79BFA012800D1E0E75D
:1053C0004C4800687C30FFF7E9FE012800D1D8E79F
:1053D000484800689C30FFF7B9FA012800D1D0E7AF
:1053E0004448006841F2A821084400F0F5FB012878
:1053F00000D1C6E73F48006800F5AC40FFF7EEF883
:10540000012800D1BDE700BF3A48006841F2C4213D
:10541000084400F0A5FA012800D1B2E700BF3548E2
:10542000006845F2E8510844FFF740F9012800D12F
:10543000A7E73048006845F2FC510844FFF76CFECE
:10544000012800D19DE72B48006845F2E42108447B
:1054500000F076FA012800D193E72648006845F26B
:1054600024510844FFF726FE012800D189E721488E
:10547000006845F29C51084400F04CFA012800D124
:105480007FE71C48006845F2A4510844FFF7FCFA86
:10549000012800D175E71748006845F2B05108446B
:1054A000FFF742FF012800D16BE71248006845F280
:1054B000E051084400F034FB012800D161E70D48B9
:1054C000006845F2D851084400F05CF8012800D18A
:1054D00057E74FF0FF3007490968C8600348006884
:1054E00040F001000149086000204AE74807002019
:1054F00038B10120400700200EB51648006800684A
:1055000048B9144800684FF47053002211460090C7
:1055100011A0FFF7D4FE0F4800684068B8B91148E1
:10552000114901220023CDE90021029092020FA12E
:105530001048FEF7A7FC074909684860054800685D
:10554000406820B90620FFF745FA01200EBD002073
:10555000FCE700003407002053797374656D204820
:1055600065617000DCB00120DCA00120547A437436
:10557000726C0000EDF00008014800680068704798
:1055800034070020014609B9012070470548016031
:105590000020044A12681060024A1268506000BF7E
:1055A000F3E7000034070020FFB583B004460D4642
:1055B00016460C9F002006A901233246CDE90107BB
:1055C00000912946204600F003F807B0F0BD000026
:1055D0002DE9FE4F81460E4617461D46DDE90CAB10
:1055E00000200190FBF78FFD00900120FBF794FD58
:1055F00096B102A8FFF7DCF818B9029806600020FF
:1056000000E00120012805D10098FBF785FD01206D
:10561000BDE8FE8FB0460DE002A8FFF7C9F80128EB
:1056200004D10098FBF778FD0120F1E70298D0F84B
:10563000008000BF002406E05AF824100298001DE4
:1056400040F82410641CAC42F6D30298006940EA8A
:105650000B000299086102990E9801600098FBF70F
:105660005BFD2FB1387818B13946029800F096F8F2
:105670003D48007800F00100A0B33C480068406855
:1056800080B3042101EB850101F1080001A9FFF7B6
:1056900029FA40BB1FFA89F1019800790838C0F354
:1056A000830041EA003001990968088030480068A9
:1056B000B0F86C000199096848802E48406801994B
:1056C000096848600198006840682B490968496981
:1056D000884209D228480068C068401C26490968E9
:1056E000C86002E010E00DE000BF0198006840686B
:1056F00021490968486101988068083001998860EB
:10570000002002E0012000E0012038BB0198006881
:1057100001998968890840F8218001988068001DF6
:105720000199886000240EE05AF824000199096864
:10573000019A9268920841F8220001988068001D41
:1057400001998860641CAC42EED30748007800F0F1
:10575000010018B105480068406800B902E00198EE
:10576000FFF766FC002053E74807002040070020B1
:1057700028070020001000E0500700202DE9FC4120
:1057800004460D4616461F4601A83B4632462946AA
:1057900000902046FFF708FFBDE8FC812DE9F041AD
:1057A00006460D464FF0000805B90BA5D6F8008057
:1057B000002400E0641C285D08B1802CFAD3274641
:1057C0003A4629464046FCF7CFFC3A462946304641
:1057D000FFF798F8BDE8F08100000000F8B5044636
:1057E0000D46FBF790FC07460120FBF795FC694648
:1057F0002046FFF749F801280FD16846FEF7D8FF89
:1058000018B900980460002000E00120012804D1AC
:105810003846FBF781FC0120F8BD29460098FFF7C8
:10582000BDFF06463846FBF777FC3046F4E72DE926
:10583000F04104460D4616460027B846276804F195
:105840001408324639462846FFF74AFA2046FEF742
:10585000EBFFBDE8F0812DE9F84304460D461646FE
:10586000FBF751FC80460120FBF756FC69462846B1
:10587000FFF70AF8012805D14046FBF74DFC01204F
:10588000BDE8F883324621460098FFF7D0FF07466F
:105890004046FBF741FC3846F2E70000F8B5074602
:1058A0000D460D48008800F4004008B90120F8BDFD
:1058B00005B90AA5002400E0641C285D08B1802C0D
:1058C000FAD3661C0020034632462946009038462B
:1058D000FCF7B2FDEBE700004807002000000000E5
:1058E0000FB438B504460A48008800F4004018B9DF
:1058F000012038BC5DF814FB06A800906A462046DB
:10590000059900F0D9F90546002000902846F0E7F7
:10591000480700200146084801600020064A126836
:105920001060054A126850600448006840F4004066
:10593000024A106000207047380700204807002006
:105940000146054801600548006840F48020034A8C
:1059500010600020704700003C070020480700202E
:10596000014609B901207047014801600020FAE7AB
:105970001007002038B5044600204FF48043009003
:105980000D480EA102680120F7F7BEFE002801DADB
:10599000012038BD0020202300900748026802F54E
:1059A000804208A10120F7F75BFE002801DA012000
:1059B000EFE70020EDE7000010070020547A446173
:1059C00074610000547A4374726C00002DE9FC414C
:1059D00006460F4600200090804601A8FEF7E8FE2C
:1059E000012801D1BDE8FC81002400E0641C305D89
:1059F00008B11C2CFADB25462A4631460198FEF7F1
:105A000081FF019838604148007800F001000028CB
:105A100042D03F4800684068D0B305F10C006946A9
:105A2000FFF760F8A8BB009800790838C0F383003E
:105A3000032141EA00300099096808803548006870
:105A4000B0F86C00009909684880334840680099B4
:105A500009684860009800684068304909684969E9
:105A6000884207D22D480068C068401C2B4909684D
:105A7000C86000E000BF00980068406827490968D6
:105A8000486100988068083000998860002004E030
:105A900002E0FFE7012000E0012080BBDDE900100B
:105AA0000968009A9268920841F82200009880687C
:105AB000001D00998860E81C820831460098FEF7B6
:105AC000FDFF0098406800998968A0EB0108B8F1D3
:105AD000000F0BD0002000990968009A9268885442
:105AE00000988068401C0099886000BF07480078D3
:105AF00000F0010018B106480068406800B902E0F3
:105B00000098FFF795FA00206CE700004807002096
:105B10004007002028070020001000E05007002068
:105B200002460A480260002105E00220074B1B687C
:105B300043F82100491C0129F7DB0548006840F4BF
:105B40008010034B18600020704700004C070020B5
:105B5000480700202DE9F04105460E4601271B4865
:105B6000007800F0010010B93846BDE8F081174810
:105B7000007800F0010018B115480068406820B9AD
:105B80001448006805603846EFE7012010490968AD
:105B9000886000BFEFF31080044600BF012080F34F
:105BA000108800BF0B480068056032462946372040
:105BB000FFF796F80746022005490968886000BF8C
:105BC00084F3108800BF3846CFE700004807002064
:105BD000400700204C0700200146124801600020C9
:105BE000104A126890600F4A126850604FF47A7041
:105BF0000C4A1268106100200A4A12689061094A32
:105C00001268D0600120074A126810600020054A1F
:105C1000126850610448006840F40010024A1060A5
:105C20000020704750070020480700201CB50020C6
:105C30000090019000BF00241C48D0F88410D0F8D8
:105C40008800081A07D0082269460120F7F7B0FD3E
:105C50000446002000E00020012803D1FEF750FD9B
:105C600001201CBD082C06D16846FBF7ABFE10B125
:105C70006846FBF7CAFE0E48007800F0010020B12C
:105C80000C480068406800B100BF002CD3DC084815
:105C9000007800F0010030B106480068406810B19B
:105CA000FEF7BEFC00BF0020DBE70000E49F012000
:105CB00048070020400700202DE9F84381460D46A3
:105CC000164600271448008800F4004010B901204F
:105CD000BDE8F88305B911A500240EE0285D25284C
:105CE00009D1601C285C00B906E0601C285C2528EE
:105CF00000D07F1C641C00BF641C285D08B1802C90
:105D0000ECD304F101083B4642462946484600963A
:105D1000FCF792FBDCE700004807002000000000D1
:105D200010B504460E48007800F0200008B90120A4
:105D300010BD0C4800680068611E01228A401040B6
:105D400058B908480068006801228A401043054994
:105D5000096808602046FCF7B1F90020E8E7000078
:105D6000480700202407002010B591EA030F48BF20
:105D700083F0004300F1E681841A71EB030C05D235
:105D8000121943EB0C03001B61EB0C01DFF824E15B
:105D90004FEA1154A4EB135C1EEA430F18BF9EEAAE
:105DA000445F73D023EA0E03DCF1200E21EA045194
:105DB00043F4801332D322FA0CFE10EB0E0023FAC8
:105DC0000CFE41EB0E01CCF1200E03FA0EFE10EB9F
:105DD0000E0051F10001B1F5801FCCF1200E32D23E
:105DE00001EB045112FA0EF2BDE8104058BF7047A3
:105DF000401C38BF5FEA420218BF7047002814BF3A
:105E000020F0010041F100014FEA410313F5001FAA
:105E100038BF7047A1F1C04100F086B9012A43EBB9
:105E20000302ACF1200CDCF11F0E32BF4FF0000E6C
:105E300023FA0CF310EB030041EB0451B4EB115FB8
:105E4000D0D0A1EB045101F5801149085FEA300080
:105E500001EB04510ED350F1000038BF12FA0EFED0
:105E600008D1BDE81040C9E7401C38BF5FEA4202D4
:105E7000CAD1C3E7BDE810404FEA410313F5001F44
:105E800038BF7047A1F1C04100F04EB99EEA445FAF
:105E900008D011EA5E0FBDE8104004BF01F00041D8
:105EA00000207047BDE8104070B500F0EFF800BF6B
:105EB00064FBBE3E0000E0FF4FEA1153A3F5806390
:105EC000D3F11E03A8BFD3F1200C08DB4FF0004232
:105ED00042EAC12252EA505232FA03F070470942B4
:105EE0000BD4102BC4BF0020704703F5787CBCF1A5
:105EF000FF3F05D04FF0FF3070474FF00000704774
:105F000070B500F0C3F800BF4992248000207047AC
:105F1000F0E7B0FA80F310FA03F10AD0C3F11D03E1
:105F200003F580634FEA41504FEA035202EBD1215F
:105F300070474FF000007047DFF848C170B51CEAA9
:105F4000111E1EBF1CEA13159EEA0C0F95EA0C0FDA
:105F500000F06F8081EA030423EA4C134EEAD47EFA
:105F600021EA4C1141F4801143F48013AE44A1FBAB
:105F7000024CA0FB0365AEF17F7E361955EB0C0594
:105F8000A1FB034C4CF10003A0FB021C16EB0C061A
:105F9000654153F10003094218BF46F0010613F4AE
:105FA000007F0BD14FEA03314FEA0530340341EA59
:105FB000155140EA16506FF003020AE04FEAC32180
:105FC0004FEAC520F40241EA555140EA56506FF0BD
:105FD000020202EB2E4201EB025585EACE710AD095
:105FE0005FEA440C18BF24F0004450F1000041F176
:105FF000000120EAD47040F2FE7C624500D270BD00
:10600000A84214BF4FF080444FF04044002E08BF18
:106010000024BEF1806FA8BFA1F1C041BDE870406F
:1060200080F282804FF0000001F1C04101F0004198
:1060300070479EEA0C0F0CEA131518BF95EA0C0F77
:1060400006D04FF0000081EA030E0EF0004170BD53
:1060500000F01CF88900013E00F007B800F009B814
:106060004FEA430C5FEA5C5C08D081EA030100F070
:106070005BB84FEA410C5FEA5C5CF6D14FF0000080
:10608000014970470000FF070000F87F0EF1020E83
:106090002EF0030E5EF8046B364205D4012A43EB62
:1060A000030515F5001F12D8012841EB010C1CF562
:1060B000001F0CD80ED14FEAD17C15F5001F0CEB58
:1060C0004C0C0CF1020C08BF4CEBD37C04E04FF0FD
:1060D000080C01E04FEAD37C0CEB4C0526FA05F6E0
:1060E00006F00706B6F1040C06D20EEB860CBDE8EE
:1060F00070404CF0010C6047DFE80CF0090B020225
:106100004FF000414FF00000A1F5002170BD19468D
:106110001046012851EB010418BFD4F5001484BFC8
:10612000002001F0004170BD0808A0F500114FEA01
:106130003101704710B591EA030F48BF83F0004367
:106140003FF51AAE841A71EB030C07D212198CF0CA
:10615000004C43EB0C03001B61EB0C01DFF8A4E1E6
:106160004FEA1154A4EB135C1EEA430F18BF9EEADA
:10617000445F00F0B08023EA6E03524221EA0451EA
:10618000C3EB6E0338BF5B1EDCF1200E25D322FA71
:106190000CFE10EB0E0043FA0CFE41EB0E01CCF1AD
:1061A000200E03FA0EFE10EB0E0051F10001CCF1AF
:1061B000200E29D412FA0EF201EB0451BDE8104072
:1061C00058BF7047401C1CBFB2F1004F70470028F9
:1061D0000CBF491C20F00100704712EB020E43EB8C
:1061E000030218BF4FF0010E4EEA4202ACF1200C40
:1061F000DCF11E0E54D943FA0CFE10EB0E0051F1E7
:10620000FF31CCF11E0ED5D50EF1010E12FA0EFEA5
:10621000404141EB010101EB445C5FEA5C5C10D959
:1062200010EBDE7001EB045138BFBEF1004FBDE84A
:10623000104018BF704700280CBF491C20F0010017
:10624000704730D24FEAD42C11F5001124F40064C9
:106250001BD0B1FA81F20B3AA41AA41ED2F120038A
:10626000914030FA03F31943904001EBCC71002CBC
:1062700001EB0451BDE81040A8BF704701F1C041D7
:106280004FF0000001F000417047B0FA80F310FABF
:1062900003F100D110BDE41A173C4805C90AE4E730
:1062A00001EB045110BD491001EB0451BDE8104051
:1062B0004FEA300002E04FF0000170474A0008BF8B
:1062C0000042F8D0B2F5001F28BF704701F000412E
:1062D0004FF0000070479EEA445F07D011EA5E0F5E
:1062E000BDE8104004BF002100207047BDE8104009
:1062F00070B5FFF7CBFE00BF40DFF63E83F00041F4
:10630000104670470000E0FF4FF04070E1EE100AC9
:10631000704700061016000610160000000000006E
:106320000000010203040607080900000000010242
:106330000304F900F900F900F900F900FA00FB0084
:10634000FC00FD00FE000401050106010701080133
:106350000E010F01100111011201180119011A019A
:106360001B011C01220123012401250126012C010E
:106370002D012E012F01300136013701380139017D
:106380003A01400141014201430144014A014B01EC
:106390004C014D014E015401550156015701580160
:1063A0005D015D015D015D015D015E015F016001F7
:1063B00061016201680169016A016B016C0172018E
:1063C00073017401750176017C017D017E017F01FD
:1063D000800186018701880189018A01900191016C
:1063E0009201930194019A019B019C019D019E01E0
:1063F000A401A501A601A701A801AE01AF01B0014A
:10640000B101B201B801B901BA01BB01BC01D7CADF
:10641000F8F1BFC6BCC4D7CAF8F100006B01010097
:106420008C6501086B020200746501086B030300B0
:106430006C6501086B040400846501086B050500A8
:106440007C6501086B060600946501086B070D006A
:10645000C06501086B080E00A86501086B090F00F4
:10646000C86501086B0A1000B06501086B0B1100CC
:10647000D06501086B0C1200B86501086B0D1300A4
:10648000546601086B0E1400A06501087C0107002A
:10649000346601087C020800446601087C03090098
:1064A0003C6601087C040A004C6601087C050B0070
:1064B0009C6501087C060C00646501087C070D00E2
:1064C000FC6501087C080E00D86501087C090F00F6
:1064D000086601087C0A1000E46501087C0B1100C5
:1064E000146601087C0C1200F06501087C0D130095
:1064F00020660108AA0100010000010000BBAA00FB
:106500005AA5078200845A01000000005AA507829C
:1065100000845A01000000005AA505820000000016
:10652000000000005AA50582000000005AA505825F
:1065300000000000000000005AA5058200000000D5
:106540005AA50582000000005AA50782000000003D
:10655000000000005AA51E825AA50082000000001B
:10656000000000004D5859544D313600454D424110
:1065700000000000544D42410000000050584241CC
:1065800000000000454D424200000000544D4242D0
:106590000000000050584242000000004A4D4200F6
:1065A000454D4244000000004C475A5F49490000F5
:1065B0004B535A5F494900004B585A5F4949000004
:1065C0004C475A5F490000004B535A5F4900000096
:1065D0004B585A5F490000004C475A5F49495F5485
:1065E0004F4F4C004B535A5F49495F544F4F4C003B
:1065F0004B585A5F49495F544F4F4C004C475A5FC4
:10660000495F544F4F4C00004B535A5F495F544F02
:106610004F4C00004B585A5F495F544F4F4C00009D
:10662000434F4D4D4F4E5F534F434B45545F544F77
:106630004F4C00004D5859544D00000050585954CB
:106640004D0000004D585954500000005058595406
:1066500050000000434F4D4D4F4E5F534F434B454D
:106660005400000084660108000000206C07000050
:1066700014020008A46801086C0700203406020018
:10668000700200084132100223011AAA0101683980
:1066900090AB24F47E2A01152202AABB854809FE8C
:1066A000EFB6C1B8DF3E840A0433B5CDA312BB22D6
:1066B0002214227EBB1239420932031B084D1012EC
:1066C000AD1C01FFAD082AB6771AB80912070517E5
:1066D0000101097E2808C1814001C0804104690C84
:1066E0002908E918A91C091A300916380936600961
:1066F0002E70092F6000FF00C0C101C30302C2C693
:106700000607C705C5C404CC0C0DCD0FCFCE0E0AAD
:10671000CACB0BC90908C8D81819D91BDBDA1A1E4D
:10672000DEDF1FDD1D1CDC14D4D515D71716D6D21D
:106730001213D311D1D010F03031F133F3F23236DD
:10674000F6F737F53534F43CFCFD3DFF3F3EFEFAED
:106750003A3BFB39F9F83828E8E929EB2B2AEAEE2D
:106760002E2FEF2DEDEC2CE42425E527E7E626225D
:10677000E2E323E12120E0A06061A163A3A26266BD
:10678000A6A767A56564A46CACAD6DAF6F6EAEAA2D
:106790006A6BAB69A9A86878B8B979BB7B7ABABECD
:1067A0007E7FBF7DBDBC7CB47475B577B7B676729D
:1067B000B2B373B17170B05090915193535292969D
:1067C000565797559594549C5C5D9D5F9F9E5E5A6D
:1067D0009A9B5B99595898884849894B8B8A4A4EAD
:1067E0008E8F4F8D4D4C8C448485458747468682DD
:1067F00042438341818062401388130243FF28098A
:10680000FEEFD0B4B8DF6C8B082DB5CDF10F085D6D
:10681000B2EE7F3D185A9B185A1F18580A4DFEEFCA
:10682000B6C1B8DF3E84082A94081CB5CDA3483908
:10683000082A10085DB2EE422908021128101C9E99
:1068400024340C22081906E104D903ED023702DFD3
:10685000019F0167013C011B01E312BC12A2128DD2
:10686000127D126F1266125D12561A4F0231091014
:10687000E81301FF2AFF16451002402019083210C4
:1068800003FF8025013C141002404A0808324003EF
:10689000FF8025013B0220FF0345C2012946091262
:0468A0004A000000AA
:04000005080001D915
:00000001FF
