S31508000000B0D2002079030008F18100085968000879
S31508000010198000086D1900080DCD000800000000C1
S31508000020000000000000000000000000B9020008FF
S315080000309F1C00080000000015030008B5AF000863
S31508000040930300089303000893030008930300082A
S315080000509303000893030008930300082D1E000865
S315080000609303000893030008371E0008251B0008A1
S31508000070351B0008451B0008551B0008930300089C
S31508000080651B000893030008930300089303000800
S31508000090930300089303000893030008411E000811
S315080000A093030008A1B0000899B00008930300085C
S315080000B093030008930300089303000893030008BA
S315080000C093030008930300089303000893030008AA
S315080000D093030008A9C80008B9C80008C9C80008D9
S315080000E0211E0008930300089303000893030008E1
S315080000F093030008C1B0000893030008930300089F
S315080001009303000893030008930300089303000869
S31508000110BDB30008CDB30008B1B0000893030008CA
S3150800012093030008751B0008851B00089303000845
S315080001309303000893030008930300089303000839
S315080001409303000893030008930300089303000829
S31508000150930300089303000893030008D9C800080E
S315080001609303000893030008930300089303000809
S315080001709303000893030008000000000000000035
S315080001809303000893030008DDB3000893030008EF
S315080001909303000893030008000000009303000877
S315080001A09303000893030008000000000000000005
S315080001B093030008000000000000000093030008F5
S315080001C093030008930300089303000893030008A9
S315080001D0930300089303000800F002F800F05CF8A7
S315080001E00AA090E8000C82448344AAF10107DA4584
S315080001F001D100F051F8AFF2090EBAE80F0013F07A
S31508000200010F18BFFB1A43F001031847AC1D010084
S31508000210CC1D01000A444FF0000C10F8013B13F006
S31508000220070408BF10F8014B1D1108BF10F8015B41
S31508000230641E05D010F8016B641E01F8016BF9D134
S3150800024013F0080F1EBF10F8014BAD1C0C1B09D18B
S315080002506D1E58BF01F801CBFAD505E014F8016BFD
S3150800026001F8016B6D1EF9D59142D6D3704700008F
S315080002700023002400250026103A28BF78C1FBD8A1
S31508000280520728BF30C148BF0B6070471FB511F031
S31508000290D1FD1FBD10B510BD00F020FA1146FFF7BD
S315080002A0F5FF0CF09DFF00F03EFA03B4FFF7F2FFEE
S315080002B003BC00F045FA00002C4B19680868B0E842
S315080002C0F04F80F30988BFF36F8F4FF0000080F37B
S315080002D0118870470000000008480068006880F32D
S315080002E008884FF0000080F3148862B661B6BFF341
S315080002F04F8FBFF36F8F00DF00BF00BF08ED00E030
S31508000300DFF80C00016841F470010160704700BF16
S3150800031088ED00E0EFF30980BFF36F8F134B1A687F
S315080003201EF0100F08BF20ED108A20E9F04F10606C
S3150800033009B44FF0500080F31188BFF34F8FBFF315
S315080003406F8F0EF04FFD4FF0000080F3118809BC47
S3150800035019680868B0E8F04F1EF0100F08BFB0EC37
S31508000360108A80F30988BFF36F8F70473800002022
S31508000370EFF30580704700000948804709480047A1
S31508000380FEE7FEE7FEE7FEE7FEE7FEE7FEE7FEE737
S31508000390FEE7FEE704480549054A064B7047000094
S315080003A085B00008D9010008B0CC0020B0D20020E2
S315080003B0B0CE0020B0CE002053EA020C00F06980CF
S315080003C02DE9F04B4FF00006002B1FBFB3FA83F55B
S315080003D003FA05F424FA05F65E4012BF1643B2FA8C
S315080003E082F502FA05F4C5F120051EBF22FA05FCBE
S315080003F044EA0C04203556EA044C4FEA144418BF64
S31508000400641C4FF000084FF00009904271EB030C92
S3150800041039D3002919BFB1FA81F701FA07F6B0FAFC
S3150800042080F700FA07F6C7F120071EBF20FA07FC77
S3150800043046EA0C062037B6FBF4FCA7EB0507103F87
S3150800044007F01F0BCBF120060CFA0BFB2CFA06F66D
S3150800045044BFB3460026202FA4BF5E464FF0000BCC
S315080004605BEA060C08BF4FF0010B19EB0B09ABFB57
S31508000470027C48EB0608C01B06FB02CC0BFB03CC30
S3150800048071EB0C01C1E70B46024641464846BDE8FA
S31508000490F08B13B54FF000004FF00001AFF300806A
S315080004A0BDE81C40704740EA010310B59B070FD111
S315080004B0042A0DD310C808C9121F9C42F8D020BAC6
S315080004C019BA884201D9012010BD4FF0FF3010BD7E
S315080004D01AB1D30703D0521C07E0002010BD10F84C
S315080004E0013B11F8014B1B1B07D110F8013B11F812
S315080004F0014B1B1B01D1921EF1D1184610BD40EAD3
S315080005000103024630B59B0710D14FF0013400E0D5
S3150800051008C208C91D1B9D4315EAC41FF8D013F06D
S31508000520FF0102F8011B0DD01B0AF8E711F8013B81
S31508000530002B02F8013B05D011F8013B002B02F80D
S31508000540013BF3D130BD032A40F2308010F0030C92
S3150800055000F0158011F8013BBCF1020F624498BF08
S3150800056011F801CB00F8013B38BF11F8013BA2F1A5
S31508000570040298BF00F801CB38BF00F8013B11F020
S31508000580030300F02580083AC0F0088051F8043BC0
S31508000590083A51F804CBA0E80810F5E7121D5CBF2D
S315080005A051F8043B40F8043BAFF30080D20724BF60
S315080005B011F8013B11F801CB48BF11F8012B24BFF4
S315080005C000F8013B00F801CB48BF00F8012B704743
S315080005D010B5203AC0F00B80B1E81850203AA0E8D0
S315080005E01850B1E81850A0E81850BFF4F5AF5FEA04
S315080005F0027C24BFB1E81850A0E8185044BF18C9B7
S3150800060018C0BDE810405FEA827C24BF51F8043B5D
S3150800061040F8043B08BF7047D20728BF31F8023BB1
S3150800062048BF11F8012B28BF20F8023B48BF00F845
S31508000630012B704702F0FF0343EA032242EA024213
S3150800064000F002B84FF000020429C0F0128010F042
S31508000650030C00F01B80CCF1040CBCF1020F18BF90
S3150800066000F8012BA8BF20F8022BA1EB0C0100F023
S315080006700DB85FEAC17C24BF00F8012B00F8012BF6
S3150800068048BF00F8012B70474FF0000200B513462B
S3150800069094469646203922BFA0E80C50A0E80C5094
S315080006A0B1F12001BFF4F7AF090728BFA0E80C5045
S315080006B048BF0CC05DF804EB890028BF40F8042B3E
S315080006C008BF704748BF20F8022B11F0804F18BFAB
S315080006D000F8012B7047704770477047754600F061
S315080006E02BF8AE4605006946534620F007008546B6
S315080006F018B020B5FFF74EFEBDE820404FF00006C3
S315080007004FF000074FF000084FF0000B21F00701EB
S31508000710AC46ACE8C009ACE8C009ACE8C009ACE82E
S31508000720C0098D46704710B50446AFF300802046D1
S31508000730BDE81040FFF7B9BD004870474CCC002013
S3150800074001491820ABBEFEE72600020070470000EC
S3150800075010B518210148FFF797FF10BDF45D00207A
S31508000760F0B504460D461046002114E0675C80EAA1
S31508000770072000260CE000F400471FB183EA400773
S31508000780B8B203E04FF6FF7707EA4000771CFEB2DF
S31508000790082EF0D3491CA942E8D3F0BD0146034808
S315080007A0814201D1012070470020FCE7FC5F002050
S315080007B0014609B1012070470020FCE72DE9FE43F8
S315080007C081460E46174698460A9D01203349087009
S315080007D0084646808780C580FF2008720020C860CA
S315080007E0B9F1000F03D0484602F0B3FD00E000203F
S315080007F02A490861002048613146484600F06FFAE8
S315080008000446C4B12146484600F086F938B1484640
S3150800081000F05AF93146484600F061FA04463B466C
S31508000820324601214846CDE9005400F08FF914B14B
S315080008300020BDE8FE83642010233A463146CDE900
S3150800084000850290484602F04DFF0446CCB1214689
S31508000850484600F061F9A0B1484600F035F931463E
S31508000860484600F03CFA58B9642010233A46314607
S31508000870CDE900850290484602F034FF044600E0C0
S3150800088002243B46324601214846CDE9005400F091
S315080008905DF90CB90120CCE70020CAE7F45D002019
S315080008A0024600230AB900207047002104E0505C84
S315080008B0184483B2481CC1B21E29F8D31846F3E778
S315080008C001464FF6FF7000EA411070472DE9F041E6
S315080008D088B006460D4600271DB9002008B0BDE8B9
S315080008E0F081012419E026B16946204600F0B4F8E3
S315080008F003E06946204600F0A3F88046B8F1000FE9
S3150800090001D10020EAE7E81920226946FFF71BFE15
S3150800091007F1200087B2601C84B2082CE3D30120BB
S31508000920DCE72DE9F84380460D4616461C46404648
S31508000930FFF73EFF20B11EB1B5F5805F00DA14B9A6
S315080009400020BDE8F8832819B0F5805F01D900209A
S31508000950F7E715E0402C01D9402000E0204607467D
S3150800096033462A46A02140460097FFF727FF08B9D5
S315080009700020E6E7E81985B23E44E01B84B200BFD2
S31508000980002CE7D10120DCE770B504460D46164673
S3150800099033462A4621460248FFF7C3FF70BD0000CA
S315080009A0FC5F002070B504460D46164633462A46B7
S315080009B021460248FFF7B5FF70BD000050600020D1
S315080009C02DE9F04106460C4615460DB1802C02DB92
S315080009D00020BDE8F0814FF6FF7000EA44172EB1FB
S315080009E0202229463846FFF7DDFFF2E7202229466E
S315080009F03846FFF7C9FFECE7F8B506460D46144634
S31508000A003046FFF7D5FE10B10CB1802D01DB002072
S31508000A10F8BD2846FFF754FF0746202023463A46E6
S31508000A20A02100903046FFF7C9FE08B90020EFE77D
S31508000A30204600F041F908B90020E9E70120E7E778
S31508000A4070B504460D462A4621460248FFF7D4FFEC
S31508000A5070BD0000FC5F002070B504460D462A46AE
S31508000A6021460248FFF7C8FF70BD0000506000200D
S31508000A7038B505460C461CB12846FFF799FE08B955
S31508000A80012038BD10202346C201B0210090284617
S31508000A90FFF794FE08B90220F3E70020F1E700000B
S31508000AA010B5044621460248FFF7E2FF10BD0000D4
S31508000AB0FC5F002010B5044621460248FFF7D8FF20
S31508000AC010BD00005060002010B504462046FFF710
S31508000AD06FFE00B910BD2046FFF760FE28B10C482E
S31508000AE002F016FC07F0DCF80DE00A48844204D14F
S31508000AF002F00EFC07F0F2F805E0204602F008FCCA
S31508000B00204602F02BFC022002F03AF900BFE1E78A
S31508000B10FC5F00205060002070B506460C46304643
S31508000B20FFF746FE08B9002070BD304602F00EFCFD
S31508000B300546022C01D0032C01D10120F4E705F06B
S31508000B40200008B10120EFE70020EDE72DE9F04786
S31508000B5004460D4616461F46DDE908890C48057009
S31508000B6046808780A0F8068080F808901CB1204649
S31508000B7002F0ECFB00E000200549C8601CB12046E5
S31508000B8002F0E7FB00E0002001494861BDE8F08774
S31508000B90F45D00202DE9F04781460C4614B9012082
S31508000BA0BDE8F08720212046FFF74CFD384A002192
S31508000BB04846FFF705FF08B90220F1E7344800F078
S31508000BC07BF808B90320EBE73148016821614068E2
S31508000BD06061B9F1000F05D02046FFF76BFF38B109
S31508000BE00420DDE72046FFF75BFF08B10420D7E7BE
S31508000BF028494846FFF76AFE08B90520D0E71022BB
S31508000C0021462548FFF79FFCE0222249224810305A
S31508000C10FFF799FC41F221034FF6FF72F0211E48B7
S31508000C20FFF79EFD054648F205034FF6FF72F021D1
S31508000C301948FFF795FD064643F665534FF6FF72CA
S31508000C40F0211548FFF78CFD07464AF297034FF641
S31508000C50FF72F0211048FFF783FD804628122076A0
S31508000C6065763112A176E6763912217767774FEAEB
S31508000C702821A17784F81F80082204F1180104F1BD
S31508000C801000FFF710FC08B1062089E7002087E767
S31508000C900C5E00202C5E00200C5F002010B5044678
S31508000CA021460020FFF776FF10BD10B50446214601
S31508000CB00120FFF76FFF10BD70B504460CB9002080
S31508000CC070BD2046FFF7ECFD0546E07FA17F40EAB0
S31508000CD00126B54201D10120F2E70020F0E770B500
S31508000CE004460D462046FFF763FD08B9012070BD8E
S31508000CF0642303222946204602F018FCF7E710B5BC
S31508000D00044609F071FF10BD08B50EF01BFF0090F0
S31508000D1040F2DC500DF002FF0AF008FB00BF01218B
S31508000D2068460DF02DFF1448046821E0607AF0B19A
S31508000D30A06AE0B12068D0B16068401C6060D4E960
S31508000D400010884213D3002060600121204600F07D
S31508000D5045F90020A16A88470021204600F03EF99F
S31508000D60207A20B100206072204600F097F9E46AE4
S31508000D70002CD4D0DAE70000880000201CB5124801
S31508000D80006800B11CBD1048032100234FF480629F
S31508000D90CDE900100DA10F480EF034FE04460E48AA
S31508000DA00460012C01D1012000E0002050B900BFE9
S31508000DB0502080F31188BFF34F8FBFF36F8F00BFAA
S31508000DC000BFFEE700BFDDE78C00002041707054CD
S31508000DD061736B00090D000894000020F0B5044605
S31508000DE0002017A504B101B9F0BD5AB105E012F803
S31508000DF001CB0646401C04F806C0167816B1461CF8
S31508000E008E42F4D35BB105E013F801CB0646401CCD
S31508000E1004F806C01E7816B1461C8E42F4D305E0C7
S31508000E2015F801CB0646401C04F806C02E7816B104
S31508000E30461C8E42F4D30026265400BFD4E7000091
S31508000E4020402025753A253032752E253033752EEB
S31508000E50253033750000000010B50948007800F009
S31508000E60010018B107480068406800B910BD064877
S31508000E70006818B9044905A010F03EFB00BFF5E765
S31508000E80C8080020C008002090000020536F667430
S31508000E905461736B000000002DE9FF4F87B04FF0D7
S31508000EA0000AD346002005900490079828B10898B0
S31508000EB018B1099808B10A9818B900200BB0BDE80E
S31508000EC0F08F4248D0F804A0414800684069504570
S31508000ED007D93F480068C068401C3D490968C86092
S31508000EE000E000BF3A480068C0F814A0002098B98E
S31508000EF037480068D0F80CB0002068B93448006854
S31508000F0080680490002038B9314800684068059028
S31508000F10002008B9049808B90020CFE7059810B949
S31508000F200020012101E0002105988046894600221B
S31508000F304046ABFB003C02FB08C00BFB090013EB69
S31508000F400A0440EB02052349A4FB010305FB013112
S31508000F5004FB0211CDE900010023049AFFF72CFADD
S31508000F60CDE902011C4A0023DDE90201FFF724FA54
S31508000F7007990860184A0023DDE90201FFF71CFA01
S31508000F8016461F46134A002330463946FFF714FA19
S31508000F90089908600F4A002330463946FFF70CFACD
S31508000FA016461F464FF47A72002330463946FFF735
S31508000FB003FA099908604FF47A72002330463946D5
S31508000FC0FFF7FAF90A980260012077E7001000E0B7
S31508000FD0D008002040420F000087930370B50446EE
S31508000FE00D4604B970BD0DB1206900E0606901467F
S31508000FF0204600F00FF800BFF4E710B5044604B920
S3150800100010BD204600F082F82046A16900F002F8DB
S3150800101000BFF5E770B588B004460D462E46002099
S3150800102007900690059004900CB908B070BD184852
S31508001030007800F0010018B116480068406800B949
S31508001040F3E7204600F062F8FFF706FF06B9ECE77B
S3150800105011480068D0B104AB05AA06A907A8FFF78E
S315080010601BFF68B1DDE905210498CDE9001202905D
S3150800107032460948079B01689C200FF0FDFC05E0F5
S3150800108032460548016898200FF0C0FB00BFCCE740
S31508001090C8080020C00800209000002010B50446AB
S315080010A004B910BD204600F031F82046616AFFF702
S315080010B0B1FF00BFF5E710B5044604B910BD2046D8
S315080010C000F024F82046E169FFF7A4FF00BFF5E722
S315080010D070B596B005460E461446002015901DB10B
S315080010E016B10CB1206808B116B070BD33462A4651
S315080010F0502101A8FFF772FE15A901A810F0FCF906
S3150800110008B91598206000BFEEE7000010B5044640
S315080011106CB1E06858B1206950B1606940B1A06906
S3150800112030B1E06920B1206A10B1606A00B110BD23
S315080011301848007800F0010018B1174800684068A0
S3150800114000B9F4E7FFF788FE04F1180213A0E16876
S31508001150FFF7BEFF04F11C0212A0E168FFF7B8FF13
S3150800116004F1200211A0E168FFF7B2FF04F124029E
S3150800117010A0E168FFF7ACFF04F1100211A0E168C6
S31508001180FFF7A6FF04F1140210A0E168FFF7A0FF1D
S3150800119000BFCCE7C8080020C008002043524541DC
S315080011A054452000535441525420000053544F5084
S315080011B0200000004F4E4553484F545F53544F503C
S315080011C020000000424547494E200000454E442075
S315080011D00000000010B50BF09BFD10BD08B52A48AD
S315080011E0006800B329A3002269462748006805F06D
S315080011F0FFFE012816D19DF80000012807D19DF8A9
S315080012000100264908700020254908700AE09DF863
S315080012100000022806D19DF8020021490870002026
S315080012201E49087000BF1D48007880B11C48007828
S3150800123068B940201B49886164200DF06FFC4FF4A3
S315080012408000184988610020144908701BE014487A
S31508001250007888B11448007830B90120124908701E
S315080012604020104988610EE000200F4908704FF4AD
S3150800127080000C49886106E04FF4800009498861BE
S3150800128000200949087008BD9C0000204265657069
S315080012904D7367517565756500000000A100002053
S315080012A0A200002000000240A000002010B504465D
S315080012B0FFF794FF10BD000010B504A20321052016
S315080012C005F074FE0549086010BD000042656570AA
S315080012D04D73675175657565000000009C00002018
S315080012E000B587B0142102A8FFF7CEF900BF002089
S315080012F001908848006840F0010086490860084661
S31508001300006800F00100019000BF00BF00BF002088
S3150800131001900846006840F0020008600846006828
S3150800132000F00200019000BF00BF00BF002001903E
S315080013300846006840F0040008600846006800F0A7
S315080013400400019000BF00BF00BF002001900846BE
S31508001350006840F0080008600846006800F00800C9
S31508001360019000BF00BF00BF00200190084600683A
S3150800137040F0100008600846006800F01000019070
S3150800138000BF00BF00BF002001900846006840F07B
S31508001390800008600846006800F08000019000BFE1
S315080013A000BF012209155C4801F0A6FF4FF48060D2
S315080013B002900120039004900020059002A9564847
S315080013C001F096FE00224021544801F095FF402086
S315080013D002900120039004900020059002A94F482E
S315080013E001F086FE30200290112003900020049020
S315080013F00220059002A94A4801F07AFE4FF40050EF
S31508001400029011200390002004900220059002A962
S31508001410444801F06DFE4FF480500290112003906D
S31508001420002004900220059002A93E4801F060FEC3
S315080014301C200290002003900120049002A939483C
S3150800144001F056FE0320029000200390012004902C
S3150800145002A9344801F04CFE4FF480500290002057
S3150800146003900120049002A92D4801F041FE4FF493
S31508001470407002900120039004900020059002A974
S31508001480274801F035FE4FF4407002900120039082
S3150800149004900020059002A9204801F029FE0122A7
S315080014A0D103214801F028FF4FF4004002900120A3
S315080014B0039000200490059002A91B4801F018FE2D
S315080014C0022002904FF4041003900120049002A910
S315080014D0144801F00DFE4FF4806002904FF404109A
S315080014E003900120049002A90D4801F001FE002294
S315080014F00521072002F026FC072002F00FFC002237
S315080015000521282002F01EFC282002F007FC07B05F
S3150800151000BD0000303802400010024000000240C2
S3150800152000080240000C02400004024030B5ADB08D
S3150800153000250024982107A8FFF7A6F8182101A876
S31508001540FFF7A2F807A80BF03DFAC5B2062D01DA97
S315080015502DB030BD002494E007A8005DAA2872D1FA
S3150800156007A9201D085CEE286ED19DF82100FF28EA
S31508001570FAD1012008F0FEFD07A90819062201A9DB
S3150800158000F016FA9DF807000D2872D2DFE800F081
S31508001590710711242C30373E4D545D646B000120D1
S315080015A006F0B6FD4FF4077141F2504006F076F8A2
S315080015B05FE041F2504005F09BFE3548407810B197
S315080015C0182006F08DFD002006F0A2FD262006F064
S315080015D087FD06F07BFD4CE02E48407800B1B7E762
S315080015E0012006F0ADFD44E0002006F0A9FD40E02C
S315080015F02848007A10B1192006F072FD39E025480E
S31508001600007A10B11A2006F06BFD32E02148007A04
S3150800161050B120488079012803D11E2006F060FDCC
S3150800162002E01D2006F05CFD23E01A48007A10B19E
S31508001630182006F055FD1CE01648007A10B1152052
S3150800164006F04EFD15E01AE014E01248007A10B1D3
S31508001650132006F045FD0CE00E48007A10B116205E
S3150800166006F03EFD05E00B48007A10B106F02EFDA7
S3150800167000BF00BF182101A8FFF706F868E7601C3D
S31508001680C4B2681FA0423FF767AF00BF60E700001B
S31508001690BE5C0020645C002070B5C6B0002500243E
S315080016A04FF4807106A8FEF7EFFF18216846FEF78B
S315080016B0EBFF002606A80BF021F9C5B20B2D01DABF
S315080016C046B070BD00245AE006A8005DAA2854D189
S315080016D006A908190A2100F079F9064606A904F1AF
S315080016E00A00095C06AA401C105C01EB0020B04207
S315080016F043D106A908190C22694600F059F99DF844
S31508001700070020B90020214981F84D0017E0012083
S315080017101E4981F84D001E488079012803D108200A
S3150800172006F0E6FC06E01A488079022802D109206C
S3150800173006F0DEFC002007F02FFF06F01BFD9DF8E3
S315080017400100062809D2DFE800F0080304050607A9
S3150800175004E003E002E000BF00E000BF00BF002095
S315080017600A4981F83600012081F835000F216846BC
S31508001770FEF78AFF04F10C00C4B2601CC4B2A5F1DE
S315080017800B00A042A0DC00BF9AE70000640400201A
S31508001790645C0020FEB504460D4616461F46134AED
S315080017A007CA8DE807000B2168460BF0F7F80220F8
S315080017B08DF80600052000F073FA0B2168460BF039
S315080017C0EDF8052000F06CFA02208DF801000B21D7
S315080017D068460BF0E3F8052000F062FA01208DF860
S315080017E006000B2168460BF0D9F8FEBDC01E01089D
S315080017F070B504460D462946204601F06BFD70BDBE
S3150800180070B504460D462946204601F063FD70BDB5
S3150800181070B504460D462946204601F05BFD70BDAD
S3150800182070B504460D46164632462946204601F04E
S3150800183063FD70BD70B50546284600F023F80446DA
S315080018400CB9012070BD204603F0F4F8FAE770B52C
S315080018500546284600F016F804460CB9012070BD66
S31508001860204603F0B9F9FAE770B50546284600F0B0
S3150800187009F804460CB9012070BD204603F067F943
S31508001880FAE7000001460B2917D2DFE801F0160631
S31508001890080A0C0E10121616140009487047094853
S315080018A0FCE70948FAE70948F8E70948F6E7094866
S315080018B0F4E70948F2E70948F0E70020EEE70000F8
S315080018C0D8530020205400206854002000530020DC
S315080018D048530020B0540020905300204055002063
S315080018E070B506460D463046FFF7CCFF04460CB9E0
S315080018F0012070BD6560204603F002FBF9E72DE97B
S31508001900F04105460E4617462846FFF7BBFF044634
S3150800191014B90120BDE8F0813A463146204603F065
S31508001920F9FFF7E700B503461846FFF7ABFF02468F
S315080019300AB1D06B08B9002000BDD06B00684068BA
S31508001940FAE72DE9F04105460E4617469846284619
S31508001950FFF798FF044614B90120BDE8F081434615
S315080019603A463146204603F0EDFFF6E700BFFEE7AC
S3150800197010B500F057F810BD10B514210348FEF74E
S3150800198083FE14210248FEF77FFE10BD805C00200E
S31508001990945C002010B532210348FEF753FE32212D
S315080019A00248FEF74FFE10BDF05B0020225C0020C7
S315080019B010B503460C46002100BF03E0585C60548E
S315080019C0481C81B29142F9DB104610BD70B502463B
S315080019D00D46FF21FF23002409E012F8010B80EAD7
S315080019E003040748005D80EA01030648015D281ED6
S315080019F0A5F10106B5B2F0D143EA012070BD000099
S31508001A00800100208002002010B503460C46002104
S31508001A1000BF02E06354481C81B29142FADB1046CB
S31508001A2010BD000010B50E210348FEF72DFE034831
S31508001A3000210160416010BD545C0020F8030020BD
S31508001A4035494978012900D17047A0F13A0108299A
S31508001A505FD2DFE801F0042546515A5E052600BF2D
S31508001A602D490978012900D1EEE72B49C9790129C1
S31508001A7003D02949497A032900D1E5E70121264AF5
S31508001A80D17111468979012902D1244A917006E05B
S31508001A9021498979022902D10121214A917038E028
S31508001AA000BF1D490978012900D1CDE71A49C9792E
S31508001AB0022903D01849497A032900D1C4E702212B
S31508001AC0154AD17111468979012903D10221134A90
S31508001AD0917005E010498979022901D1104A91705F
S31508001AE017E00D490978012900D1ADE70A49497A75
S31508001AF0032900D1A8E700BF07490978012900D1C1
S31508001B00A2E70121044A117003E00021024A11707C
S31508001B1000BF00BF00BF97E7645C0020805C002020
S31508001B20945C002010B5024800F04AFF10BD000082
S31508001B30E855002010B5024800F042FF10BD00002D
S31508001B406857002010B5024800F03AFF10BD0000A3
S31508001B508855002010B5024800F032FF10BD00007D
S31508001B604856002010B5024800F02AFF10BD0000B4
S31508001B700857002010B5024800F022FF10BD0000EB
S31508001B80C857002010B5024800F01AFF10BD000023
S31508001B90A85600200146087810381823B0FBF3F23F
S31508001BA00848805CC865032A05D908686FF30900E8
S31508001BB0001D886503E008686FF309008865886D6D
S31508001BC0704700003E1E0108014600208A6A8B699C
S31508001BD0CBB932B1012A0DD0022A03D0032A10D17B
S31508001BE00EE000BFCB6A03F08073B3F1807F00D1AB
S31508001BF0012007E0CB6AB3F1C07F00D1012001E0E4
S31508001C0000E000BF34E08B69B3F5005F1AD132B14A
S31508001C10012A07D0022A03D0032A11D10AE000BFFD
S31508001C2001200EE0CB6A03F08073B3F1807F00D108
S31508001C30012006E0CB6AB3F1C07F00D1012000E0A5
S31508001C4000BF15E032B1012A05D0022A04D0032AC2
S31508001C500CD103E000BF00BF012008E0CB6A03F007
S31508001C608073B3F1807F00D1012000E000BF00BF80
S31508001C70704730B50468246824F4802405682C600D
S31508001C80046863608468402C04D10468A260046810
S31508001C90E16003E00468A1600468E26030BD704753
S31508001CA070B50446002507E005F05EF940F2DE301F
S31508001CB000F006F8681C85B2A542F5DB70BD000089
S31508001CC000210022054B1B685A6203E0034A12688A
S31508001CD0526A91B28142F9DB70470000285200200F
S31508001CE039490978012903D037494978012900D1AA
S31508001CF0704722282FD008DC0B280FD00C2829D0B3
S31508001D000D2842D021285BD109E023283ED035286A
S31508001D1006D0362820D0372852D138E000BF00BF79
S31508001D2029498979012908D10021284A9181264A19
S31508001D30518226498988D1810BE02349897902296C
S31508001D4007D10021224A91811F4A51822049898858
S31508001D50D18135E000BF00BF1B498979012907D128
S31508001D601A4A9181184A51821849C988D1810BE0CB
S31508001D7015498979022907D10121154A9181124A03
S31508001D8051821349C988D1811AE000BF00BF0E49A4
S31508001D908979012908D102210C4A91810A4A51827E
S31508001DA00A490989D1810AE007498979022906D1B0
S31508001DB0074A9181044A518205490989D18100BFA0
S31508001DC000BF00BF94E70000645C0020805C002030
S31508001DD0945C002010B504F0F1FF10BD70B50646FE
S31508001DE00C46154608E03046721C96B204F06CFFA5
S31508001DF004F8010B681E85B2002DF4D170BD70B5CC
S31508001E0006460C46154608E014F8011B3046731CB6
S31508001E109EB204F088FF681E85B2002DF4D170BD0D
S31508001E2010B54FF4806001F055F910BD10B50220C9
S31508001E3001F050F910BD10B5102001F04BF910BD96
S31508001E4010B5402001F046F910BD72B600BFFEE796
S31508001E5010B5002201B909E0012901D10A0205E0FD
S31508001E60022901D10A0201E04FF440720E4B1B68A9
S31508001E7023F440730C4C236023461B6813432360EA
S31508001E8023461B6823F07803236023461B68022435
S31508001E9044EAC0042343044C236023461B6843F4E6
S31508001EA08033236010BD0000103C02401C480068C7
S31508001EB000F40070B0B11A48006820F400701849A0
S31508001EC0086000BF0846006840F4006008600846DD
S31508001ED0006820F40060086000BF0846006840F407
S31508001EE0007008600E48006800F48060B0B10C48C5
S31508001EF0006820F480600A49086000BF0846006848
S31508001F0040F4805008600846006820F48050086055
S31508001F1000BF0846006840F480600860704700000B
S31508001F20003C02400A4A126822F44072084B1A60C2
S31508001F301A46126842F004021A601A4612684FF4EA
S31508001F40803343EA00231A43014B1A6070470000A6
S31508001F50103C0240074A126822F44072054B1A6088
S31508001F601A4612681A601A46126842F001021A6086
S31508001F7001707047103C024010B50A49096821F4FF
S31508001F804071084C21602146096841F4407121607E
S31508001F902146096841F0010121600260BFF36F8F95
S31508001FA0436010BD103C0240084A126822F4407291
S31508001FB0064B1A601A46126842F480721A601A466C
S31508001FC0126842F001021A6001807047103C024014
S31508001FD0084A126822F44072064B1A601A461268BA
S31508001FE042F400721A601A46126842F001021A6038
S31508001FF001607047103C02402A48006800F0100053
S3150800200040B12948C06940F010002749C86110202E
S31508002010244908602348006800F0200040B122489F
S31508002020C06940F008002049C86120201D490860A1
S315080020301C48006800F0400040B11B48C06940F0E9
S3150800204004001949C8614020164908601548006807
S3150800205000F0800040B11448C06940F002001249FF
S31508002060C86180200F4908600E48006800F4807037
S3150800207048B10D48C06940F001000B49C8614FF4EA
S315080020808070084908600748006800F0020040B1FF
S315080020900548C06940F020000349C861022001498B
S315080020A0086070470C3C0240EC08002070B50446F6
S315080020B0002500201449C86101F024F9054609E005
S315080020C0601C38B124B101F01DF9401BA04201D9AA
S315080020D0032070BD0D48006800F480300028EFD159
S315080020E00A48006800F0010010B10120074908609D
S315080020F00648006800F4F97018B1FFF77DFF012063
S31508002100E7E70020E5E70000EC0800200C3C024069
S3150800211001461C48814201D2002070471A48814274
S3150800212001D20120F9E71948814201D20220F4E7D9
S315080021301748814201D20320EFE71648814201D2AF
S315080021400420EAE71448814201D20520E5E713484E
S31508002150814201D20620E0E71148814201D20720D8
S31508002160DBE71048814201D20820D6E70E488142B3
S3150800217001D20920D1E70D48814201D20A20CCE7D5
S315080021800B20CAE7004000080080000800C00008CD
S315080021900000010800000208000004080000060804
S315080021A00000080800000A0800000C0800000E08D5
S315080021B070B503460C46154600221E4600BF07E0CA
S315080021C0304607F063FD44F82200361D501C82B2E3
S315080021D0AA42F5DB70BD2DE9F04F87B00446884664
S315080021E0914600200190254604EB09068246009098
S315080021F000278346B5F1006F02D3B6F1016F04D309
S315080022004FF0FF3007B0BDE8F08F00F079FE2846A2
S31508002210FFF77EFF82463046FFF77AFFA0EB0A00FB
S31508002220401C009001200390002002900220069096
S31508002230CDF810A00098059001A902A800F0B4FDF9
S3150800224010B16FF00100DDE72F460FE058F82BC0FC
S31508002250624600233946022000F006FE18B90BF143
S31508002260010B3F1D02E06FF00200CBE7B742EDD34A
S3150800227000F0F0FD0020C5E71FB504463F4800689A
S3150800228000287AD03EA3002269463C48006804F03C
S31508002290AFFE012805D19DF8000010B900203C4981
S315080022A008709DF80000012866D1394908709DF824
S315080022B00100012804D0022827D003285AD158E063
S315080022C0BDF8020033490988081A142813D90120D1
S315080022D02F49C871C870BDF80600BDF80210401A2B
S315080022E02C4A1288511A91FBF0F02B49C9894843A8
S315080022F02949888108E02648C07828B10020244961
S31508002300C871C8702449888135E0BDF802002149A2
S315080023100988081A142803D901201D49C87105E03F
S315080023201B48C07910B100201949C871BDF80400CE
S3150800233018490988081A142812D901201449C8709E
S31508002340BDF80600BDF80410401A124A1288511A40
S3150800235091FBF0F01049C98948430F49888106E086
S315080023600B48C078012802D100200949C87002E04C
S3150800237003E000E000BF00BF00BF1FBDD40000207F
S31508002380466F6F744D73675175657565000000007B
S31508002390545C0020CC000020645C002070B5C4B0FA
S315080023A0064600254FF4807104A8FEF76DF904A8C7
S315080023B00AF0A2FB05460A2D1DDAD6480078C0B1F8
S315080023C0D5480078401CD449087008460078322859
S315080023D00FDD00200870CF490870D0490870D04931
S315080023E008700E226846FEF7AEF89DE80F0000F06A
S315080023F0B9F944B070BD002484E104F10900A8428B
S3150800240000DB84E104A8005DFE2833D104A9601C22
S31508002410085CEF28F9D10020BF490870E01DA842E2
S3150800242029DA04A9A01C085CB62824D1E01C085C9B
S31508002430C12820D1201D085C01281CD1601D085C1C
S31508002440012818D1E01D095C04AAA01D105C41EA08
S315080024500020B4490880AF4800780028D5D1AF4895
S3150800246000780028D1D10821AF480AF095FB012051
S31508002470AA49087044E1E01DA8421EDA04A9A01C76
S31508002480085CD02819D1E01C085CB42815D1201D99
S31508002490085CB52811D1601D085CCD280DD1E01D5A
S315080024A0095C04AAA01D105C41EA00209C494880EA
S315080024B008219E480AF070FB9BE7E01DA84228DA2F
S315080024C004A9A01C085CD02823D1E01C085CB42809
S315080024D01FD1201D085CB8281BD1601D085CDF28A9
S315080024E017D1E01D095C04AAA01D105C41EA002072
S315080024F08B49C88001208749087089490870487047
S315080025000E226846FEF71FF89DE80F0000F02AF92C
S31508002510F6E0601DA842ADDA04A9A01C085CBB2839
S31508002520A8D1E01C085CAA28A4D104F10900A84295
S315080025307EDA201D085CDD287AD1601D085C01283A
S315080025403DD17448007860BB04F10D00A84228DA32
S31508002550001F095C04AA401E105C41EA002070496D
S31508002560C88004A904F10B00095C401E105C41EA0E
S3150800257000206B49888004A904F10D00095C401EFF
S31508002580105C41EA00206649488001200870022054
S3150800259048700E226846FDF7D6FF9DE80F0000F04A
S315080025A0E1F8E01DA84209DA04A9095C04AAA01DFD
S315080025B0105C41EA00205E490880A1E019E704F1B1
S315080025C00900A842A4DA04A9601D085C022863D1A0
S315080025D0E01D095C04AAA01D105C41EA00205549CB
S315080025E0088004A904F10900095C401E105C41EA50
S315080025F00020514908804748007800284CD104F14A
S315080026001500A84249DA04A90A38095C401E105C7C
S3150800261041EA00204249C88004A904F10D00095C7A
S31508002620401E105C41EA00203D49888004A900E06C
S3150800263034E004F10F00095C401E105C41EA0020FA
S315080026403749488004A904F11100095C401E105C52
S3150800265041EA00203249888104A904F11300095C83
S31508002660401E105C41EA00202D49488104A904F166
S315080026701500095C401E105C41EA002028490881C3
S3150800268001200870032048700E226846FDF75BFF9C
S315080026909DE80F0000F066F832E0AAE6E01DA842C1
S315080026A02EDA04A9201D085CCC2829D1E01D085C77
S315080026B0072823D2DFE800F02204090E13181D00AC
S315080026C00221012007F078FD19E00421012007F016
S315080026D073FD14E00621012007F06EFD0FE00321CB
S315080026E0012007F069FD0AE00121084607F064FDAC
S315080026F005E00521012007F05FFD00E000BF00BFEF
S31508002700601CC4B2A5F10A00A042BFF676AE00BFAF
S3150800271000BF6EE6D8000020D9000020DA000020AD
S31508002720A8590020CC000020C2000020B8000020D4
S31508002730CE000020D0000020D200002010B504A250
S315080027400E21052004F032FC0549086010BD000082
S31508002750466F6F744D7367517565756500000000A7
S31508002760D40000201FB50648006800B91FBD05A3A0
S31508002770002269460248006804F058FC00BFF5E7E5
S31508002780D4000020466F6F744D7367517565756583
S315080027900000000002460A21314B5B78012B03D06A
S315080027A02F4B9B7A012B00D070471B2A06D01C2A78
S315080027B02BD02F2A03D0302A4ED127E000BF284B32
S315080027C09B79012B0ED1264B1B8A0B44D8B2254B7D
S315080027D01B79834201DA234B1879234B5881204B06
S315080027E0188211E01E4B9B79022B0DD11C4B1B8ABC
S315080027F00B44D8B21D4B1B79834201DA1B4B18795F
S315080028001B4B5881164B188226E000BF144B9B7948
S31508002810012B0ED1124B1B8A5B1AD8B2114B5B796E
S31508002820834201DD0F4B58790F4B58810C4B1882A8
S3150800283011E00B4B9B79022B0DD1094B1B8A5B1AB6
S31508002840D8B20A4B5B79834201DA084B5879084BB0
S315080028505881034B188200BF00BF00BFA4E70000E1
S31508002860645C0020F05B0020805C0020225C002075
S31508002870945C002070B50446A56D00F043FD06463D
S3150800288094F83500022808D08020606500BF002033
S3150800289084F8340000BF012070BD2068006820F06D
S315080028A01600216808602068406920F080002168C9
S315080028B04861206C08B9A06C28B12068006820F02F
S315080028C00800216808602068006820F00100216877
S315080028D0086010E000F016FD801B05280BD92020A3
S315080028E06065032084F8350000BF002084F83400B2
S315080028F000BF0320D0E72068006800F00100002828
S31508002900E8D194F85C103F208840A860012084F83C
S31508002910350000BF002084F8340000BF00BFBBE7C5
S31508002920014691F83500022803D080204865012029
S315080029307047052081F835000868006820F0010016
S315080029400A6810600020F3E770B504460CB9012048
S3150800295070BD94F83500022800D1F9E720680068B0
S3150800296020F00100216808600020216808602168BD
S315080029704860216888602168C8602168086121204C
S31508002980216848612046FFF705F905460020E063FF
S3150800299020646064A064E064206594F85C103F20BD
S315080029A08840A8600020606584F8350000BF84F878
S315080029B0340000BF00BFCBE70146486D70470000F2
S315080029C0F8B50446002000908C4800684FF416516C
S315080029D0B0FBF1F7A56D2E6894F85C1008208840C6
S315080029E0304098B12068006800F0040070B1206893
S315080029F0006820F004002168086094F85C1008203C
S31508002A008840A860606D40F00100606594F85C102D
S31508002A1001208840304068B12068406900F0800095
S31508002A2040B194F85C1001208840A860606D40F0C1
S31508002A300200606594F85C1004208840304068B154
S31508002A402068006800F0020040B194F85C10042089
S31508002A508840A860606D40F00400606594F85C10DA
S31508002A6010208840304078B32068006800F00800DD
S31508002A7050B394F85C1010208840A860206800685D
S31508002A8000F4802080B12068006800F4002028B98E
S31508002A90206CC8B12046216C884715E0A06C98B117
S31508002AA02046A16C88470FE02068006800F4807013
S31508002AB028B92068006820F0080021680860206CA2
S31508002AC010B12046216C884794F85C102020884075
S31508002AD03040002865D02068006800F01000002803
S31508002AE05FD094F85C1020208840A86094F83500E0
S31508002AF0052828D12068006820F01600216808609B
S31508002B002068406920F0800021684861206C08B977
S31508002B10A06C28B12068006820F0080021680860C9
S31508002B2094F85C103F208840A860012084F835009E
S31508002B3000BF002084F8340000BF206D10B1204685
S31508002B40216D8847F8BD2068006800F4802080B1B0
S31508002B502068006800F4002028B9606C10B120468F
S31508002B60616C88471DE0E06BD8B12046E16B884769
S31508002B7017E02068006800F4807068B9206800686B
S31508002B8020F0100021680860012084F8350000BF95
S31508002B90002084F8340000BFE06B10B12046E16BDA
S31508002BA08847606D38B3606D00F00100F0B105200C
S31508002BB084F835002068006820F001002168086064
S31508002BC000BF0098401C0090B84200D905E0206874
S31508002BD0006800F001000028F3D100BF012084F846
S31508002BE0350000BF002084F8340000BFE06C10B147
S31508002BF02046E16C884700BFA4E700009800002043
S31508002C002DE9F0410446002500F07CFB074614B97F
S31508002C100120BDE8F081606A00B100BF022084F897
S31508002C20350000BF002084F8340000BF2068006823
S31508002C3020F00100216808600AE000F063FBC01B71
S31508002C40052805D920206065032084F83500E0E7CB
S31508002C502068006800F001000028EED120680568A9
S31508002C6021480540D4E901010843E1680843216980
S31508002C70084361690843A1690843E1690843216A71
S31508002C8008430543606A042803D1D4E90B010843C5
S31508002C900543206805602068456925F00705606AD0
S31508002CA00543606A04280DD1A06A0543E06A48B165
S31508002CB02046FEF789FF28B140206065012084F888
S31508002CC03500A6E7206845612046FEF763FF0646FD
S31508002CD094F85C103F208840B060002060650120B1
S31508002CE084F83500002094E73F8010E02DE9F0478E
S31508002CF004460D4616461F464FF00008D4F858906D
S31508002D0000BF94F83400012802D10220BDE8F087FC
S31508002D10012084F8340000BF94F83500012825D135
S31508002D20022084F83500002060653B463246294675
S31508002D302046FEF79EFF94F85C103F208840C9F8AD
S31508002D4008002068006840F0160021680860206CBA
S31508002D5028B12068006840F00800216808602068EB
S31508002D60006840F001002168086006E000BF002006
S31508002D7084F8340000BF4FF002084046C6E700005A
S31508002D8070B5044600F0BEFA06462546681C10B122
S31508002D9004480078054400BF00F0B4FA801BA84236
S31508002DA0FAD370BD080000202DE9F04104460E460E
S31508002DB00127002500BF2548007E012802D10220F0
S31508002DC0BDE8F08101202149087600BF4CF2503059
S31508002DD0FFF76CF90746002F31D1401E3060206896
S31508002DE001280FD1207C6168FFF79CF84CF250301F
S31508002DF0FFF75CF907461648006820F004001449F6
S31508002E0008601AE0A56812E0217C2846FFF720F83A
S31508002E104CF25030FFF74AF907460D48006820F093
S31508002E207A000B4908600FB1356005E06D1CD4E9DE
S31508002E3002100844A842E7D800BFFFF737F800BFDA
S31508002E4000200249087600BF3846B9E7EC0800209A
S31508002E50103C02400348006840F000400149086001
S31508002E6000207047103C02402DE9F04106460F4607
S31508002E7014461D464FF0010800BF1F48007E012872
S31508002E8002D10220BDE8F08101201B49087600BF67
S31508002E904CF25030FFF70AF98046B8F1000F23D1FB
S31508002EA026B9E1B23846FFF755F812E0012E04D1EB
S31508002EB0A1B23846FFF778F80BE0022E04D1214676
S31508002EC03846FFF785F804E022462B463846FFF7D2
S31508002ED053F84CF25030FFF7E9F880460748006887
S31508002EE020F001000549086000BF00200249087665
S31508002EF000BF4046C6E70000EC080020103C024030
S31508002F0000200949096801F0004159B10749064AF4
S31508002F100C3A1160064911600349096801F000413D
S31508002F2001B1012070470000103C024023016745AB
S31508002F30AB89EFCDF0B50C46002500220023002111
S31508002F408FE0012606FA01F504EA0502AA427DD1B8
S31508002F50464E8F0856F827308E07370F0F26BE4085
S31508002F603340434EB04201D100261EE0414EB042E6
S31508002F7001D1012619E0404EB04201D1022614E0E3
S31508002F803E4EB04201D103260FE03D4EB04201D17C
S31508002F9004260AE03B4EB04201D1052605E03A4E2A
S31508002FA0B04201D1062600E007268F073F0FBE4034
S31508002FB09E4224D1354E36689643344F3E603E1DB8
S31508002FC0366896433F1D3E60304E0C36366896434B
S31508002FD02E4F0C373E603E1F366896433F1F3E60B5
S31508002FE08E07370F0F2606FA07F3204E8F0856F876
S31508002FF027609E431D4F4FEA910C47F82C600668E0
S315080030004FEA410C032707FA0CF7BE430660CF08C0
S3150800301000F1200656F827604F074FEAD76C0F27AE
S3150800302007FA0CF7BE434FEAD10C00F1200747F820
S315080030302C60C6684FEA410C032707FA0CF7BE4313
S31508003040C660466801278F40BE4300E008E0466038
S3150800305086684FEA410C032707FA0CF7BE438660D9
S31508003060491C1029FFF46DAFF0BD00000838014077
S31508003070000002400004024000080240000C024022
S31508003080001002400014024000180240003C0140B3
S3150800309010B50446204607F059F9B4F5806F0BD0F1
S315080030A0B4F5006F11D10A48407808B9012000E04C
S315080030B000200749487009E00548007808B901204A
S315080030C000E000200249087000E000BF00BF10BD04
S315080030D08003002010B5044604480068204020B14B
S315080030E0024804602046FFF7D3FF10BD143C014098
S315080030F0F8B502460B460025002400200021D1E041
S31508003100012606FA01F51E6806EA0504AC4274D1E2
S315080031101E7906F00306012E04D01E7906F0030672
S31508003120022E13D190684F000326BE40B0434F00CD
S31508003130DE68BE4030439060506801268E40B0433A
S315080031401E79C6F300168E40304350601E7906F08D
S315080031500306032E09D0D0684F000326BE40B043AD
S315080031604F009E68BE403043D0601E7906F00306C5
S31508003170022E13D1CF0802F1200656F827004E0773
S31508003180F70E0F26BE40B0434F07FF0E1E69BE401E
S315080031903043CF0802F1200646F8270010684F0092
S315080031A00326BE40B0431E7906F003064F00BE4014
S315080031B0304310605E6806F44036002E71D000BFBA
S315080031C000260096394E366846F48046374F3E60EC
S315080031D03E46366806F48046009600BF00BF344E69
S315080031E08F0856F827008E07370F0F26BE40B043C4
S315080031F0304EB24202D100261FE052E02E4EB242B5
S3150800320001D1012619E02D4EB24201D1022614E061
S315080032102B4EB24201D103260FE02A4EB24201D10B
S3150800322004260AE0284EB24201D1052605E0274EBB
S31508003230B24201D1062600E007268F073F0FBE409F
S3150800324030431B4E8F0846F82700214E3068A043AE
S315080032505E6806F4801606B120431D4E3060361DA2
S315080032603068A0435E6806F4001606B12043184E7F
S31508003270361D3060164E361F3068A0435E6806F469
S31508003280003606B12043124E361F3060361F3068AE
S31508003290A0435E6806F4803606B120430C4E083E0D
S315080032A03060491C1029FFF42BAFF8BD44380240A2
S315080032B008380140000002400004024000080240AD
S315080032C0000C0240001002400014024000180240A0
S315080032D0083C0140024613690B400BB1012000E08F
S315080032E00020704710B5426921EA020302EA010488
S315080032F043EA0443836110BD0AB1816101E00B040E
S31508003300836170470148006870470000000000208C
S3150800331010B504460CB9012010BD242084F83D00E0
S315080033202068006820F0010021680860204600F047
S315080033305DFB0020206484F83D00206384F83E008D
S3150800334000BF84F83C0000BF00BFE5E70146086CF3
S315080033507047014691F83D007047000070B5044675
S315080033600CB9012070BD94F83D0028B9002084F8F6
S315080033703C00204600F070FB242084F83D002068BD
S31508003380006820F00100216808602068006840F4A1
S315080033900040216808602068006820F40040216821
S315080033A0086000F00BFE05465C496068884206D84E
S315080033B05B48854201D2012007E0002005E0594814
S315080033C0854201D2012000E00020012800D1C9E78A
S315080033D05548B5FBF0F62068406820F03F003043BA
S315080033E0216848604D496068884201D8701C07E02A
S315080033F04FF4967070434FF47A71B0FBF1F0401CAD
S315080034002168096A21F03F01084321680862434997
S315080034106068884214D8681E61684900B0FBF1F0FC
S31508003420401CC0F30B00042801D204203DE0681EAE
S3150800343061684900B0FBF1F0401CC0F30B0034E0B2
S31508003440A06838B9681E616801EB4101B0FBF1F06C
S31508003450401C0AE0681E616801EBC10202EB01111B
S31508003460B0FBF1F0401C40F48040C0F30B0008B9F3
S3150800347001201AE0A06848B9681E616801EB41019D
S31508003480B0FBF1F0401CC0F30B000CE0681E61684D
S3150800349001EBC10202EB0111B0FBF1F0401CC0F3D5
S315080034A00B0040F4804040F400402168C9694CF69E
S315080034B0FF72914308432168C861D4E907010843AC
S315080034C02168096821F0C001084321680860D4E929
S315080034D0031008432168896848F2FF32914308437C
S315080034E021688860D4E9050108432168C96821F084
S315080034F0FF0108432168C8602068006840F00100A1
S315080035002168086000202064202084F83D000020FF
S31508003510206384F83E0000BF24E70000A08601006F
S3150800352080841E0000093D0040420F002DE9F84F37
S3150800353004460F4690461E46FFF7E4FE05464FF042
S31508003540000994F83D0020287ED1192301226349F9
S315080035502046009503F064FA10B10220BDE8F88F02
S3150800356000BF94F83C00012801D10220F6E70120AB
S3150800357084F83C0000BF2068006800F0010028B904
S315080035802068006840F0010021680860206800682B
S3150800359020F4006021680860242084F83D0000209B
S315080035A020644F48E06200BF2068006840F48070DD
S315080035B021680860334600224FF001112046009525
S315080035C003F02EFA58B12068006800F48070B0F550
S315080035D0807F02D14FF4007020640320BEE707F015
S315080035E0FE0021680861FFF78DFE054620684069E0
S315080035F0C0F3400A20684069C0F3802B10E0FFF74B
S3150800360081FE401BB04200D816B9A02084F83D00C0
S3150800361020684069C0F3400A20684069C0F3802BDF
S3150800362094F83D00A02805D0BAF1000F02D1BBF1ED
S31508003630000FE4D0202084F83D0020684069C0F3DC
S31508003640400028B3206800E045E0006840F40070B8
S315080036502168086000BF002000902068406900903B
S3150800366020688069009000BF00BF192301221B490A
S315080036702046009503F0D4F908B101206EE7202012
S3150800368084F83D0000BF002084F83C0000BF65E7D1
S315080036902068006840F40070216808606FF4806054
S315080036A021684861192301220C492046009503F038
S315080036B0B7F908B1012051E709F10109C145FFF43D
S315080036C073AF202084F83D0000BF002084F83C003A
S315080036D000BF012042E7022040E700000200100078
S315080036E00000FFFF2DE9FC5F04460F469046994609
S315080036F0DDE90CAB0E9EFFF705FE054694F83D0086
S31508003700202870D119230122B5492046009503F0D7
S3150800371087F910B10220BDE8FC9F00BF94F83C0071
S31508003720012801D10220F6E7012084F83C0000BFF9
S315080037302068006800F0010028B92068006840F099
S315080037400100216808602068006820F4006021688C
S315080037500860222084F83D00402084F83E000020BE
S315080037602064C4F824A0A4F82AB0608D20859D485A
S31508003770E0624B46424639462046CDE9006503F0ED
S315080037809FF808B10120C6E7208D88B900BF002040
S31508003790019020684069019020688069019000BF07
S315080037A000BF2068006840F400702168086040E0A7
S315080037B0208D012818D12068006820F480602168CF
S315080037C0086000BF002001902068406901902068C9
S315080037D08069019000BF00BF2068006840F400704F
S315080037E02168086025E0F8E0208D022816D12068B7
S315080037F0006820F48060216808602068006840F44A
S3150800380000602168086000BF0020019020684069B8
S31508003810019020688069019000BF0AE000BF00207F
S31508003820019020684069019020688069019000BF76
S3150800383000BFC3E0208D03287ED8208D012815D12E
S315080038402A463146204603F0C7F908B1012062E747
S3150800385020680069616A0870606A401C6062208D91
S31508003860401E2085608D401E6085A7E0208D0228B9
S315080038702AD1334600225C492046009503F0D0F849
S3150800388008B1012047E72068006840F40070216805
S31508003890086020680069616A0870606A401C606296
S315080038A0208D401E2085608D401E60852068006939
S315080038B0616A0870606A401C6062208D401E20851F
S315080038C0608D401E608579E03346002246492046D1
S315080038D0009503F0A5F808B101201CE720680068E8
S315080038E020F480602168086020680069616A0870B1
S315080038F0606A401C6062208D401E2085608D401ED7
S3150800390060853346002238492046009503F088F83A
S3150800391008B10120FFE62068006840F400702168BD
S31508003920086020680069616A0870606A401C606205
S31508003930208D401E208500E010E0608D401E6085C9
S3150800394020680069616A0870606A401C6062208DA0
S31508003950401E2085608D401E60852FE02A46314630
S31508003960204603F039F908B10120D4E62068006939
S31508003970616A0870606A401C6062208D401E20855E
S31508003980608D401E608520684069C0F38000A8B13C
S31508003990208D032805D12068006820F480602168FE
S315080039A0086020680069616A0870606A401C606285
S315080039B0208D401E2085608D401E6085208D002844
S315080039C07FF438AF202084F83D00002084F83E00BC
S315080039D000BF84F83C0000BF9DE602209BE600007D
S315080039E0020010000000FFFF0400010010B50446A5
S315080039F01349206888420ED11248006820F48000D6
S31508003A001049086009151048FFF794FA08210E486E
S31508003A10FFF790FA12E00D49206888420ED109484E
S31508003A20006820F400000749086089150848FFF770
S31508003A3081FA4FF400710748FFF77CFA10BD0000C1
S31508003A40005800404038024000040240005C004034
S31508003A50000002400008024010B586B00446142152
S31508003A6001A8FCF711FE45492068884238D100BFF5
S31508003A70002000904248006840F4800040490860F1
S31508003A800846006800F48000009000BF00BF00BF31
S31508003A90002000903A481038006840F00200384983
S31508003AA0103908600846006800F00200009000BF60
S31508003AB000BF0815019012200290012003900320F0
S31508003AC004900420059001A92E48FFF711FB082051
S31508003AD001900920059001A92A48FFF709FB4BE048
S31508003AE029492068884247D100BF00200090244811
S31508003AF0006840F40000224908600846006800F49F
S31508003B000000009000BF00BF00BF002000901C48C6
S31508003B101038006840F00100194910390860084655
S31508003B20006800F00100009000BF00BF00BF002041
S31508003B3000900846006840F00400086008460068DF
S31508003B4000F00400009000BF00BF88150190122005
S31508003B50029001200390032004900420059001A9F7
S31508003B600A48FFF7C5FA4FF4007001900420059043
S31508003B7001A90748FFF7BCFA06B010BD0058004077
S31508003B804038024000040240005C00400000024049
S31508003B9000080240034800680349097808440149B7
S31508003BA008607047000000200800002010B50D4886
S31508003BB0006840F400700B4908600846006840F445
S31508003BC0806008600846006840F48070086003203A
S31508003BD000F0F6F80F2000F007F800F05FF8002074
S31508003BE010BD0000003C02402DE9F04188B00446B3
S31508003BF00027B84600BF002001902348006840F01F
S31508003C001000214908600846006800F0100001907D
S31508003C1000BF00BF02A903A800F0A8F9069F1FB9B4
S31508003C2000F0CCF9054602E000F0C8F9450017484F
S31508003C30B5FBF0F0A0F1010815481649086040F2F6
S31508003C40E7311448C160C0F8048000210161816031
S31508003C50816100F0DFFC064696B90E4800F0B6FD15
S31508003C6006466EB9362000F059F8102C07D2002205
S31508003C702146362000F066F80748046000E0012671
S31508003C80304608B0BDE8F0814038024040420F0097
S31508003C9000100040E05100200400002008B500BFD5
S31508003CA0002000901148006840F480400F490860E1
S31508003CB00846006800F48040009000BF00BF00BFBF
S31508003CC000200090081F006840F08050091F086017
S31508003CD00846006800F08050009000BF00BF002230
S31508003CE00F21901E00F02EF808BD0000443802404F
S31508003CF010B50146084600280BDB00F01F03012219
S31508003D009A40054B440943F82420BFF34F8FBFF36D
S31508003D106F8F00BF10BD000080E100E00146084635
S31508003D2000280DDB00BF00BF00F01F0301229A40E8
S31508003D3043099B0003F1E023C3F8002100BF00BF3D
S31508003D4000BF70472DE9F05F80460D4616460027EE
S31508003D5009F03AF9074639462A46334601F007007C
S31508003D60C0F1070ABAF1040F02D94FF0040A01E0BC
S31508003D70C0F1070AD14600F1040ABAF1070F02D2C8
S31508003D804FF0000A01E0A0F1030AD4464FF0010AF9
S31508003D900AFA09FAAAF1010A0AEA020A0AFA0CFA5E
S31508003DA04FF0010B0BFA0CFBABF1010B0BEA030B03
S31508003DB04AEA0B042146404609F00EF9BDE8F09F91
S31508003DC000BF00F00702064B19684FF6FF031940BB
S31508003DD0044B0B4343EA0221014B196000BF7047AD
S31508003DE00CED00E00000FA0570B504460D460CB966
S31508003DF0012070BD5848006800F00700A84209D2A3
S31508003E0055490D700846006800F00700A84201D021
S31508003E100120EEE7207800F0020002281DD1207864
S31508003E2000F00400042805D14C48006840F4E0502E
S31508003E304A490860207800F00800082805D1474854
S31508003E40006840F46040454908604448006820F02E
S31508003E50F000A168084341490860207800F0010095
S31508003E60A8B36068012807D13C4808380068C0F341
S31508003E704040B8B90120BCE76068022802D06068F3
S31508003E80032807D1354808380068C0F3406048B9A8
S31508003E900120AEE7314808380068C0F3400008B989
S31508003EA00120A6E72D48006820F003006168084352
S31508003EB02A490860FFF726FA064609E0FFF722FABC
S31508003EC0801B41F28831884202D9032091E707E036
S31508003ED02248006800F00C006168B0EB810FEDD154
S31508003EE01D48006800F00700A84209D91A490D7054
S31508003EF00846006800F00700A84201D0012078E7CC
S31508003F00207800F00400042807D11448006820F43B
S31508003F10E050E168084311490860207800F008007D
S31508003F20082808D10D48006820F46040216940EA55
S31508003F30C1000A49086000F061F808490968C1F338
S31508003F400311074A515CC8400649086006480068DC
S31508003F50FFF74AFE00204CE7003C024008380240C2
S31508003F60461E010898000020040000200F22026067
S31508003F700D4A126802F0030242600B4A126802F008
S31508003F80F0028260084A126802F4E052C260064AE9
S31508003F90126802F46042D2080261044A126802F00A
S31508003FA007020A607047000008380240003C0240D9
S31508003FB001480068704700009800002000B5FFF728
S31508003FC0F7FF04490968C1F38221034A515CC840D6
S31508003FD000BD000008380240561E010800B5FFF76C
S31508003FE0E7FF04490968C1F34231034A515CC840F6
S31508003FF000BD000008380240561E01082DE9F047AA
S31508004000002400250026A1462548006800F00C007B
S3150800401020B1042805D008283AD105E0DFF88490B5
S3150800402039E0DFF8849036E01D48001F006800F08C
S315080040303F041B48001F006800F4800078B11A4846
S315080040401749091F0968C1F38811A0FB01700146C9
S31508004050224600233846FCF7AFF905460EE011481C
S315080040600F49091F0968C1F38811A0FB01700146B1
S31508004070224600233846FCF79FF905460848001FE4
S315080040800068C0F30140401C4600B5FBF6F902E0A3
S31508004090DFF8109000BF00BF4846BDE8F087000073
S315080040A0083802400024F40000127A00F8B50446E5
S315080040B00CB90120F8BD207800F00100002874D062
S315080040C0F748006800F00C0004280DD0F448006892
S315080040D000F00C00082813D1F148001F006800F40E
S315080040E08000B0F5800F0BD1ED4808380068C0F3A2
S315080040F04040002859D06068002856D10120D9E7E9
S3150800410000BF6068B0F5803F08D1E5480838006808
S3150800411040F48030E249083908601EE06068B0F56E
S31508004120A02F0DD1DE480838006840F48020DC490D
S31508004130083908600846006840F4803008600CE0DA
S31508004140D7480838006820F48030D549083908600F
S315080041500846006820F48020086000BF606890B1B7
S31508004160FFF7D0F8054606E0FFF7CCF8401B6428B1
S3150800417001D903209EE7CA4808380068C0F34040C2
S315080041800028F1D011E0FFF7BDF8054606E0FFF775
S31508004190B9F8401B642801D903208BE7C0480838C2
S315080041A00068C0F340400028F1D1207800F00200F2
S315080041B002285FD1BA48006800F00C0058B1B84828
S315080041C0006800F00C0008281CD1B548001F0068DC
S315080041D000F48000B0B9B24808380068C0F340005F
S315080041E020B1E068012801D0012063E7AC4808380F
S315080041F0006820F0F800216940EAC100A84908399A
S31508004200086037E0E06800B30120A6490860FFF7B8
S3150800421079F8054606E0FFF775F8401B022801D92C
S31508004220032047E79E4808380068C0F34000002886
S31508004230F1D09B480838006820F0F800216940EA68
S31508004240C10097490839086014E0002095490860BC
S31508004250FFF758F8054606E0FFF754F8401B022812
S3150800426001D9032026E78E4808380068C0F34000C5
S315080042700028F1D1207800F0080008282CD16069C0
S31508004280A8B1012088490860FFF73CF8054606E012
S31508004290FFF738F8401B022801D903200AE78048AF
S315080042A06C300068C0F340000028F1D014E000200C
S315080042B07D490860FFF726F8054606E0FFF722F86D
S315080042C0401B022801D90320F4E675486C300068C3
S315080042D0C0F340000028F1D1207800F0040004283B
S315080042E070D100276E483830006800F0805090B9C9
S315080042F000BF002000906A483830006840F08050BF
S315080043006749383108600846006800F08050009018
S3150800431000BF00BF01276548006800F48070B0B987
S315080043206248006840F4807060490860FEF7EAFF5A
S31508004330054606E0FEF7E6FF401B022801D90320E2
S31508004340B8E65A48006800F480700028F2D000BF2A
S31508004350A068012808D152486830006840F001007A
S315080043604F49683108601DE0A06805280DD14C4802
S315080043706830006840F0040049496831086008461A
S31508004380006840F0010008600CE0454868300068A5
S3150800439020F001004249683108600846006820F0AC
S315080043A00400086000BFA068A8B1FEF7ABFF054689
S315080043B009E0FEF7A7FF401B41F28831884202D97F
S315080043C0032077E626E0364868300068C0F34000E8
S315080043D00028EED013E0FEF795FF054608E0FEF745
S315080043E091FF401B41F28831884201D9032061E6DA
S315080043F02B4868300068C0F340000028EFD1012F31
S3150800440007D127483830006820F0805024493831D1
S31508004410086000BFA069002850D02148006800F055
S315080044200C00082860D0A069022848D100201D4940
S315080044300866FEF767FF054606E0FEF763FF401BC2
S31508004440022801D9032035E6154808380068C0F364
S3150800445040600028F1D1D4E907010843616A40EABF
S3150800446081110122A06AC2EB500041EA00412C20CA
S31508004470005D41EA00613020005D41EA00700849AC
S31508004480091F0860012007490866FEF73BFF054635
S315080044900EE0FEF737FF401B022809D9032009E67C
S315080044A00838024000004742800E4742007000402C
S315080044B028480068C0F340600028EAD048E0002099
S315080044C025490866FEF71EFF054606E0FEF71AFFB1
S315080044D0401B022801D90320ECE51E480068C0F3FA
S315080044E040600028F2D133E0A069012800D1E1E557
S315080044F01848001D0668A069012827D006F480011F
S31508004500E069814222D106F03F01206A81421DD12D
S3150800451047F6C0703040616AB0EB811F16D106F4C9
S3150800452040310122A06AC2EB5000B1EB004F0DD119
S3150800453006F070612C20005DB1EB006F06D106F025
S31508004540E0413020005DB1EB007F01D00120B1E5EC
S315080045500020AFE500380240000047427047704728
S3150800456030B502460B4600BF92F83C00012801D13F
S31508004570022030BD012082F83C0000BF022082F8EC
S315080045803D00106844681068816824F07004186853
S31508004590044310684460184D1068A8421BD0106880
S315080045A0B0F1804F17D0154D1068A84213D0144D9E
S315080045B01068A8420FD0134D1068A8420BD0124DB0
S315080045C01068A84207D0114D1068A84203D0104DB4
S315080045D01068A84205D121F0800158680143106887
S315080045E08160012082F83D0000BF002082F83C006F
S315080045F000BF00BFBDE70000000001400004004006
S3150800460000080040000C0040000401400040014042
S315080046100018004010B504460CB9012010BD94F8E6
S315080046203D0028B9002084F83C00204600F026F812
S31508004630022084F83D00211D206806F049FD01206E
S3150800464084F8460000BF84F83E0001213F2001554A
S31508004650402001554120015500BF00BF012084F8C4
S31508004660420043200155442001554520015500BF0D
S31508004670012084F83D000020D0E7000038B5044644
S315080046802749206888420FD100BF0020009025489E
S31508004690006840F02000234908600846006800F0DA
S315080046A02000009000BF3AE01F49206888421AD1CE
S315080046B000BF002000901B48001D006840F4003031
S315080046C01849091D08600846006800F40030009083
S315080046D000BF00BF002205211920FFF733FB192070
S315080046E0FFF71CFB1BE011492068884217D100BF61
S315080046F0002000900B48006840F480700949086063
S315080047000846006800F48070009000BF00BF0022D1
S3150800471005212D20FFF716FB2D20FFF7FFFA38BDE0
S315080047200014004040380240004401400020004088
S31508004730014691F83D00012801D00120704702206A
S3150800474081F83D001A4B086898421BD00868B0F1FA
S31508004750804F17D0174B0868984213D0164B086835
S3150800476098420FD0154B086898420BD0144B08682E
S31508004770984207D0134B0868984203D0124B086832
S3150800478098420CD10868806800F00702062A0CD007
S315080047900868006840F001000B68186005E00868C2
S315080047A0006840F001000B6818600020C6E70000AA
S315080047B0000001400004004000080040000C0040D2
S315080047C0000401400040014000180040014691F8ED
S315080047D03D00012801D001207047022081F83D00E4
S315080047E00868C06840F001000B68D8601A4B086872
S315080047F098421BD00868B0F1804F17D0174B08684D
S31508004800984213D0164B086898420FD0154B086883
S3150800481098420BD0144B0868984207D0134B086887
S31508004820984203D0124B086898420CD108688068F1
S3150800483000F00702062A0CD00868006840F001005C
S315080048400B68186005E00868006840F001000B680E
S3150800485018600020C0E70000000001400004004086
S3150800486000080040000C00400004014000400140E0
S3150800487000180040704770B504462068C56820686F
S31508004880066906F00200022819D105F0020002287E
S3150800489015D1401F216808610120207720688069AA
S315080048A000F0030018B12046FFF7E4FF05E02046B4
S315080048B000F097F8204600F095F80020207706F0DB
S315080048C00400042819D105F00400042815D1C043B2
S315080048D021680861022020772068806900F440700A
S315080048E018B12046FFF7C6FF05E0204600F079F824
S315080048F0204600F077F80020207706F00800082800
S3150800490019D105F00800082815D1C04321680861A7
S31508004910042020772068C06900F0030018B12046FB
S31508004920FFF7A8FF05E0204600F05BF8204600F0F8
S3150800493059F80020207706F01000102819D105F044
S315080049401000102815D1C043216808610820207777
S315080049502068C06900F4407018B12046FFF78AFF46
S3150800496005E0204600F03DF8204600F03BF8002020
S31508004970207706F0010048B105F0010030B16FF06C
S31508004980010021680861204600F02EF806F0800034
S31508004990802809D105F08000802805D1C043216808
S315080049A008612046FFF7DAFD06F04000402809D1E5
S315080049B005F04000402805D1C0432168086120461B
S315080049C000F036F806F02000202809D105F020006E
S315080049D0202805D1C043216808612046FFF7BFFD9E
S315080049E070BD70477047000010B504460C49206832
S315080049F0884202D1FFF7CEF810E00A4920688842BB
S31508004A000CD009492068884208D10848C06A401C69
S31508004A100649C8620846806A401C886210BD0000C4
S31508004A2000100040004401400020004064040020BB
S31508004A307047704710B5044600BF00BF21680C31A7
S31508004A4051E8001F21F4F07021680C3141E800029A
S31508004A50002AF3D100BF00BF00BF2168143151E816
S31508004A60001F21F001002168143141E80002002AE4
S31508004A70F3D100BF206B01280ED100BF00BF21680B
S31508004A800C3151E8001F21F0100021680C3141E873
S31508004A900002002AF3D100BF2068406900F08000B8
S31508004AA0802820D100BF00BF2168143151E8001FBB
S31508004AB021F080002168143141E80002002AF3D170
S31508004AC000BFA06B78B10020A16B0865A06BFDF74D
S31508004AD0D1FE40B1A06BFDF76FFF202803D110204F
S31508004AE06064032010BD2068406900F0400040283B
S31508004AF020D100BF00BF2168143151E8001F21F002
S31508004B0040002168143141E80002002AF3D100BFB1
S31508004B10E06B78B10020E16B0865E06BFDF7AAFE53
S31508004B2040B1E06BFDF748FF202803D110206064F0
S31508004B300320D7E70020E084E0856064202084F81D
S31508004B40420084F841000020206300BFCAE770B520
S31508004B500446002520684069C0F3C01594F8410052
S31508004B60212817D1B5B100BF00BF2168143151E81B
S31508004B70001F21F080002168143141E80002002A54
S31508004B80F3D100BFA06B10B1A06BFDF773FE2046F2
S31508004B9006F010FD20684069C0F3801594F84200BD
S31508004BA0222817D1B5B100BF00BF2168143151E8DA
S31508004BB0001F21F040002168143141E80002002A54
S31508004BC0F3D100BFE06B10B1E06BFDF753FE204652
S31508004BD006F0AAFC002070BD10B504460CB90120E9
S31508004BE010BD242084F841002068C06820F40050D5
S31508004BF02168C860204600F0BFF90020606484F888
S31508004C00410084F842002063606300BF84F84000D6
S31508004C1000BF00BFE4E770472DE9F84F0446206857
S31508004C2005682068C668206847694FF00009CA46C3
S31508004C3005F00F09B9F1000F0AD105F0200038B1C7
S31508004C4006F0200020B1204606F0C7FCBDE8F88F24
S31508004C50B9F1000F7CD007F0010018B906F490707E
S31508004C60002875D005F0010030B106F4807018B13F
S31508004C70606C40F00100606405F0040030B107F094
S31508004C80010018B1606C40F00200606405F0020093
S31508004C9030B107F0010018B1606C40F004006064A0
S31508004CA005F0080048B106F0200010B907F0010029
S31508004CB018B1606C40F008006064606C002846D04B
S31508004CC005F0200028B106F0200010B1204606F0B5
S31508004CD084FC20684069C0F3801A606C00F0080004
S31508004CE010B9BAF1000F2DD0204606F01DFC206839
S31508004CF0406900F04000402820D100BF00BF21686D
S31508004D00143151E8001F21F040002168143141E8B0
S31508004D100002002AF3D100BFE06B50B17748E16B7F
S31508004D200865E06BFDF7FCFD88B1E06B016D88470F
S31508004D300DE02046FFF76FFF09E009E02046FFF780
S31508004D406AFF04E02046FFF766FF002060647DE7FF
S31508004D50206B012878D105F01000002874D006F0E1
S31508004D6010000028FAD000BF0020009020680068D4
S31508004D70009020684068009000BF00BF2068406926
S31508004D8000F04000402860D1E06B006840681FFAD8
S31508004D9080F8B8F1000F56D0A08D404553DDA4F831
S31508004DA02E80E06BC069B0F5807F43D000BF00BF9E
S31508004DB021680C3151E8001F21F4807021680C31FC
S31508004DC041E80002002AF3D100BF00BF00BF2168F6
S31508004DD0143151E8001F21F001002168143141E81F
S31508004DE00002002AF3D100BF00BF00BF21681431BA
S31508004DF051E8001F21F040002168143141E8000203
S31508004E00002AF3D100BF202084F842000020206346
S31508004E1000BF00BF21680C3151E8001F21F01000C7
S31508004E2021680C3141E80002002AF3D100BFE06B8B
S31508004E30FDF720FD02206063A08DE28D801A81B205
S31508004E402046FFF7F6FD01E742E0A08DE18D401A06
S31508004E501FFA80F8E08DD0B3B8F1000F37D000BF45
S31508004E6000BF21680C3151E8001F21F490702168B9
S31508004E700C3141E80002002AF3D100BF00BF00BF91
S31508004E802168143151E8001F21F00100216814310E
S31508004E9041E80002002AF3D100BF202084F842002E
S31508004EA00020206300BF00BF21680C3151E8001FB5
S31508004EB021F0100021680C3141E80002002AF3D1E4
S31508004EC000BF0220606341462046FFF7B2FDBDE6FB
S31508004ED005F0800030B106F0800018B1204606F0D3
S31508004EE081FDB3E605F0400030B106F0400018B188
S31508004EF0204606F04FFBA9E600BFA7E6EDB300087B
S31508004F0010B504460CB9012010BDA06900B100E037
S31508004F1000BF94F8410028B9002084F840002046D4
S31508004F2000F004F9242084F841002068C06820F4C1
S31508004F3000502168C860204606F0CEFB206800694C
S31508004F4020F49040216808612068406920F02A0012
S31508004F50216848612068C06840F400502168C8602C
S31508004F6000206064202084F8410084F84200002074
S31508004F70606300BFC8E7000010B504465E492068B4
S31508004F80884214D15D48006820F010005B4908602B
S31508004F9040215B48FDF7CEFF80215948FDF7CAFF3F
S31508004FA0E06BFDF7D1FC2520FEF7A2FEA2E05549ED
S31508004FB02068884216D15148001F006820F4003046
S31508004FC04E49091F086020214F48FDF7B3FF4021CD
S31508004FD04D48FDF7AFFFE06BFDF7B6FC2620FEF760
S31508004FE087FE87E049492068884217D14348001F51
S31508004FF0006820F480204149091F08608915424845
S31508005000FDF798FF4FF400713F48FDF793FFE06BFB
S31508005010FDF79AFC2720FEF76BFE6BE03C492068FB
S31508005020884217D13548001F006820F4002033490C
S31508005030091F0860C9143748FDF77CFF4FF48051F3
S315080050403448FDF777FFE06BFDF77EFC3420FEF76A
S315080050504FFE4FE030492068884217D12748001F85
S31508005060006820F480102549091F0860891524481E
S31508005070FDF760FF4FF400712148FDF75BFFE06B19
S31508005080FDF762FC3520FEF733FE33E0234920683E
S31508005090884214D11948006820F020001749086092
S315080050A040211F48FDF746FF80211D48FDF742FFB6
S315080050B0E06BFDF749FC4720FEF71AFE1AE019498E
S315080050C02068884216D10D48001F006820F08040ED
S315080050D00A49091F086080211348FDF72BFF4FF482
S315080050E080711148FDF726FFE06BFDF72DFC522075
S315080050F0FEF7FEFD10BD00000010014044380240D6
S315080051000004024000440040000C024000480040F1
S31508005110004C0040000002400050004000140140CE
S3150800512000080240007800400010024010B586B022
S315080051300446142101A8FBF7A7FAFE49206888420D
S3150800514070D100BF00200090FB48006840F01000B6
S31508005150F94908600846006800F01000009000BF92
S3150800516000BF00BF00200090F3481438006840F0E4
S315080051700100F149143908600846006800F001008A
S31508005180009000BF00BF00BF0020009008460068DE
S3150800519040F0020008600846006800F0020000902F
S315080051A000BF00BF4020019002200290002003901B
S315080051B0032004900720059001A9E048FDF798FF11
S315080051C0802001900720059001A9DC48FDF790FF93
S315080051D0DB48DC4908604FF0006048600021D94888
S315080051E08160C1604FF48061016100214161816184
S315080051F04FF48071C161002101624162FDF700FD33
S3150800520008B1FCF722FE00BFCE48E063846300BF06
S31508005210002205212520FEF795FD2520FEF77EFDB7
S3150800522059E3FFE7C8492068884262D100BF0020D9
S315080052300090C148001F006840F40030BE49091FAD
S3150800524008600846006800F40030009000BF00BF00
S3150800525000BF00200090B8481438006840F00800E5
S31508005260B549143908600846006800F0080000903F
S3150800527000BF00BF2020019002200290002003906A
S31508005280032004900720059001A9B048FDF730FFD8
S31508005290402001900720059001A9AC48FDF728FF9A
S315080052A0AB48AC4908604FF0006048600021A94847
S315080052B08160C1604FF480610161002141618161B3
S315080052C04FF48071C161002101624162FDF798FCCB
S315080052D008B1FCF7BAFD00BF9E48E063846300BFCF
S315080052E0002205212620FEF72DFD2620FEF716FDB5
S315080052F0F1E299492068884264D100BF00200090F5
S315080053008D48001F006840F480208B49091F0860FB
S315080053100846006800F48020009000BF00BF00BF68
S315080053200020009084481438006840F0080082493C
S31508005330143908600846006800F00800009000BFAD
S3150800534000BF8815019002200290002003900320D8
S3150800535004900720059001A97C48FDF7C9FE4FF483
S31508005360007001900720059001A97848FDF7C0FE56
S3150800537077486038794908604FF000604860002136
S3150800538076488160C1604FF4806101610021416106
S3150800539081614FF48071C161002101624162FDF7AC
S315080053A02FFC08B1FCF751FD00BF6C48E06384632D
S315080053B000BF002205212720FEF7C4FC2720FEF7A0
S315080053C0ADFC88E266492068884263D100BF0020A8
S315080053D000905948001F006840F400205649091FEC
S315080053E008600846006800F40020009000BF00BF6F
S315080053F000BF0020009050481438006840F00100B3
S315080054004D49143908600846006800F0010000900C
S3150800541000BF00BFC814019002200290002003902C
S31508005420032004900B20059001A94E48FDF760FE65
S315080054304FF4805001900B20059001A94948FDF7CB
S3150800544057FE4348483848490860400548600021E7
S3150800545045488160C1604FF4806101610021416166
S3150800546081614FF48071C161002101624162FDF7DB
S31508005470C7FB08B1FCF7E9FC00BF3B48E06384635F
S3150800548000BF002205213420FEF75CFC3420FEF71D
S3150800549045FC20E23549206888426BD100BF0020D0
S315080054A000902548001F006840F480102249091F13
S315080054B008600846006800F48010009000BF00BF2E
S315080054C000BF002000901C481438006840F0020015
S315080054D01949143908600846006800F0020000906F
S315080054E000BF00BF8815019002200290002003909B
S315080054F0032004900B20059001A91048FDF7F8FD3C
S315080055004FF4007001900B20059001A90B48FDF798
S31508005510EFFD0F48783816490860C0054860002135
S3150800552013488160C1604FF48061016100214161C7
S31508005530816120E000100140443802400004024026
S3150800554040640240A856002000440040000C024077
S31508005550886002400857002000480040685700202D
S31508005560004C0040000002408855002000500040D2
S31508005570E855002018E04FF48071C16100210162EE
S315080055804162FDF73DFB08B1FCF75FFC00BFD3485D
S31508005590E063846300BF002205213520FEF7D2FBB5
S315080055A03520FEF7BBFB96E1CD49206888425FD1DE
S315080055B000BF00200090CB48006840F02000C94991
S315080055C008600846006800F02000009000BF00BF91
S315080055D000BF00200090C3481438006840F004005B
S315080055E0C049143908600846006800F004000090B5
S315080055F000BF00BF402001900220029000200390C7
S31508005600032004900820059001A9B748FDF770FD0E
S31508005610802001900820059001A9B348FDF768FD90
S31508005620B248B3490860800548600021B0488160E7
S31508005630C1604FF4806101610021416181614FF4CD
S315080056408071C161002101624162FDF7D9FA08B192
S31508005650FCF7FBFB00BFA648E063846300BF00229B
S3150800566005214720FEF76EFB4720FEF757FB32E180
S31508005670A0492068884263D100BF0020009099485D
S31508005680001F006840F080409649091F08600846D8
S31508005690006800F08040009000BF00BF00BF0020F7
S315080056A0009090481438006840F010008D4914396D
S315080056B008600846006800F01000009000BF00BFB0
S315080056C0802001900220029000200390032004907D
S315080056D00820059001A98848FDF70AFD4FF4807057
S315080056E001900820059001A98348FDF701FD83482C
S315080056F0834908604FF02060486000218048816037
S31508005700C1604FF4806101610021416181614FF4FC
S315080057108071C161002101624162FDF771FA08B129
S31508005720FCF793FB00BF7648E063846300BF002262
S3150800573005215220FEF706FB5220FEF7EFFACAE0D3
S3150800574070492068884261D100BF002000906548F2
S31508005750001F006840F000406249091F08600846BB
S31508005760006800F00040009000BF00BF00BF0020A6
S3150800577000905C481438006840F010005949143904
S3150800578008600846006800F01000009000BF00BFDF
S315080057900220019002900020039003200490082024
S315080057A0059001A95448FDF7A3FC012001900820A3
S315080057B0059001A95048FDF79BFC504848305249CE
S315080057C008600005486000214F488160C1604FF4B9
S315080057D0806101610021416181614FF48071C1617D
S315080057E0002101624162FDF70BFA08B1FCF72DFBB7
S315080057F000BF4548E063846300BF002205215320AB
S31508005800FEF7A0FA5320FEF789FA64E03F492068BC
S31508005810884260D100BF002000903248006840F0FE
S315080058208000304908600846006800F08000009053
S3150800583000BF00BF00BF002000902A481438006847
S3150800584040F010002749143908600846006800F03F
S315080058501000009000BF00BF0820019002200290AF
S3150800586000200390032004900B20059001A92248EC
S31508005870FDF73EFC042001900B20059001A91E4867
S31508005880FDF736FC19481838214908604FF02060A2
S31508005890486000211E488160C1604FF48061016143
S315080058A00021416181614FF48071C161002101626B
S315080058B04162FDF7A5F908B1FCF7C7FA00BF14481D
S315080058C0E063846300BF002205215920FEF73AFAF7
S315080058D05920FEF723FA06B010BD0000E85500204F
S315080058E0001401404438024000080240286402407F
S315080058F0C857002000780040001002405860024057
S3150800590048560020007C004028580020001C014012
S315080059108858002070B504460D46164694F842008D
S3150800592020280BD105B10EB9012070BD00202063D7
S3150800593032462946204605F0F1FFF6E70220F4E74D
S31508005940704770472DE9F84F04460E4617469946A4
S315080059504FF0000A94F84100202850D106B117B933
S315080059600120BDE8F88F00206064212084F84100FA
S31508005970FDF7C8FC8246A784E784A068B0F5805F77
S3150800598004D1206910B90025B04602E035464FF02B
S3150800599000081EE05346002280212046CDF80090DC
S315080059A006F050F820B1202084F841000320D8E7FB
S315080059B045B9B8F80000C0F308002168486008F146
S315080059C0020803E02878216848606D1CE08C401EB8
S315080059D0E084E08C0028DDD1534600224021204691
S315080059E0CDF8009006F02EF820B1202084F841006A
S315080059F00320B6E7202084F841000020B1E7022002
S31508005A00AFE7704710B504460448007A00B110BDE8
S31508005A1000F0C6F800F05AF900BFF8E7645C002009
S31508005A2010B50446E01F0C2823D2DFE800F006076D
S31508005A3010161C1D1E08090A0B0C00BF00BF00BF6C
S31508005A4000BF00BF00BF204604F0D2FF12E00120CD
S31508005A5009490870094948710CE000200649087090
S31508005A600649487106E000BF00BF2046FCF738F932
S31508005A7000E000BF00BF10BD645C0020545C00203D
S31508005A8010B5044600F056FE10BD10B504461F2C8E
S31508005A903FD00BDCA4F113000C2853D2DFE800F04A
S31508005AA01F20232122242A2B2F303435252C3CD0A5
S31508005AB008DCA4F12000052844D2DFE800F02B2FEB
S31508005AC030313500412C35D004DC262C36D0402C1C
S31508005AD038D12EE0442C08D0452C33D106E000BF3F
S31508005AE000BF00BF00BF00BF00BF00BF204602F0D6
S31508005AF09BFB28E000BF204604F07AFF23E000BFA6
S31508005B002046FCF747FE1EE000BF204600F09AF943
S31508005B1019E000BF204603F0F1F914E000BF00BF0A
S31508005B202046FCF7DDF80EE000BF204605F044FBF2
S31508005B3009E000BF2046FBF783FF04E0204600F09B
S31508005B4095FE00E000BF00BF10BD000010B5054A75
S31508005B5005A10A4801F08EFA1E220021074801F025
S31508005B6093FA10BD055A000848414E444C454B452A
S31508005B70595461736B46756E63000000F05A002035
S31508005B8010B5044605488078A04205D1002003498F
S31508005B908870487004F0CCFA10BD0000645C0020E0
S31508005BA010B544488079012803D142484079052830
S31508005BB000D010BD3F4880780B2803D03D48807838
S31508005BC00C2800D1F5E74FF480613B48FBF710FE3F
S31508005BD000283DD13949087039480078401C3849B1
S31508005BE00870084600780F2800DAE2E700203449F2
S31508005BF008703448007800285AD0002031490870C7
S31508005C002C48C079012806D1062000F0F9F80020B2
S31508005C1000F004F9CDE72748C079022848D125487D
S31508005C208078082805D100202749087000F0F6F882
S31508005C303EE02548007828B901202349087000F07D
S31508005C40EDF835E000202049087000F0E7F82FE06D
S31508005C5000201B49087019480078401C174908702D
S31508005C60084600780A2800DAA3E7012015490870D3
S31508005C701248007837281BDD0E488078062805D19B
S31508005C80FFF77EFF00200D49087011E0094880786B
S31508005C9008280AD10748C079022809D10820FFF741
S31508005CA06FFF00200549087002E0002003490870CC
S31508005CB000BF7EE7645C00200008024083030020E2
S31508005CC082030020840300208503002010B546487F
S31508005CD08079022803D144484079052800D010BDB0
S31508005CE0414880780B2803D03F4880780C2800D19B
S31508005CF0F5E74FF400613D48FBF77AFD00283DD1F2
S31508005D003B4908703B480078401C3A4908700846E9
S31508005D1000780F2800DAE2E700203649087036488E
S31508005D20007800285ED00020334908702E48C079D4
S31508005D30012806D1072000F063F8002000F06EF86D
S31508005D40CDE72948C07902284CD127488078092808
S31508005D5005D100202949087000F060F842E027487C
S31508005D60007828B901202549087000F057F839E06D
S31508005D7000202249087000F051F833E000201D4940
S31508005D8008701B480078401C1949087008460078B6
S31508005D900A2800DAA3E70120174908701448007892
S31508005DA037281FDD10488078072807D1FFF7E8FE57
S31508005DB000200F4908701149087013E00A488078D6
S31508005DC009280CD10848C07902280BD10920FFF709
S31508005DD0D7FE0020064908700849087002E000202E
S31508005DE00349087000BF7AE7645C00200008024097
S31508005DF087030020860300208803002089030020EB
S31508005E0010B50446012004494870084684702046A7
S31508005E1004F08EF910BD0000645C002010B504463D
S31508005E2006484471064804700CB1092000E00A20AF
S31508005E300146022004F0C0F910BD0000545C0020A1
S31508005E40645C002049490978012903D04749497803
S31508005E50012900D170474549897901293FD143492C
S31508005E60097900297FD0062804D01E2803D03228B5
S31508005E7034D101E000BF00BF3D49C9893B4A918240
S31508005E803B49096991613A49898951823849897832
S31508005E90D1713749498911821146498A19B9344954
S31508005EA08988D18110E03149498A012904D13049CC
S31508005EB0C9882E4AD18107E02C49498A022903D18B
S31508005EC02B490989294AD18129494978274A917252
S31508005ED02749097851710221917100BF43E023498E
S31508005EE0897902293FD12149C97800293BD006285A
S31508005EF004D01D2803D0312834D101E000BF00BFEB
S31508005F001C49C989194A91821A490969916119492D
S31508005F108989518217498978D17116494989118227
S31508005F201146498A19B913498988D18110E00F4960
S31508005F30498A012904D10F49C9880C4AD18107E049
S31508005F400A49498A022903D10A490989074AD18196
S31508005F5008494978054A917206490978517102211A
S31508005F60917100BF00BF00BF74E70000645C0020A9
S31508005F70945C0020805C00202DE9F04F91B002214E
S31508005F80C548FBF73DFC08B9012000E00020109049
S31508005F901098002850D1C1490870C1490870C148F5
S31508005FA00078052807D0BF480078062803D0BD48E2
S31508005FB00078072834D1BB480078062805D0002089
S31508005FC0B64948700620B7490870B448407805288D
S31508005FD007D2B2484078401CB049487011B0BDE8B5
S31508005FE0F08F0020AD494870AE490870AE49087078
S31508005FF0012000F035FBAD4800F060FB4821052084
S3150800600004F0DAF805220321012000F05DFB0022E6
S315080060100921012000F058FB012000F091FBDDE783
S3150800602000209E4948709F490870012000F018FB1F
S315080060309E4800F043FBD1E79A48007840B9002013
S315080060409649087048709649087001209549087065
S3150800605094480078012817D190480078052805D279
S315080060608E480078401C8D490870B7E700208B4998
S3150800607008708B49087002208A4908700522022197
S31508006080012000F021FBA9E78648007802280FD1F5
S31508006090834800780A2805D281480078401C804940
S315080060A008709BE700207E49087003207D49087028
S315080060B07C480078032822D1FAF74AFB08A8FAF7A1
S315080060C0EDFD07463A460521012000F0FDFA9FB18D
S315080060D0384600F045FB744908700846007838B120
S315080060E008460178012000F04FFB012000F0EEFA87
S315080060F007206C49087071E704206A4908706948E6
S31508006100007804287ED1FAF723FB1022684920205C
S31508006110FAF73AFC8046B8F1000F0FD12321012087
S3150800612000F032FB23220621012000F0CDFA0120DF
S3150800613000F0CCFA07205B4908704FE75C48007806
S3150800614007905B4840780690DDE9061000F0C4FA2F
S31508006150054665B92321012000F016FB0721012019
S31508006160069A00F0B1FA07204E49087036E7FAF7A2
S31508006170EFFA10224F494020FAF706FC8046B8F19C
S31508006180000F0FD12321012000F0FEFA2322062159
S31508006190012000F099FA012000F098FA07204149F9
S315080061A008701BE7434800780590424840780490F9
S315080061B0DDE9041000F09CFA064666B923210120A1
S315080061C000F0E2FA07210120049A00F07DFA072080
S315080061D03449087002E70221364800F0E9FA824697
S315080061E00421344800F0E4FA83460621314800F0D9
S315080061F0DFFA0390AC7896F802902F48047003985B
S31508006200534600E03CE04A462146CDE900B02B481B
S3150800621000F0FBFA012000F0D3FA30B128484471A7
S3150800622080F80A90012026498871CDF800905A46D0
S3150800623051461E48039B00F005FB01202049C87003
S315080062404621052003F0B8FF0020174908700520ED
S315080062501449087022460821012000F035FA6B68B7
S315080062600120DDE9062100F030FA0398CDE900ABFC
S31508006270029073680120DDE9042100F028FAADE6F2
S3150800628008480078072803D006480078052800D172
S31508006290A4E600BFA2E60000000C02408F0300201F
S315080062A0910300208E03002092030020D45C002076
S315080062B0505B0020605B0020805C0020F05B0020C3
S315080062C0645C00202DE9F04F91B00121C548FBF729
S315080062D097FA08B9012000E00020109010980028CD
S315080062E050D1C1490870C1490870C14800780528CD
S315080062F007D0BF480078062803D0BD48007807288D
S3150800630034D1BB480078062805D00020B649487025
S315080063100620B7490870B4484078052807D2B2481D
S315080063204078401CB049487011B0BDE8F08F002095
S31508006330AD494870AE490870AE490870022000F0B1
S315080063408FF9AD4800F0BAF94921052003F034FF6A
S3150800635005220321022000F0B7F9002209210220B4
S3150800636000F0B2F9022000F0EBF9DDE700209E49C3
S3150800637048709F490870022000F072F99E4800F0A4
S315080063809DF9D1E79A48007840B9002096490870E7
S315080063904870964908700120954908709448007815
S315080063A0012817D190480078052805D28E4800782C
S315080063B0401C8D490870B7E700208B4908708B4947
S315080063C0087002208A49087005220221084600F052
S315080063D07BF9A9E78648007802280FD18348007818
S315080063E00A2805D281480078401C804908709BE736
S315080063F000207E49087003207D4908707C48007893
S31508006400032822D1FAF7A4F908A8FAF74EFC07469A
S315080064103A460521022000F057F99FB1384600F0A8
S315080064209FF9744908700846007838B1084601781B
S31508006430022000F0A9F9022000F048F907206C496B
S31508006440087071E704206A490870694800780428CA
S315080064507ED1FAF77DF9102268492020FAF7A2FAC8
S315080064608046B8F1000F0FD12321022000F08CF9E5
S3150800647023220621022000F027F9022000F026F93F
S3150800648007205B4908704FE75C48007807905B482F
S3150800649040780690DDE9061000F01EF9054665B954
S315080064A02321022000F070F907210220069A00F045
S315080064B00BF907204E49087036E7FAF749F9102212
S315080064C04F494020FAF76EFA8046B8F1000F0FD10F
S315080064D02321022000F058F923220621022000F089
S315080064E0F3F8022000F0F2F80720414908701BE78C
S315080064F0434800780590424840780490DDE9041046
S3150800650000F0F6F8064666B92321022000F03CF9A9
S3150800651007210220049A00F0D7F8072034490870AA
S3150800652002E70221364800F043F98246042134483E
S3150800653000F03EF983460621314800F039F9039008
S31508006540AC7896F802902F4804700398534600E0FA
S315080065503CE04A462146CDE900B02B4800F055F903
S31508006560022000F02DF930B12848447180F80A90CD
S31508006570022026498871CDF800905A4651461E4891
S31508006580039B00F05FF90120204908714721052087
S3150800659003F012FE002017490870052014490870F8
S315080065A022460821022000F08FF86B680220DDE9F8
S315080065B0062100F08AF80398CDE900AB02907368CB
S315080065C00220DDE9042100F082F8ADE608480078EB
S315080065D0072803D006480078052800D1A4E600BF9E
S315080065E0A2E60000000C0240940300209603002057
S315080065F09303002097030020E45C0020705B0020D2
S31508006600805B0020945C0020225C0020645C0020F3
S3150800661010B5054A05A10A4800F02CFD0A220021FA
S31508006620074800F031FD10BD815A000848414E4424
S315080066304C455343414E5461736B46756E63000077
S31508006640205B00200548C07838B90448007920B98D
S31508006650002002494871887288717047645C00207E
S3150800666010B50446012C08D100200949C87009490B
S315080066700870094800F016F807E000200449087178
S3150800668006490870064800F00DF8FFF7DBFF10BD55
S31508006690645C0020805C0020F05B0020945C002095
S315080066A0225C002000B97047002180F82E1080F87F
S315080066B031100172C184C17100BFF4E70021016085
S315080066C041608160C160704770477047704770B518
S315080066D004AC70CC70BD000070B504460D462B4660
S315080066E022460621014800F00FF870BD601E010819
S315080066F070B504460D462B4622460621014800F091
S3150800670003F870BD901E010830B504460D460021F9
S315080067100CE014F83100904207D104EBC100407830
S31508006720984202D104EBC10030BD491CA942F0D3FE
S315080067300020F9E710B5FFF71FFCFFF7C3FD10BDF2
S3150800674010B5044605480078012805D10D212046D4
S3150800675000F01AF8012010BD0020FCE7645C002058
S315080067600146072907D2DFE801F00408090A0B07E2
S315080067700C000020704700BF00BF00BF00BF00BF6D
S3150800678000BF2220F6E7000070B505460C4601203A
S315080067900649487008468470204603F0C9FC22461C
S315080067A00A212846FFF790FF70BD0000645C0020B0
S315080067B00246481C105C535C40EA03207047000000
S315080067C0014601290AD10B48007918B10948807990
S315080067D0012801D1012070470020FCE70548C07850
S315080067E018B104488079022801D10120F3E7002076
S315080067F0F1E70000645C002001460A20B1FBF0F2D4
S31508006800FF2A00D9FF22D0B270472DE9F047044687
S315080068100D4617461E46DDE908890CB9BDE8F0871E
S3150800682084F82E5084F831703046FFF7E5FF207261
S315080068300A20B8FBF0F0E0844846FFF7DDFFE07178
S3150800684000BFEBE730B5039C0525B2FBF5F50560FF
S3150800685041608360C46030BD00BFFEE710B5FAF73B
S315080068603FFD10BD10B501F057FA10BD0021034ACF
S315080068701172262800D000BF70470000645C002013
S31508006880014608684069C0F38020B0B16FF48060A3
S315080068900A68506100200863202081F83D00002026
S315080068A081F83E00086C40F00400086400BF002030
S315080068B081F83C0000BF012070470020FCE700007B
S315080068C02DE9F84304460F4615469946DDE908863C
S315080068D02068006840F480602168086020680068C5
S315080068E040F4807021680860434600224FF0011189
S315080068F02046009600F094F860B12068006800F41D
S315080069008070B0F5807F02D14FF4007020640320B8
S31508006910BDE8F88307F0FE00216808613346424661
S315080069203E49204600F0DBF808B10120F0E700BF39
S3150800693000200090206840690090206880690090D7
S3150800694000BF00BF32464146204600F08AF950B1E2
S31508006950206C042805D12068006840F4007021687E
S3150800696008600120D4E7B9F1010F03D1E8B2216824
S31508006970086117E0C5F307202168086132464146D9
S31508006980204600F06EF950B1206C042805D1206825
S31508006990006840F40070216808600120B8E7E8B292
S315080069A02168086132464146204600F05AF950B13E
S315080069B0206C042805D12068006840F4007021681E
S315080069C008600120A4E72068006840F48070216808
S315080069D00860434600224FF001112046009600F059
S315080069E01FF858B12068006800F48070B0F5807F01
S315080069F002D14FF400702064032089E7F8B240F012
S31508006A00010021680861334642460449204600F0E1
S31508006A1066F808B101207BE7002079E7020001004B
S31508006A202DE9F04104460D4617461E46DDF8188046
S31508006A3038E0701CA8B3FCF765FCA0EB0800B04270
S31508006A4000D876BBC5F3074001280AD120684069FB
S31508006A50A9B20840A9B2884201D101200BE0002062
S31508006A6009E020688069A9B20840A9B2884201D124
S31508006A70012000E00020B84214D100202063202025
S31508006A8084F83D00002084F83E00206C40F0200089
S31508006A90206400BF002084F83C0000BF0120BDE848
S31508006AA0F081FFE7C5F3074001280AD1206840694D
S31508006AB0A9B20840A9B2884201D101200BE0002002
S31508006AC009E020688069A9B20840A9B2884201D1C4
S31508006AD0012000E00020B842ABD00020DFE72DE916
S31508006AE0F04104460D4616461F4658E020684069A0
S31508006AF0C0F38020E8B12068006840F4007021687F
S31508006B0008606FF4806021684861002020632020B7
S31508006B1084F83D00002084F83E00206C40F0040014
S31508006B20206400BF002084F83C0000BF0120BDE8B7
S31508006B30F081701C90B3FCF7E5FBC01BB04200D88F
S31508006B4066BBC5F3074001280AD120684069A9B287
S31508006B500840A9B2884201D101200BE0002009E0D3
S31508006B6020688069A9B20840A9B2884201D10120EB
S31508006B7000E0002090B900202063202084F83D0022
S31508006B80002084F83E00206C40F02000206400BFFE
S31508006B90002084F83C0000BF0120C8E7FFE7C5F3E2
S31508006BA0074001280AD120684069A9B20840A9B25D
S31508006BB0884201D101200BE0002009E020688069A5
S31508006BC0A9B20840A9B2884201D1012000E00020FC
S31508006BD000288BD00020AAE770B504460D46164655
S31508006BE037E020684069C0F30010A0B16FF01000CC
S31508006BF02168486100202063202084F83D00002099
S31508006C0084F83E00206C206400BF002084F83C0015
S31508006C1000BF012070BDFCF775FB801BA84200D899
S31508006C20BDB920684069C0F3801090B90020206380
S31508006C30202084F83D00002084F83E00206C40F0B7
S31508006C402000206400BF002084F83C0000BF01201B
S31508006C50E0E720684069C0F380100028C1D0002012
S31508006C60D8E770B504460D46164625E02046FFF7D8
S31508006C7007FE08B1012070BD681CE8B1FCF742FBAD
S31508006C80801BA84200D8BDB920684069C0F3C0106F
S31508006C9090B900202063202084F83D00002084F865
S31508006CA03E00206C40F02000206400BF002084F8DD
S31508006CB03C0000BF0120DEE720684069C0F3C01031
S31508006CC00028D3D00020D6E770B50446002603F086
S31508006CD091FA2546E11704EB11610912A02202EB8D
S31508006CE04101C8B206F096F800F098F8E11704EBEF
S31508006CF011610912A4EB0121C8B206F08BF800F065
S31508006D008DF803F077FAA12006F084F800F086F8EB
S31508006D10002002F0ABFC064603F08EFA0120FAF7D3
S31508006D20BFFF304670BD70B504460E4603F062FAE2
S31508006D302546E11704EB11610912A02202EB410175
S31508006D40C8B206F067F800F069F8E11704EB1161BC
S31508006D500912A4EB0121C8B206F05CF800F05EF84F
S31508006D60304606F057F800F059F803F065FA0120A6
S31508006D70FAF796FF70BD000010B5002210210E48E4
S31508006D80FAF74EFD002220210B48FAF749FD0A20A2
S31508006D90FAF796FF012210210748FAF741FD0A2063
S31508006DA0FAF78EFF002210210348FAF739FD0A2068
S31508006DB0FAF786FF10BD00000008024010B5012250
S31508006DC020210448FAF72CFD012210210148FAF780
S31508006DD027FD10BD0008024010B5002210210E48FC
S31508006DE0FAF71EFD012220210B48FAF719FD0A20A1
S31508006DF0FAF766FF012210210748FAF711FD0A2063
S31508006E00FAF75EFF002210210348FAF709FD0A2067
S31508006E10FAF756FF10BD00000008024070B50024BE
S31508006E200025012210211048FAF7FAFC0A20FAF781
S31508006E3047FF07E0601CC4B2C82C03DD03F0FCF969
S31508006E40012505E020210848FAF7E2FC0028F1DCD4
S31508006E5000BF002210210448FAF7E2FC0A20FAF7DC
S31508006E602FFF284670BD00000008024070B5044692
S31508006E700D4684B340F27F1141F2154000F00EFC36
S31508006E8040F2F31141F2174000F008FC40F2F51108
S31508006E9041F2184000F002FC40F2E11141F21940BB
S31508006EA000F0FCFB43F2505149F2505000F0DCFB75
S31508006EB0294643F2505000F0B7FB4FF496721E2154
S31508006EC0284603F00DF900F28316314641F21640C2
S31508006ED000F0E4FB28E0FFE74FF4BF7141F21540EC
S31508006EE000F0DCFB4FF4F97141F2174000F0D6FBD5
S31508006EF04FF4FA7141F2184000F0D0FB4FF4F071EC
S31508006F0041F2194000F0CAFB4FF4C0714FF4A1508A
S31508006F1000F0C4FB40F2831141F2164000F0BEFBBC
S31508006F2049F2505000F0CAF970BD00B500F01CF8DF
S31508006F3000BD000010B5064A06A10A4800F09AF8F6
S31508006F404FF496720021074800F09EF810BD000025
S31508006F502B6F0008497764675461736B46756E63D7
S31508006F6000000000A4600020704710B504460B2CF2
S31508006F701AD2DFE804F0190607080911150A0B0CDE
S31508006F800D0000BF00BF00BF00BF00BF00BF00BFAD
S31508006F90204601F049F907E0204604F00DF903E020
S31508006FA02046FEF74FFF00BF00BF10BD2DE9F04198
S31508006FB006460F46154600223946304608F042F87E
S31508006FC0044600F06BF82946204600F0D9F80CB1C3
S31508006FD0012000E0002003460022214603480068FD
S31508006FE000F0E8F82046BDE8F0810000C005002062
S31508006FF02DE9F04104460F4690461D46294620468F
S3150800700000F0BEF842463946204608F065FB0646BB
S3150800701000F044F83346424621460348006800F02B
S31508007020C9F83046BDE8F081C80500202DE9F041D1
S3150800703004460F4690461D462946204600F0A0F80D
S31508007040002342463946204608F030F9064600F045
S3150800705025F83346424621460348006800F0AAF858
S315080070603046BDE8F0810000C405002010B5F9F7E8
S3150800707085FE10BD70B504460D46164632462946AD
S31508007080204605F0CFFF70BD70B504460D4616467E
S3150800709032462946204606F007F870BD10B5144852
S315080070A0007800F0010018B112480068406800B97D
S315080070B010BD1148006818B90F4910A00AF01CFA4B
S315080070C01148006818B9104910A00AF015FA1848AE
S315080070D0006818B9164917A00AF00EFA1E48006883
S315080070E018B91D491DA00AF007FA00BFE0E700001D
S315080070F0C8080020C0080020BC0500204B65726E39
S31508007100656C517565756500C0050020435245419B
S3150800711054452071756575653D3078257820776109
S3150800712069743D257520726573756C743D25750007
S31508007130C405002053454E442071756575653D307C
S3150800714078257820776169743D2575207265737591
S315080071506C743D2575000000C8050020524543564D
S315080071602071756575653D30782578207761697475
S315080071703D257520726573756C743D257500000094
S3150800718070B505460C464DB144B10848007800F084
S31508007190010018B106480068406800B970BD21466C
S315080071A028460AF0B1F800BFF8E70000C808002032
S315080071B0C00800202DE9FC4104460D4616461F4628
S315080071C00E48007800F0010018B10D4800684068C4
S315080071D008B9BDE8FC81FFF761FF0A48006800B1FD
S315080071E004B9F6E72B4622460648CDE9006701684A
S315080071F09B2009F0D5FB00BFEBE70000C80800207C
S31508007200C0080020BC05002038B500240025194810
S31508007210006800B938BD0020009017A3002269460F
S3150800722014480068FFF7E4FE012803D19DF80040E2
S315080072309DF80150062C18D2DFE804F01703070B57
S315080072400F132846FFF791FE10E02846FEF7E8FBE5
S315080072500CE02846FEF719FC08E0284602F047FB32
S3150800726004E0284602F056F800E000BF00BF00BF61
S31508007270D0E70000DC0000204B6579426568697636
S31508007280517565756500000010B50446FFF7BCFF2B
S3150800729010BD000010B504A202211420FFF786FED7
S315080072A00549086010BD00004B6579426568697636
S315080072B05175657565000000DC0000203EB5044682
S315080072C00A4A07CA8DE80700200A8DF80400E0B2CA
S315080072D08DF80500FF208DF8060000208DF80700C0
S315080072E00821684605F0D4FC3EBD0000101F0108C1
S315080072F01CB50446284903C9CDE90001200A8DF8C2
S315080073000400E0B28DF80500FF208DF806008DF820
S3150800731007000821684605F0BBFCB4F5B05F1AD033
S315080073200DDCA4F59050A0F5897048B301282BD040
S31508007330B0F5F87F1BD0B0F5FA7F29D113E06FF4CA
S31508007340B050204458B1012815D0052820D1002076
S31508007350124948701DE000201049887019E0002085
S315080073600E49C87015E000200C49087111E000208C
S315080073700A4908730DE0002008494871887108E039
S3150800738000200649087204E000200449487200E01B
S3150800739000BF00BF1CBD00001C1F0108E65D0020E1
S315080073A0F0B593B007460C4616461D4600201290C7
S315080073B0119010903C2101A8F9F766F989480068F0
S315080073C0009089480088844209D188480078864216
S315080073D005D187480078854201D113B0F0BD8248AF
S315080073E004808248067082480570380A8DF80400C1
S315080073F0F8B28DF80500642094FBF0F0C0B28DF861
S315080074004A000A2094FBF0F00A2190FBF1F201FBF6
S315080074101200C0B28DF849000A2094FBF0F100FB77
S315080074201140C0B28DF848000A2096FBF0F00A21F8
S3150800743090FBF1F201FB1200C0B28DF845000A205C
S3150800744096FBF0F100FB1160C0B28DF84400642091
S3150800745095FBF0F0C0B28DF842000A2095FBF0F0DB
S315080074600A2190FBF1F201FB1200C0B28DF841002F
S315080074700A2095FBF0F100FB1150C0B28DF84000D0
S315080074801F208DF8020044B93EB935B91C220DF10A
S3150800749006012020FAF7B8FA9EE0B9208DF8060012
S315080074A0E6208DF80700B8208DF80800F1208DF841
S315080074B009003A208DF80A0020208DF80B00A62036
S315080074C08DF80C00D5208DF80D009DF8450030305C
S315080074D0C0B28DF80E002E208DF80F009DF84400DE
S315080074E03030C0B28DF81000A1208DF81100A2200E
S315080074F08DF8120020208DF813009DF84A003030D0
S31508007500C0B28DF814009DF849003030C0B28DF82D
S3150800751015009DF848003030C0B28DF816006D2071
S315080075208DF817008DF81800A1208DF81900A220F3
S315080075308DF81A0020208DF81B009DF842000028BF
S315080075401BDD9DF842003030C0B28DF81C009DF856
S3150800755041003030C0B28DF81D009DF84000303033
S31508007560C0B28DF81E00A1208DF81F00E3208DF80B
S31508007570200020208DF821002EE09DF841000028EB
S3150800758017DD9DF841003030C0B28DF81C009DF81B
S3150800759040003030C0B28DF81D00A1208DF81E00C5
S315080075A0E3208DF81F0020208DF820008DF821009B
S315080075B012E09DF840003030C0B28DF81C00A120C2
S315080075C08DF81D00E3208DF81E0020208DF81F0081
S315080075D08DF820008DF821002221684605F058FB19
S315080075E000BFFAE64C1F0108CE050020D005002092
S315080075F0D10500207CB505460C460A4903C9CDE9E4
S315080076000001280A8DF80400E8B28DF80500200A62
S315080076108DF80600E0B28DF807000821684605F0E7
S3150800762037FB7CBD381F01083EB505460C460D4A9A
S3150800763007CA8DE80700280A8DF80400E8B28DF815
S315080076400500200E8DF80600200C8DF80700200A8C
S315080076508DF80800E0B28DF809000A21684605F0A1
S3150800766017FB3EBD401F01083EB505460C460A4AB3
S3150800767007CA8DE80700280A8DF80400E8B28DF8D5
S315080076800500200A8DF80600E0B28DF807000821EB
S31508007690684605F0FDFA3EBD241F01087CB505467F
S315080076A00C46854903C9CDE90001280A8DF804006E
S315080076B0E8B28DF80500200A8DF80600E0B28DF8CC
S315080076C007000821684605F0E3FA41F20651681AF0
S315080076D08D4273D014DCB5F5A85F59D008DCA5F542
S315080076E09050A0F58970002867D0012871D190E0E4
S315080076F06FF4A8502844002854D00128F6D169E030
S31508007700FA280DD0FB281AD0FC286ED0B0F5807F59
S31508007710ECD1B4F5C87F02D1012068494870C8E0A9
S31508007720B4F5AA7F03D101206449887006E040F2C7
S315080077305510844202D1022060498870B9E0B4F538
S31508007740AF7F03D040F26310844203D101205B4926
S31508007750C8701CE040F25F10844203D102205749EA
S31508007760C87014E0B4F5B07F03D103205349C8703C
S315080077700DE040F26110844203D104204F49C870DD
S3150800778005E0B4F5B17F02D105204C49C87090E0F8
S315080077906A2C03D100204949887202E00120474932
S315080077A0887286E0CE2C03D100204449C87202E0D4
S315080077B001204249C8727CE000E017E0B4F5977FE3
S315080077C003D101203D49087102E002203B490871B6
S315080077D06FE06DE0B4F5977F03D101203749087350
S315080077E002E002203549087363E025E0B4F5827F9C
S315080077F003D10220314908720AE040F2051084429A
S3150800780003D103202D49087202E001202B49087292
S315080078104FE0B4F5837F03D10220284948720AE075
S3150800782040F20710844203D103202449487202E03B
S315080078300120224948723CE0B4F5B47F04D1002007
S315080078401E498871487132E040F26910844204D1B9
S3150800785001201A498871487129E0B4F5B57F05D128
S315080078600220164988710120487120E040F26B1009
S31508007870844205D10320114988710120487116E018
S31508007880B4F5B67F05D101200C49887100204871EE
S315080078900DE040F26D10844205D103200749887136
S315080078A00020487103E0002004498871487100E00F
S315080078B000BF00BF7CBD0000301F0108E65D002048
S315080078C03EB50446114A07CA8DE807001048007CF1
S315080078D0A0420AD10F480078002805DD0D48007837
S315080078E0401E0C49087003E03EBD01200949087096
S315080078F00748047400208DF80800E0B28DF80900E6
S315080079000A21684605F0C4F900BFEDE7041F01081F
S3150800791050040020CC05002070B50646034C2515FA
S3150800792029462046FBF7DEFC00BF70BD001002406A
S3150800793010B5054A05A10848FFF79CFBC822002197
S315080079400548FFF7A1FB10BD197900084C454454BA
S3150800795061736B46756E6300905B002010B54B48EB
S31508007960007800287ED04948408A20B1012808D0EE
S31508007970022815D10BE001204549087000204870FF
S315080079800FE00220424908700020487009E00320F1
S315080079903F4908703D48008A4006000E487000E0DE
S315080079A000BF00BF3948807901281FD13748407980
S315080079B00A2816D035484079092812D001203449BA
S315080079C0887032484079062803D03048407905281F
S315080079D003D102202E4948712BE001202C49487119
S315080079E027E003202A498870487122E027488079D1
S315080079F002281ED1254840790A2816D023484079FE
S31508007A00092812D002202249887020484079062881
S31508007A1003D01E484079052803D102201C49487125
S31508007A2007E001201A49487103E0042018498870C4
S31508007A304871164880894FF4206190FBF1F014498B
S31508007A40C870124989890A2291FBF2F0C11700EB26
S31508007A5011610912A0EB01210D4A11710B49888A9F
S31508007A60C11700E00FE000EB1161090A917107499F
S31508007A70888AC11700EB11610912A0EB0121D171A7
S31508007A8000F0CCFA01E000F0FFFA10BD645C0020BB
S31508007A90AE00002010B50446FFF760FF10BD10B514
S31508007AA00446F9F743FDF9F7F7FD10BD08B500BF21
S31508007AB0002000902A48006840F4800028490860A1
S31508007AC00846006800F48000009000BF00BF00BFB1
S31508007AD0002000900846006840F400100860084638
S31508007AE0006800F40010009000BF00BF00220521C6
S31508007AF00B20FCF727F90B20FCF710F900220521CB
S31508007B000C20FCF71FF90C20FCF708F900220521C8
S31508007B100D20FCF717F90D20FCF700F900220521C6
S31508007B200E20FCF70FF90E20FCF7F8F800220521C5
S31508007B301020FCF707F91020FCF7F0F800220521C1
S31508007B403920FCF7FFF83920FCF7E8F80022052170
S31508007B503A20FCF7F7F83A20FCF7E0F808BD0000F1
S31508007B603038024010B5FFF781FA10BD00B587B06E
S31508007B70142102A8F8F788FD00BF002001904548A7
S31508007B80006840F08000434908600846006800F035
S31508007B908000019000BF00BF00BF0020019008468A
S31508007BA0006840F0100008600846006800F0100001
S31508007BB0019000BF00BF00BF002001900846006882
S31508007BC040F0080008600846006800F008000190C8
S31508007BD000BF00BF00BF002001900846006840F0C3
S31508007BE0040008600846006800F00400019000BF21
S31508007BF000BF00BF002001900846006840F0010061
S31508007C0008600846006800F00100019000BF00BF48
S31508007C1000BF002001900846006840F00200086096
S31508007C200846006800F00200019000BF00BF081572
S31508007C3002904FF4041003900120049002A91648FC
S31508007C40FBF756FA022002904FF404100390012025
S31508007C50049002A91148FBF74BFA012002904FF451
S31508007C60041003900120049002A90C48FBF740FA7F
S31508007C70002205210720FCF765F80720FCF74EF8D7
S31508007C80002205212820FCF75DF82820FCF746F895
S31508007C9007B000BD3038024000080240000C024020
S31508007CA010B50B480B4908600B4848600021094885
S31508007CB08160C1604FF480410161002141618161A9
S31508007CC0C1610162FBF74AFB08B1FAF7BEF810BDBD
S31508007CD000580040FC5F0020A086010010B50B4844
S31508007CE00B4908600B484860002109488160C1605B
S31508007CF04FF480410161002141618161C1610162E6
S31508007D00FBF72CFB08B1FAF7A0F810BD005C0040A1
S31508007D1050600020A086010010B5FFF7C1FFFFF7ED
S31508007D20DDFF10BD10B51048104908604CF24F3001
S31508007D30486000210D4881601421C160002101615D
S31508007D4080218161FCF766FC08B1FAF77EF86FF0CE
S31508007D500100064909680861044909680861034879
S31508007D60FCF734FD10BD00000044014070520020AD
S31508007D7010B51048104908604CF24F304860002191
S31508007D800D4881604FF4FA61C160002101618021CC
S31508007D908161FCF73FFC08B1FAF757F86FF001006C
S31508007DA00549096808610449096808610248FCF739
S31508007DB00DFD10BD00200040B85200201CB5002063
S31508007DC0009001901148124908606320486000211C
S31508007DD00F4881604FF6FF71C16080218161FCF711
S31508007DE019FC08B1FAF731F80020009001906946AD
S31508007DF00748FCF7B5FB08B1FAF727F8002004494D
S31508007E00096848620248FCF793FC1CBD0014004050
S31508007E102852002010B50B480B4908604FF4E13092
S31508007E204860002108488160C16001610C214161F8
S31508007E3000218161C161FDF763F808B1FAF705F819
S31508007E4010BD0000001C01404055002010B50C482C
S31508007E500C4908604FF4E130486000210948816008
S31508007E604FF40051C160002101610C2141610021DC
S31508007E708161C161FDF744F808B1F9F7E6FF10BD65
S31508007E80004C00400053002010B50B480B49086011
S31508007E904FF4E1304860002108488160C160016103
S31508007EA00C21416100218161C161FDF729F808B102
S31508007EB0F9F7CBFF10BD00000050004048530020E2
S31508007EC010B50B480B4908604FF4E13048600021B3
S31508007ED008488160C1600161082141610021816112
S31508007EE0C161FDF70DF808B1F9F7AFFF10BD000045
S31508007EF0007800409053002010B50B480B490860E5
S31508007F004FF4E1304860002108488160C160016192
S31508007F100C21416100218161C161FCF7F1FF08B1C3
S31508007F20F9F793FF10BD0000007C0040F8540020CC
S31508007F3010B50B480B4908604FF4E1304860002142
S31508007F4008488160C16001610C214161002181619D
S31508007F50C161FCF7D5FF08B1F9F777FF10BD00003E
S31508007F6000100140D853002010B50B480B49086093
S31508007F704FF4E1304860002108488160C160016122
S31508007F800C21416100218161C161FCF7B9FF08B18B
S31508007F90F9F75BFF10BD00000044004020540020A4
S31508007FA010B50C480C4908604FF4E13048600021D0
S31508007FB0094881604FF40051C160002101610C211C
S31508007FC0416100218161C161FCF79AFF08B1F9F7A7
S31508007FD03CFF10BD004800406854002010B50C480E
S31508007FE00C4908604FF4E130486000210948816077
S31508007FF04FF40051C160002101610C21416100214B
S315080080008161C161FCF77CFF08B1F9F71EFF10BD5D
S3150800801000140140B054002000BFFEE70EB56420EE
S315080080201549C87115A207CA8DE8070012480078D5
S315080080308DF80100104840788DF802000E488078C7
S315080080408DF803000C48C0788DF804000A480079BA
S315080080508DF80500084840798DF8060006488079AD
S315080080608DF807000448C0798DF808000B2168468A
S3150800807004F094FC0EBD0000AE000020AA0000002B
S315080080800000000000BBAA0010B50B21014804F04F
S3150800809085FC10BDA300002010B5054A05A10A48B5
S315080080A0FEF7E8FF032200210748FEF7EDFF10BDA3
S315080080B09F7A00084D4F544F52554152545461739C
S315080080C06B46756E63000000C05B002010B500208B
S315080080D002498870487002F02BF810BD645C0020D5
S315080080E010B504462146032002F066F810BD0000CC
S315080080F010B50446054884700CB1012000E0002044
S3150800810002494870204602F013F810BD645C00204E
S3150800811008B1012100E00021074A117208B10121C6
S3150800812000E00021054A917020B90021024A117029
S31508008130024A917170470000645C0020545C00207C
S315080081400A49497801B170470849097A01B9FAE735
S3150800815008B1012100E00021044A117008B101218B
S3150800816000E00021024A917100BFECE7645C002040
S31508008170545C002000200749087007494871887137
S31508008180C870087105494870488105494870488192
S3150800819070470000645C0020545C0020A85C002046
S315080081A0BE5C002010B50123002219461846F9F7CF
S315080081B0F1FA0323002201210846F9F7EBFA022314
S315080081C0002201210846F9F7E5FA0123002219469B
S315080081D00220F9F7DFFA0323002201210220F9F72A
S315080081E0D9FA0223002201211846F9F7D3FA10BD5D
S315080081F000BFFEE710B5044600F0BEFA10BD000049
S3150800820010B504A204210220FEF7D0FE0549086035
S3150800821010BD000050554D50414D73675175657539
S3150800822065000000E0000020162874D00EDC162831
S3150800823072D2DFE800F0712491ACF07171EFEEEDC7
S31508008240EC7171717171717171EBEA922A2864D0BF
S315080082500CDC272862D004DC172860D018285BD1EC
S31508008260FCE028285CD02928F9D177E02B2870D0A3
S315080082702C286FD044286ED04528F0D14AE2FA4916
S315080082800978491CF84A117011460978062901DD52
S3150800829000211170F549C97919B90021F24A1170FE
S315080082A07047F249C979012906D1EF49097801EBE6
S315080082B04101EE4A51814BE0EC49C979022921D1A5
S315080082C0EA490979012900D1EAE7E749097806293F
S315080082D017D2DFE801F0030405060E1200BF00BF3F
S315080082E000BFE149097801EB81014900DF4A518164
S315080082F007E03221DD4A518100BF4621DB4A518120
S3150800830000BF25E0D949C979032921D1D649097879
S3150800831006291CD205E001E124E200E1B9E0FFE00C
S31508008320B9E0DFE801F003040506070F00BF00BF48
S3150800833000BF00BFCC490978322211FB02F1CB4AB3
S31508008340518104E04FF49671C84A518100BF00BFBD
S3150800835009E2E6E081E099E100BF00BFC349C979B7
S3150800836019B90021C14A51709AE7C049497849B9F3
S315080083700121BE4A51701146C979022906D1012147
S31508008380117103E00021B94A51701171EBE1B84946
S315080083900978491CB64A117011460978052901DD84
S315080083A000211170B349C97919B90021B04A117071
S315080083B051E0B049C979012906D1AD49097801EBDF
S315080083C04101AC4A518146E0AA49C979022923D11B
S315080083D0A7490978062917D2DFE801F0030405063C
S315080083E00E1200BF00BF00BFA149097801EB810149
S315080083F04900A04A518107E032219E4A518100BFB7
S3150800840046219C4A518100BF25E043E040E023E134
S31508008410FEE0EDE0C8E01FE09649C97903291AD1C4
S3150800842093490978062915D2DFE801F00304050601
S31508008430070F00BF00BF00BF00BF8D490978322271
S3150800844011FB02F18B4A518104E04FF49671894A77
S31508008450518100BF00BF86E100BF00BF8549C979C9
S3150800846019B90021834A51701AE78249497849B9EE
S315080084700121804A51701146C979022907D1012183
S31508008480117104E00021794A11717A4A51706AE142
S3150800849000BF00BF00BF7549C979012904D0022968
S315080084A006D0032911D10CE00121704A11820CE093
S315080084B06E490979012900D1F2E605216B4A118234
S315080084C003E01E21694A118200BF00BF132801D0AC
S315080084D0272810D165494989644A128A1144634A92
S315080084E05181114649899289914214DD5F498989EA
S315080084F05E4A51810FE05D4949895C4A128A891AA8
S315080085005A4A518111464989D289914203DA574913
S31508008510C989564A51815549497824E100BF00BFA7
S3150800852000BF5449C979012904D0022906D0032974
S3150800853011D10CE001214F4A11820CE04D4909790D
S31508008540012900D1ACE605214A4A118203E01E2121
S31508008550484A118200BF00BF132801D0272810D12E
S3150800856044494989434A128A1144424A518111466B
S3150800857049899289914214DD3E4989893D4A51814A
S315080085800FE03C4949893B4A128A891A394A51817E
S3150800859011464989D289914203DA3649C989354A49
S315080085A0518134494978DEE03049C97902290DD12B
S315080085B031498979D9B92D490979012902D1002189
S315080085C02A4A11710121294A517010E02949C979AD
S315080085D002290CD12849897949B9264909790129F5
S315080085E002D10021234A11710121224A5170BAE0B1
S315080085F01E49C979022903D100211C4A517006E097
S315080086001C49C979022902D100211A4A5170AAE0E7
S315080086101849C97902290DD117498979D9B915494E
S315080086200979012902D10021124A11710121114A41
S31508008630517010E00D49C97902290CD10E49897982
S3150800864049B90A490979012902D10021074A117154
S315080086500121064A517086E00649C97902290DD1D9
S315080086600021044A517010E000040020A85C002094
S3150800867001040020BE5C0020645C00203B49C979E7
S31508008680022902D10021394A51706CE038498979AA
S3150800869001291DD13549C97902290AD133490979F0
S315080086A0012902D10021314A117101212F4A517045
S315080086B02FE03049C97902292BD12E490979012998
S315080086C002D100212B4A117101212A4A517020E05A
S315080086D02749897902291CD12649C97902290AD14B
S315080086E024490979012902D10021224A117101215F
S315080086F0204A51700DE01D49C979022909D11B4943
S315080087000979012902D10021184A11710121174A54
S31508008710517028E01649897901290FD11349C97979
S31508008720022903D10021114A51701AE01149C97969
S31508008730022916D100210F4A517012E00C49897995
S3150800874002290ED10B49C979022903D10021094A08
S31508008750517006E00549C979022902D10021034A68
S31508008760517000E000BF00BF00BF99E5A85C00207B
S31508008770645C0020BE5C002070B52DED0A8B82B0CB
S315080087800026002400254848006880B147A3002237
S3150800879001A945480068FEF72BFC012806D19DF87B
S315080087A004004649C871BDF80600488100BF434821
S315080087B0407810B94148007910B14048C6794489D3
S315080087C0012E04D0022E11D0032E52D138E00020FB
S315080087D03B4908700F2C00DD0F24C4EBC40000EBE6
S315080087E040004FF6FF7101EA400543E00120344995
S315080087F00870462C00DD4624204609F020F941EC95
S31508008800190B204609F01BF941EC1C0B9FED2D0BAB
S3150800881053EC102B09F026F941EC1B0B9FED2B0BA3
S3150800882053EC102B09F036F841EC1A0B53EC192BC4
S3150800883009F018F941EC180B09F0D4F885B219E0DB
S3150800884001201F490870B4F5967F01DD4FF4967430
S31508008850204609F0F4F841EC190B9FED1E0B53EC7A
S31508008860102B09F0FFF841EC180B09F0BBF885B29C
S3150800887000E000BF00BF1148007960B10F49488881
S31508008880411C0E4A5180642805DD0025002011464A
S315080088900871487048800A480178284600F02CFE7E
S315080088A002B0BDEC0A8B70BDE000002050554D505B
S315080088B0414D73675175657565000000A85C002019
S315080088C0E40000207B14AE47E17A943FCDCCCCCCB3
S315080088D0CCCC0040D7A3703D0AD7E33F10B5044679
S315080088E000F016F810BD000010B504A204210220FD
S315080088F0FEF75CFB0549086010BD000050554D5059
S31508008900424D73675175657565000000E8000020E3
S3150800891070B52DED0A8B82B0002600240025484844
S31508008920006880B147A3002201A945480068FEF700
S315080089305FFB012806D19DF804004649C871BDF8B9
S315080089400600488100BF4348407810B9414800797D
S3150800895010B14048C6794489012E04D0022E11D0A0
S31508008960032E52D138E001203B4908700F2C00DD58
S315080089700F24C4EBC40000EB40004FF6FF7101EA78
S31508008980400543E0002034490870462C00DD4624A3
S31508008990204609F054F841EC190B204609F04FF827
S315080089A041EC1C0B9FED2D0B53EC102B09F05AF8DC
S315080089B041EC1B0B9FED2B0B53EC102B08F06AFFB9
S315080089C041EC1A0B53EC192B09F04CF841EC180B37
S315080089D009F008F885B219E000201F490870B4F5B7
S315080089E0967F01DD4FF49674204609F028F841EC8D
S315080089F0190B9FED1E0B53EC102B09F033F841ECC5
S31508008A00180B08F0EFFF85B200E000BF00BF114861
S31508008A10007960B10F494888411C0E4A5180642884
S31508008A2005DD0025002011460871487048800A486F
S31508008A300178284600F088FD02B0BDEC0A8B70BDAF
S31508008A40E800002050554D50424D736751756575C5
S31508008A5065000000BE5C0020EC0000207B14AE47D9
S31508008A60E17A943FCDCCCCCCCCCC0040D7A3703D9A
S31508008A700AD7E33F70B5CCB000260025002498211C
S31508008A8026A8F7F701FE98216846F7F7FDFD26A800
S31508008A9004F032F805460A2D01DA4CB070BD002400
S31508008AA0C1E126A8005DFE2874D126A9601C085CD1
S31508008AB0EF28F9D108190A226946F8F779FF08213B
S31508008AC06846F8F783FF06469DF809009DF80810E2
S31508008AD000EB0120B042E7D19DF80200B6285AD132
S31508008AE09DF80300C12856D19DF80400012807D136
S31508008AF09DF80500012803D10020CE49887512E0AB
S31508008B009DF80400012803D19DF805000A2807D01E
S31508008B109DF80400012806D19DF805000B2802D10E
S31508008B200120C4498875C348807D012821D19DF854
S31508008B30040001280CD19DF805000A2808D19DF8E3
S31508008B4007009DF8061000EB0120BA4908805BE192
S31508008B509DF804000128FAD19DF805000B28F6D1E6
S31508008B609DF807009DF8061000EB0120B149C88062
S31508008B704AE19DF804000128E9D19DF8050001287D
S31508008B80E5D19DF807009DF8061000EB0120A949DC
S31508008B90088039E145E19DF80200D0287ED19DF88C
S31508008BA00300B4287AD1A348807D012863D19DF8B3
S31508008BB00400B5280CD19DF80500CD2808D19DF8EC
S31508008BC007009DF8061000EB01209A4948810FE03E
S31508008BD09DF80400B6280BD19DF80500CD2807D1CD
S31508008BE09DF807009DF8061000EB01209149888141
S31508008BF09DF80400B8280CD19DF80500DF2808D197
S31508008C009DF807009DF8061000EB01208949C881E8
S31508008C100FE09DF80400B9280BD19DF80500DF2860
S31508008C2007D19DF807009DF8061000EB0120814941
S31508008C3008829DF80400B2280CD19DF80500EE289C
S31508008C4008D19DF807009DF8061000EB0120794928
S31508008C504882D9E09DF80400B32889D19DF805001B
S31508008C60EE2885D19DF807009DF8061000EB012037
S31508008C7070498882C8E06F48807D002889D19DF8B0
S31508008C800400B52810D19DF80500CD280CD19DF813
S31508008C9007009DF8061000EB012000E028E0654972
S31508008CA048800846408848819DF80400B8280ED1B7
S31508008CB09DF80500DF280AD19DF807009DF80610E3
S31508008CC000EB01205B49888008468088C8819DF8AA
S31508008CD00400B2280BD19DF80500EE2807D19DF8AF
S31508008CE007009DF8061000EB0120524948828BE0E8
S31508008CF0514890F8380090BB9DF80200BB283DD13A
S31508008D009DF80300AA2839D19DF80400CC2835D14E
S31508008D109DF80500DD2831D19DF807000A2816D0F0
S31508008D2004DC032807D0052826D108E00B2817D02D
S31508008D300C2821D11CE001203E4908771DE00220BD
S31508008D403C49087755203C4981F8530015E0032033
S31508008D50384908775620384981F853000DE00DE068
S31508008D600420344908775720334981F8530004E032
S31508008D7005203049087700E000BF45E02E4890F806
S31508008D80380090BB9DF80200BB283DD19DF8030032
S31508008D90AA2839D19DF80400CC2835D19DF80500BC
S31508008DA0022831D19DF807000A2816D004DC0328CA
S31508008DB007D0052826D108E00B2817D00C2821D182
S31508008DC01CE001201B4908771DE002201949087795
S31508008DD05520194981F8530015E0032015490877ED
S31508008DE05620154981F853000DE00DE0042011497D
S31508008DF008775720104981F8530004E005200D49EB
S31508008E00087700E000BF00BF00200A494876012025
S31508008E1008760F2269460020F8F7F6FD04F10900E6
S31508008E2084B2601C84B2A5F10900A0423FF739AEAE
S31508008E3000BF32E6C85D00206404002010B5082192
S31508008E40014803F0A9FE10BDC803002010B508218B
S31508008E50014803F0A1FE10BDD003002010B508217B
S31508008E60014803F099FE10BDD803002010B508216B
S31508008E70014803F091FE10BDE003002010B508215B
S31508008E80014803F089FE10BDE803002010B508214B
S31508008E90014803F081FE10BDF003002010B508213B
S31508008EA0014803F079FE10BD9803002010B508218B
S31508008EB0014803F071FE10BDB003002010B508216B
S31508008EC0014803F069FE10BDA003002010B5082173
S31508008ED0014803F061FE10BDB803002010B5082153
S31508008EE0014803F059FE10BDA803002010B508215B
S31508008EF0014803F051FE10BDC0030020514909780E
S31508008F00012903D04F494978012900D170471F2804
S31508008F1007D0202854D0332802D034284FD150E027
S31508008F2000BF48498979012922D1474A5170454AE3
S31508008F309172454949891182434989895182114665
S31508008F40498A19B940498988D18138E03D49498A11
S31508008F50012904D13C49C9883A4AD1812FE03949C7
S31508008F60498A02292BD138490989364AD18126E00E
S31508008F7034498979022922D10121344A5170314A6A
S31508008F80917232494989118230498989518211463B
S31508008F90498A19B92D498988D18110E02949498A10
S31508008FA0012904D12949C988264AD18107E02549DA
S31508008FB0498A022903D125490989224AD1813DE0F6
S31508008FC000BF20498979012919D11F4A51701D4AC4
S31508008FD091721D49498911821B4989895182114615
S31508008FE0498A19B918498988D18126E01549498AD3
S31508008FF0012922D11449C988124AD1811DE0114993
S315080090008979022919D10121104A51700D4A9172A4
S315080090100E49498911820D49898951821146498A21
S3150800902019B90A498988D18107E00649498A012977
S3150800903003D10649C988034AD18100BF00BF00BFD2
S3150800904064E70000645C0020805C0020945C0020DB
S31508009050462806D0472869D048287DD0492864D1B3
S315080090600AE1A64991F82E10A54A1170A54A517130
S315080090701146497905290FD10121A34A9170A149C1
S31508009080C979032908D09F49C979012904D0022141
S315080090909C4AD1719A4A91709849098D984AD1810A
S315080090A0984A91829549497A954A1161954A9161FA
S315080090B0924991F82F10924A9181924A51828F498A
S315080090C089798F4A51818F4A11821146498A41B955
S315080090D08A49C98A8A4A918011468988894AD181EA
S315080090E018E08849498A012908D18449098B844AA4
S315080090F0D1801146C988834AD1810BE08149498AC2
S31508009100022907D17D49498B7D4A11811146098972
S315080091107C4AD181794991F83110794A5170794A56
S3150800912091721146097901219171E4E0774991F824
S315080091302E10774A1170734A5171114649790529DB
S3150800914011D10121704A91706E49C97903290AD053
S315080091506C49C979012900E04FE004D00221694A27
S31508009160D1716B4A91706949098D694AD181654AFD
S3150800917091826649497A664A1161624A91616349F0
S3150800918091F82F10624A91815E4A51825F49897926
S315080091905F4A51815B4A11821146498A41B95B4946
S315080091A0C98A5B4A918011468988564AD18118E056
S315080091B05449498A012908D15449098B544AD1800E
S315080091C01146C9884F4AD1810BE04E49498A02297E
S315080091D007D14E49498B4E4A118111460989494A98
S315080091E0D1814A4991F83110494A5170454A9172DC
S315080091F01146C978022191717DE00021414AD1705A
S315080092001146097981B34249C98991824049096958
S3150800921091613F49898951823D494989118211469F
S31508009220498A19B93A498988D18110E03549498A64
S31508009230012904D13649C988324AD18107E0314922
S31508009240498A022903D1324909892E4AD1813049EE
S3150800925049782C4A91722E498978D1712C49097816
S3150800926051710221917106E0FFE70021254A11702C
S315080092705171917291713EE00021224A1171114695
S31508009280C97881B31E49C98991821D4909699161C5
S315080092901B49898951821A49498911821146498A85
S315080092A019B917498988D18110E01649498A0129CF
S315080092B004D11349C988134AD18107E01149498A5B
S315080092C0022903D10E4909890E4AD1810C494978E8
S315080092D00C4A91720A498978D171094909785171FC
S315080092E00121917106E0FFE70021064A11705171CC
S315080092F09172917100BF00BF70470000F05B0020BB
S31508009300805C0020645C0020545C0020225C002005
S31508009310945C002010B50446462C06D0472C05D090
S31508009320482C04D0492C07D102E000BF00BF00BF7B
S315080093302046FFF78DFE00BF00BF10BD10B5042004
S31508009340FEF7BEFA0021084605F022FA00210120A0
S3150800935003F0CFFE0021084603F0EAFE0021084686
S31508009360FDF784FD002003F0B6FE002000F0CCFED9
S3150800937010BD2DE9F04106460D4614460027022D7C
S315080093803DD104B992E0002C03DD052C01DC012750
S315080093908CE0052C03DD0A2C01DC022786E00A2C6A
S315080093A003DD0F2C01DC032780E00F2C03DD142CD2
S315080093B001DC04277AE0142C03DD192C01DC0527CF
S315080093C074E0192C03DD1E2C01DC06276EE01E2C2A
S315080093D003DD282C01DC072768E0282C03DD322C66
S315080093E001DC082762E0322C03DD3C2C01DC09276E
S315080093F05CE03C2C5ADD462C58DC0A2756E0012D49
S3150800940011D1082C01D1072750E00A2C01D10827D1
S315080094104CE00C2C01D1092748E00F2C01D10A2772
S3150800942044E0E7B242E0032D40D10CB900273DE005
S31508009430002C03DD1E2C01DC012737E01E2C03DD82
S315080094403C2C01DC022731E03C2C03DD5A2C01DCE4
S3150800945003272BE05A2C03DD782C01DC042725E0B2
S31508009460782C03DD962C01DC05271FE0962C03DDFE
S31508009470B42C01DC062719E0B42C03DDD22C01DC60
S31508009480072713E0D22C03DDF02C01DC08270DE0BA
S31508009490F02C04DDB4F5877F01DC092706E0B4F576
S315080094A0877F03DDB4F5967F00DC0A27012E06D1F7
S315080094B007F2E71141F20260FEF7F0F807E0022E24
S315080094C005D107F2831141F21640FEF7E7F8BDE829
S315080094D0F08138B5044600BF06F034FB00904FF41F
S315080094E07A7060434FF47A71B0FBF1F52946684605
S315080094F005F046FB00BF38BD7CB504460D4610A1F5
S3150800950003C9CDE90001AA208DF800001DB100208D
S315080095108DF8010002E001208DF80100200A8DF87F
S315080095200200E0B28DF80300BB208DF80400AA20E3
S315080095308DF805000621684603F046FB7CBD000051
S31508009540AA000000000000007CB504460D4610A1E4
S3150800955003C9CDE90001AA208DF800001DB100203D
S315080095608DF8010002E001208DF80100200A8DF82F
S315080095700200E0B28DF80300BB208DF80400AA2093
S315080095808DF805000621684603F098FB7CBD0000AF
S31508009590AA000000000000001CB504461B4800781D
S315080095A0A04231D034B14FF6E07149F23350FEF79C
S315080095B021F805E04FF6FF7149F23350FEF71AF825
S315080095C013A103C9CDE90001AA208DF800000120E6
S315080095D08DF80100200A8DF80200E0B28DF803002C
S315080095E0BB208DF80400AA208DF8050006216846E0
S315080095F003F0EAFA0A20FFF76CFF0621684603F033
S31508009600E3FA02490C7000BF1CBD000038040020B4
S31508009610AA0000000000000010B504A202210420E0
S31508009620FDF7C4FC0549086010BD000052464944D0
S315080096304D7367517565756500000000740100205B
S3150800964070B503460025002400BF04E01019185C15
S315080096500544601C84B28C42F8DB8818185CEEB2AC
S31508009660B04201D1012070BD0020FCE770B5054667
S31508009670002400261EE06006040E0022102113486E
S31508009680F8F7CEF80A20F8F71BFB012210210F483D
S31508009690F8F7C6F80520F8F713FB20210B48F8F76A
S315080096A0B7F8002801DD601CC4B20520F8F708FBEE
S315080096B0701CC6B2082EDEDB012D02D1FDF75CFB5D
S315080096C001E0FDF789FB204670BD00000008024056
S315080096D02DE9F04705460F4690464FF0000900264B
S315080096E00024A246B8F1000F04D100207A49087078
S315080096F0BDE8F087E1E0B9F1000F09D0B9F1010F33
S3150800970018D0B9F1020F3BD0B9F1030F11D152E0CD
S31508009710A85DBB280BD1B01C322808DA701C285C5F
S31508009720012804D1F4B28146B01C86B201E0701C4F
S3150800973086B2C1E0322E20DAA85D7E281DD1221D10
S31508009740322A04DB4FF00009721C96B2B4E0221DDF
S31508009750A85CA21D964204DC4FF00009721C96B262
S31508009760AAE0321B921FD1B2884202D14FF00209F9
S3150800977002E04FF00009661C01E0701C86B29BE00F
S31508009780201D285C2044001D322803DB4FF0000909
S31508009790661C91E0601CC2B2201D285C001DC1B287
S315080097A02846FFF74DFF10B14FF0030902E04FF0CE
S315080097B00009661C80E0A01C15F800A00D303228B0
S315080097C002DB4FF0000977E0BAF1390F0AD0BAF197
S315080097D0490F06D0BAF1EE0F4CD0BAF1FF0F55D1AA
S315080097E03AE061E004F10A0032282CD200203A4916
S315080097F0087004F10F00295C401E285C41EA00202D
S31508009800364931F81710884203D1642000F0B2FCBB
S3150800981019E0642000F0AEFC04F10F00295C401E3C
S31508009820285C41EA00202D4921F8170007EB47007C
S3150800983000EBC7002A49084429190A6802604A68E1
S31508009840426009890181022007EB470101EBC70144
S31508009850234A1144887227E0032007EB470101EBEE
S31508009860C7011F4A114488721B480078401C1A49D0
S31508009870087019E0002018490870CC2007EB47014A
S3150800988001EBC701164A114488720DE012480078A8
S31508009890401C11490870002007EB470101EBC7017E
S315080098A00F4A1144887200BF00BF201D285C20445F
S315080098B0861D4FF0000900BF00BF322EFFF61BAF12
S315080098C0054800780A2805DD0020044921F8170014
S315080098D00149087000BF0BE77B010020F00000205B
S315080098E0485A002010B5044600F036FA10BD10B5E7
S315080098F00446A4F1270023284ED2DFE800F012130D
S31508009900161415171B1C2021252631323637383CEC
S315080099103D4142434445494D4D4D4D4D4D2A2B2C15
S315080099202D0000BF00BF00BF00BF00BF2046FEF7E6
S315080099307BFC32E000BF204601F05AF82DE000BF5C
S315080099402046F8F727FF28E000BF2046FCF77AFAFA
S3150800995023E000BF00BF00BF2046FFF779FB1CE0ED
S3150800996000BF2046FFF7CAFA17E000BF00BF20462F
S31508009970F8F7B6F911E000BF204601F01DFC0CE02F
S3150800998000BF00BF00BF00BF2046F8F759F804E043
S315080099902046FCF76BFF00E000BF00BF10BD0000CB
S315080099A02DE9F04704460E4617469846DDF82090FE
S315080099B000BF2448007808B903F062FA00BF2148BE
S315080099C04069A04239D9EFF311810846202181F375
S315080099D0118800BF00BF0CB304EB4402194960317B
S315080099E041F8326004EB440201EBC2014F6004EB1C
S315080099F044021449603101EBC201C1F80880002213
S31508009A0004EB44030F49603101EBC3010A6104EB1F
S31508009A1044030C49603101EBC301CA6004EB4402FC
S31508009A200849603101EBC201C1F81490C1B281F353
S31508009A30118800BF00BF002501E04FF0FF3528461A
S31508009A40BDE8F087F46400202DE9F04704460E4689
S31508009A5017469846DDF8209000BF2448007808B9D4
S31508009A6003F00EFA00BF21480069A04239D9EFF386
S31508009A7011810846202181F3118800BF00BF0CB36D
S31508009A8004EB44021949183141F8326004EB4402E8
S31508009A9001EBC2014F6004EB44021449183101EB93
S31508009AA0C201C1F80880002204EB44030F491831AB
S31508009AB001EBC3010A6104EB44030C49183101EBBD
S31508009AC0C301CA6004EB44020849183101EBC2011C
S31508009AD0C1F81490C1B281F3118800BF00BF0025F8
S31508009AE001E04FF0FF352846BDE8F087F464002012
S31508009AF02DE9F04104460D461646EFF311808046DF
S31508009B00202080F3118800BF00BF32462946204630
S31508009B1000F00AF8074608F0FF0080F3118800BF36
S31508009B2000BF3846BDE8F0812DE9F74F8346174652
S31508009B3000BF2248007808B903F0A2F900BF0BEB72
S31508009B404B011E48603000EBC106DDF8049035690C
S31508009B50D6F80CA04FF00008554515D9B068441B37
S31508009B60BC4201D2204600E03846044670684119D6
S31508009B7022464846F6F7E7FCA044A1443F1B254485
S31508009B80B068A84200D10025AAEB0504BC4201D260
S31508009B90204600E0384604464CB170684119224612
S31508009BA04846F6F7D0FCA044A1443F1B2544B8F12B
S31508009BB0000F00D035614046BDE8FE8FF4640020F2
S31508009BC02DE9F04104460D46164600BF0D480078BB
S31508009BD008B903F055F900BFEFF3118007462020B6
S31508009BE080F3118800BF00BF32462946204600F0A0
S31508009BF00BF88046F8B280F3118800BF00BF4046D4
S31508009C00BDE8F081F46400202DE9F0470746884650
S31508009C101646C24607EB47011B4800EBC109D9F8AF
S31508009C20140020B1012811D0022826D11EE048468A
S31508009C3003F05CF90546B54201D2002405E0344636
S31508009C4032465146484603F098F918E0484603F06C
S31508009C504DF90546B54201D2284600E0304604468D
S31508009C6022465146484603F088F908E032465146EE
S31508009C70484603F049F9044601E0002400BF00BF46
S31508009C802046BDE8F08700000C65002001460868FC
S31508009C90704770B5044600252C2C55D2DFE804F031
S31508009CA0541617191A1C1E20222426282A2C2E3050
S31508009CB032343654383A3C3E40424446484A545474
S31508009CC054545454545454544C4E505200BF2D2599
S31508009CD03BE000BF2E2538E02A2536E02B2534E068
S31508009CE0272532E0282530E02F252EE030252CE0E8
S31508009CF02C252AE0292528E0352526E0362524E0E6
S31508009D00372522E03A2520E03B251EE03C251CE0CD
S31508009D1034251AE0332518E0382516E0392514E0ED
S31508009D20312512E0322510E048250EE049250CE0E1
S31508009D3046250AE0472508E03E2506E03D2504E0DD
S31508009D403E2502E03F2500E000BF00BF1DB12946C1
S31508009D50042000F031FA70BDF0B5ABB0002600273C
S31508009D6000240025982105A8F6F78EFC002001900E
S31508009D7002900390049005A802F03AFFC6B2092E95
S31508009D8001DA2BB0F0BD3746002482E105A8005D54
S31508009D905A286ED105A9601C085CA528F9D1E01CD3
S31508009DA0085C8328F5D1A01C085CC01CC5B2AF426C
S31508009DB000DA73E105A908192A4601A9F7F7F8FD9B
S31508009DC09DF80800522871D006DC20280BD02428DC
S31508009DD01CD051286BD111E1532869D0542868D07A
S31508009DE05528F7D136E19DF8090001280DD1AD486F
S31508009DF00078401CC0B2AB490870052805DB002076
S31508009E0008701520A84981F8530035E19DF8090026
S31508009E10072878D007DC68B101281DD005283CD072
S31508009E20062868D155E008287AD0092879D020284C
S31508009E30F7D1B4E09DF80C00012802D0022808D119
S31508009E4003E01820FFF725FF04E01920FFF721FF9C
S31508009E5000E000BF00BFCFE09DF80C00062819D22D
S31508009E60DFE800F01803080C10141520FFF711FF9F
S31508009E7011E00CE11420FFF70CFF0CE01620FFF7A9
S31508009E8008FF08E01720FFF704FF04E02420FFF787
S31508009E9000FF00E000BF00BFAEE09DF80C000128FF
S31508009EA008D002280AD0032810D10BE0AAE0E2E085
S31508009EB0ACE0BDE00720FFF7ECFE08E00820FFF75E
S31508009EC0E8FE04E00C20FFF7E4FE00E000BF00BF58
S31508009ED092E09DF80C00012804D0022806D0032839
S31508009EE00ED109E00D20FFF7D4FE0AE00F20FFF798
S31508009EF0D0FE06E007E07EE00E20FFF7CAFE00E08F
S31508009F0000BF00BF78E09DF80C0006281AD2DFE8EB
S31508009F1000F01903090D11151020FFF7BAFE12E01B
S31508009F2013E024E01120FFF7B4FE0CE01220FFF73F
S31508009F30B0FE08E02820FFF7ACFE04E02B20FFF770
S31508009F40A8FE00E000BF00BF56E09DF80C000128FF
S31508009F5002D0022808D103E00A20FFF79AFE04E09F
S31508009F600920FFF796FE00E000BF00BF44E09DF819
S31508009F700C00012804D0022806D003280CD107E0DB
S31508009F800520FFF786FE08E00620FFF782FE04E0BC
S31508009F900B20FFF77EFE00E000BF00BF2CE09DF817
S31508009FA00C00092824D2DFE800F023050A0F142341
S31508009FB023191E000F203C4981F8530019E0102090
S31508009FC0394981F8530014E05020374981F8530085
S31508009FD00FE05120344981F853000AE052203249F3
S31508009FE081F8530005E053202F4981F8530000E01B
S31508009FF000BF00BF00E000BF00BF3DE000BF00BFDC
S3150800A00000BF39E000BF00BF00BF35E09DF809007A
S3150800A010102802D0502808D103E00220FFF739FEA5
S3150800A02004E00420FFF735FE00E000BF00BF23E090
S3150800A0309DF80900102802D0502808D103E0012015
S3150800A040FFF727FE04E00320FFF723FE00E000BF2A
S3150800A05000BF11E09DF80900102802D0302808D169
S3150800A06003E02920FFF715FE03E02A20FFF711FE7B
S3150800A07000BF00BF00E000BF00BF0F2201A90020FB
S3150800A080F7F7C2FC681E2044C4B2781BC7B2601C2E
S3150800A090C4B2A6F10800A0423FF778AE00BF00BFE1
S3150800A0A06FE600004E0400206404002010B5054A3F
S3150800A0B005A10A48FCF7DEFF1E2200210748FCF727
S3150800A0C0E3FF10BDE598000853435245454E4B45FE
S3150800A0D0595461736B46756E63000000345D002049
S3150800A0E010B5034600240BB9002010BD5818401EB1
S3150800A0F0B0FBF1F0C4B20A2C00D90A24934200DD61
S3150800A1000A242046F1E7000010B5044624B941F2B6
S3150800A1100760FDF7EDF808E00E2C06D2034830F884
S3150800A120141041F20760FDF7B9FA10BDE61E0108E2
S3150800A13038B504460A48006800B938BD02208DF8CB
S3150800A140000000208DF801008DF8024005A30022CA
S3150800A150694603480068FCF769FF00BFEDE70000A1
S3150800A1609C000020426565704D736751756575657D
S3150800A1700000000038B504460A48006800B938BD32
S3150800A18001208DF800008DF8014000208DF80200AE
S3150800A19005A30022694603480068FCF747FF00BF8D
S3150800A1A0EDE700009C000020426565704D7367511D
S3150800A1B0756575650000000038B505460C46084803
S3150800A1C0006800B938BD8DF800508DF8014005A328
S3150800A1D00022694602480068FCF728FF00BFF1E73D
S3150800A1E0DC0000204B6579426568697651756575AE
S3150800A1F06500000010B5012220210E48F7F710FB74
S3150800A200012210210B48F7F70BFB0A20F7F758FD38
S3150800A210002220210748F7F703FB0A20F7F750FD2D
S3150800A220002210210348F7F7FBFA0A20F7F748FD42
S3150800A23010BD00000008024010B5002210210E488B
S3150800A240F7F7EEFA002220210B48F7F7E9FA0A2079
S3150800A250F7F736FD012210210748F7F7E1FA0A2039
S3150800A260F7F72EFD012220210348F7F7D9FA0A202D
S3150800A270F7F726FD10BD0000000802402DE9F04161
S3150800A28092B080461D48007810B912B0BDE8F0813A
S3150800A29000242EE053206043194901EB800600256F
S3150800A2A0E7B219E000231A4611A9B06904F0FEFFC7
S3150800A2B0012804D0D6F83801401CC6F838013846BB
S3150800A2C000F062FB40B1402D06D29DF84420284696
S3150800A2D0691C8DB201A90A5411A9384600F0D5FAAD
S3150800A2E00028DFD125B12A4601A9384600F062FBCD
S3150800A2F0641C022CCED300BFC7E7000070080020FC
S3150800A300D405002010B500F06DF80948007800B1B2
S3150800A31010BD084A08A10C48FCF7ACFE64220021CF
S3150800A3200948FCF7B1FE01200149087000BFEFE7B4
S3150800A330710800207DA2000853696D556172745436
S3150800A34061736B46756E6300D460002070B506466F
S3150800A3502148007800B970BD20488089B04201D1F3
S3150800A360002507E01D48B0F85801B04201D1012583
S3150800A37000E0F0E7284600F021F904461CB1204623
S3150800A38000F072FA00B1E6E715480078FF280ED10A
S3150800A3901348057001201249487000208870C8705B
S3150800A3A0284600F0BFF8E08A00F0C2FAD3E70C4866
S3150800A3B00078A8420DD0D4F84001401CC4F84001EA
S3150800A3C094F8480128B9284600F0ACF8012084F82A
S3150800A3D0480100BFBFE7000070080020D405002030
S3150800A3E06C08002038B53848007800B138BD00BF81
S3150800A3F0002000903548006840F010003349086096
S3150800A4000846006800F01000009000BF00BF00F08A
S3150800A41077F900F027F900253CE0532068432C49DA
S3150800A42001EB8004F43454F8E40C2A49B1FBF0F04B
S3150800A43024F8E00C34F8E00C400824F8DE0C002080
S3150800A44020876087A08720646064A064E064206534
S3150800A45084F85400F43C04F11C0304F16C02012155
S3150800A4600090802004F03DFEA061A06908B101209B
S3150800A47000E0002050B900BF502080F31188BFF3D8
S3150800A4804F8FBFF36F8F00BF00BFFEE7E8B200F043
S3150800A490B9F86D1C022DC0D3002205210A20F9F750
S3150800A4A051FC0A20F9F73AFC002205211720F9F792
S3150800A4B049FC1720F9F732FC00F0DDF901200249C2
S3150800A4C0087000BF92E7000070080020303802408C
S3150800A4D0D405002040420F0010B50C48007800B99A
S3150800A4E010BD0B48006800F0010000B9F8E70848FD
S3150800A4F0001D006800F0010000B9F1E700200449DA
S3150800A500091D086000F04EF900BFE9E77008002051
S3150800A5100C480140014609B1012901D101207047C3
S3150800A5200020FCE770B50546284600F047F80446C3
S3150800A53004B970BD05480068A189884303490860C5
S3150800A540A08902491431086000BFF2E7003C0140C7
S3150800A55070B50546284600F031F8044604B970BDC2
S3150800A560A08907490860064814380068A189084385
S3150800A570034914390860002084F8480100BFEEE753
S3150800A580143C014070B504460B4805782846FFF789
S3150800A590C1FF28B124B10848C178284600F09FF9C0
S3150800A5A000F0E2F9FF20044908700020487088701E
S3150800A5B0C87000F060F970BD6C08002010B504463C
S3150800A5C02046FFF7A7FF08B9002010BD53206043B7
S3150800A5D0014901EB8000F8E7D405002030B587B0C3
S3150800A5E00020019001A902A8F9F7C0FC069D1DB933
S3150800A5F0F9F7F4FC044602E0F9F7F0FC44002046BB
S3150800A60007B030BD30B585B0054614216846F6F763
S3150800A6103BF82846FFF7D2FF04460CB905B030BD13
S3150800A620A0880090012001900290022003906946BC
S3150800A6302068F8F75DFDA08900904FF4041001909A
S3150800A640012002906946A068F8F752FD01212046CC
S3150800A65000F0C4F9A0890249086000BFDEE70000DF
S3150800A660143C014038B52248007800B138BD00BF17
S3150800A670002000901F48006840F480201D490860AB
S3150800A6800846006800F48020009000BF00BFFFF76E
S3150800A690A5FF1949B0FBF1F404B9012400201749B4
S3150800A6A00860601E80B21549283108604FF6FF70B1
S3150800A6B0091D086000201149243108600F4910312E
S3150800A6C00860091F086001200C4914310860002041
S3150800A6D0091F0860002205211A20F9F733FB1A2002
S3150800A6E0F9F71CFB01200249087000BFBEE700000D
S3150800A6F0740800204438024040420F0000480140D8
S3150800A70008B52349097811B92249097801B108BD64
S3150800A7102149096841F080711F4A116000211F4ACA
S3150800A72051601146096841F00101116011464868F7
S3150800A7300021009102E00099491C00910099B1F5A9
S3150800A7407A7FF8D315494968814201D0012100E092
S3150800A75000210F4A117011460978B1B910490968E4
S3150800A760486A0021009102E00099491C009100996D
S3150800A770B1F57A7FF8D30A490968496A814201D056
S3150800A780012100E00021034A117000BFBFE7000065
S3150800A7907208002073080020FCED00E0001000E0BD
S3150800A7A02852002070B52F490878FFF707FF04469E
S3150800A7B01CB90020FFF7E6FE70BD204600F054F8ED
S3150800A7C0054628484078002844D0012804D00228A5
S3150800A7D016D003283DD12DE045B1D4F84401401CDC
S3150800A7E0C4F844010020FFF7CDFEE5E702201D4925
S3150800A7F0487000208870C870A08A00F099F82DE08B
S3150800A8004DB11848C07817498A7801219140C9B2D4
S3150800A81008431449C87013488078401C1149887049
S3150800A82008468078082801D303204870A08A00F0DB
S3150800A8307FF813E0012D03D10120FFF7A3FE07E0FF
S3150800A840D4F84401401CC4F844010020FFF79AFEDE
S3150800A85004E000BF0020FFF795FE00BF00BF00BF61
S3150800A860AAE700006C08002010B50446A189A06874
S3150800A870F8F730FD10BD10B5002403E0E0B2FFF78D
S3150800A88067FE641C022CF9D310BD2DE9F04106467B
S3150800A8900D463046FFF792FE0446002704B115B967
S3150800A8A00020BDE8F08103F0F7FFB4F8300190B15D
S3150800A8B0B4F82E1104F1EC00405C2870B4F82E01AF
S3150800A8C0401C00F03F00A4F82E01B4F83001401EE9
S3150800A8D0A4F83001012704F009F83846E1E770B515
S3150800A8E006460D463046FFF769FE044604B970BDB4
S3150800A8F0B4F83001402805D3D4F83C01401CC4F80C
S3150800A9003C01F4E7B4F82C1104F1EC00455404F5C5
S3150800A91096742088401C00F03F002080A088401CC8
S3150800A920A080A068401CA060A4F5967400BFDEE76E
S3150800A93000B9012000210B4A11600A4A243211602D
S3150800A940411E084A2C3211600121064A1432116050
S3150800A9500021121F11600121121F11600921014AED
S3150800A96011607047004801400648006820F0010061
S3150800A97004490860002003490C310860091D086075
S3150800A98070470000004801400146022080B10128B6
S3150800A99002D002280BD104E009B901207047002033
S3150800A9A0FCE7012901D10120F8E70020F6E700BFFE
S3150800A9B00020F3E770B506460C46154604B105B9FE
S3150800A9C070BD3046FFF7E0FF00B9F9E714232A46C1
S3150800A9D021460A20F6F7B5FF00BFF1E770B5044631
S3150800A9E00D46A1882A462068F8F786FC70BD000047
S3150800A9F030B50446774D6D78012D00D130BD754DC3
S3150800AA00AD79012D19D1734D6D8A25B9724DE98A33
S3150800AA106A89AB8931E06F4D6D8A012D04D16E4D7F
S3150800AA20298BEA892B8A28E06A4D6D8A022D24D162
S3150800AA30694D698B6A8AAB8A1FE0664DAD79022D2E
S3150800AA401BD1644D6D8A2DB9644DE98A624D6A89B8
S3150800AA50AB8912E05F4D6D8A012D05D15F4D298BBB
S3150800AA605D4DEA892B8A08E05A4D6D8A022D04D17C
S3150800AA705A4D698B584D6A8AAB8A112C70D00CDCFA
S3150800AA800E2C6ED004DC072C14D0082C53D153E0BE
S3150800AA900F2C67D0102CF9D196E01A2C4DD004DC77
S3150800AAA0122C6ED0192CF1D105E02D2C04D02E2CA9
S3150800AAB0ECD143E000BF00BF464DAD79012D1BD157
S3150800AAC0444DED890D44A8B2904200DD1046414D33
S3150800AAD0E8816D8A15B9424DA8802CE03D4D6D8AF6
S3150800AAE0012D02D13E4DE88025E03A4D6D8A022DB2
S3150800AAF021D13B4D28811EE0364DAD79022D1AD164
S3150800AB00344DED890D44A8B2904200DD1046314D12
S3150800AB10E8816D8A15B9334DA8800CE02D4D6D8AF4
S3150800AB20012D02D12F4DE88005E02A4D6D8A022DB0
S3150800AB3001D12C4D28814AE000BF00BF254DAD79D3
S3150800AB40012D1FD1234DED896D1AA8B2984200DA5E
S3150800AB501846204DE8816D8A2DB9214DA88030E030
S3150800AB6033E02FE02FE01B4D6D8A012D02D11C4DDD
S3150800AB70E88026E0174D6D8A022D22D1184D2881CE
S3150800AB801FE023E0134DAD79022D1AD1114DED8941
S3150800AB906D1AA8B2984200DA18460E4DE8816D8AF9
S3150800ABA015B9104DA8800CE00A4D6D8A012D02D109
S3150800ABB00C4DE88005E0074D6D8A022D01D1094D3F
S3150800ABC0288104E003E002E001E000E000BF00BFE6
S3150800ABD000BF13E7645C0020F05B0020225C0020C5
S3150800ABE0805C0020945C002010B5A8B0982102A8CB
S3150800ABF0F5F74AFD2148006888B121A3002201A97A
S3150800AC001E480068FCF7F4F9012807D19DF80400EE
S3150800AC101F4908709DF805001E49087000BF1D48A9
S3150800AC20007810B31C480078401C1B490870087847
S3150800AC3000EBD0714910A0EB410139B102A801F02F
S3150800AC401BFF1021154801F043FF14E002A801F08C
S3150800AC5013FF0446072C01DA28B010BD01220C4860
S3150800AC60017802A8FEF734FD05E0002208480178BD
S3150800AC7002A8FEF72DFD00BFEEE7000074010020D4
S3150800AC80524649444D736751756575650000000065
S3150800AC9078010020790100207A010020F4000020C4
S3150800ACA010B5F6F709FB054A05A10948FCF7E2F9CC
S3150800ACB0642200210648FCF7E7F910BDAD1200082A
S3150800ACC042656570436F6E74726F6C5461736B0086
S3150800ACD0E858002010B5054A05A10948FCF7CAF945
S3150800ACE0322200210648FCF7CFF910BD957A0008F4
S3150800ACF04D4F544F5252554E5461736B000000002D
S3150800AD001859002010B5F7F719FD0A4A0AA10E4886
S3150800AD10FCF7B0F90A2200210B48FCF7B5F90B4AF3
S3150800AD200BA10F48FCF7A6F9322200210C48FCF7C4
S3150800AD30ABF910BD9D230008466F6F745F506172B2
S3150800AD4073654461746153004859002079220008EC
S3150800AD50466F6F74436F6E74726F6C5461736B00D9
S3150800AD607859002010B5FCF795FA054A05A10A4856
S3150800AD70FCF780F91E2200210748FCF785F910BD6B
S3150800AD80897200084B65794265686176696F7273E6
S3150800AD905461736B00000000B859002010B5FDF728
S3150800ADA02FFA054A05A10A48FCF764F9642200212E
S3150800ADB00748FCF769F910BDF581000850554D5054
S3150800ADC0414265686176696F725461736B00000071
S3150800ADD0E859002010B5FDF787FD054A05A10A4880
S3150800ADE0FCF748F9642200210748FCF74DF910BD25
S3150800ADF0DD88000850554D50424265686176696F96
S3150800AE00725461736B000000185A002010B50921AE
S3150800AE100A4801F05DFE3220F6F742FF082108488D
S3150800AE2001F056FE3220F6F73BFF0821054801F0EF
S3150800AE304FFE3220F6F734FF10BD00003701002020
S3150800AE40590100200401002010B5FEF7E5FB054A6C
S3150800AE5005A10B48FCF70EF9642200210848FCF707
S3150800AE6013F910BDFF0C00084155544F4D4F44458A
S3150800AE70474554444154415461736B46756E6300AB
S3150800AE80605A002010B501F029F8054A05A10B48BB
S3150800AE90FCF7F0F80A2200210848FCF7F5F810BD7F
S3150800AEA0D1BE00085549444953504C41594265683A
S3150800AEB06176696F725461736B000000C05A002096
S3150800AEC010B5012208490948F7F772F906480078CB
S3150800AED0FF2808D10320044908701420487001226D
S3150800AEE00248F7F778F910BD645D002000000E08E7
S3150800AEF008B500200090022269462020F6F76EFF6A
S3150800AF009DF80000552832D19DF80100284981F89E
S3150800AF103C00084690F83C0046280DDD142081F8D0
S3150800AF203C0001223C312120F6F769FF0122204925
S3150800AF303C312320F6F763FF01221D493C312520C9
S3150800AF40F6F74CFF1A4890F83C0046282FDD1420E7
S3150800AF50174981F83C0001223C312520F6F74FFFBE
S3150800AF60012213493C312720F6F749FF1FE05520F7
S3150800AF708DF8000014208DF801000D4981F83C0079
S3150800AF80022269462020F6F73AFF012208493C3199
S3150800AF902320F6F734FF012205493C312520F6F730
S3150800AFA02EFF012202493C312720F6F728FF08BD6B
S3150800AFB06404002010B54FF0E020006904F0B2FDEB
S3150800AFC0012801D004F024F810BD000000B593B0A4
S3150800AFD0342106A8F5F758FB142101A8F5F754FB08
S3150800AFE000BF002000902548006840F080502349A3
S3150800AFF008600846006800F08050009000BF00BF57
S3150800B00000BF002000901E48006840F440401C49DC
S3150800B01008600846006800F44040009000BF00BF82
S3150800B020092006904FF48030079001200B900220EB
S3150800B0300C9041050D9108210E91C8210F9102210E
S3150800B04010911191129106A8F9F730F808B1F6F7A0
S3150800B050FCFE0F20019002200290002003904FF47E
S3150800B0608050049000200590032101A8F8F7BCFE43
S3150800B07008B1F6F7EAFE13B000BD000040380240FA
S3150800B080007000400348006840F4700001490860F9
S3150800B0907047000088ED00E010B5FFF71DFA10BDF7
S3150800B0A010B50248F9F7E7FB10BD00007052002002
S3150800B0B010B50248F9F7DFFB10BD0000E05100208B
S3150800B0C010B50248F9F7D7FB10BD0000B8520020AA
S3150800B0D010B502682D4B98420ED0B0F1804F0BD0B8
S3150800B0E02B4B984208D02B4B984205D02A4B9842B6
S3150800B0F002D02A4B984203D122F070024B681A43B9
S3150800B100224B984220D0B0F1804F1DD0204B984258
S3150800B1101AD0204B984217D01F4B984214D01F4B79
S3150800B120984211D01E4B98420ED01E4B98420BD017
S3150800B1301D4B984208D01D4B984205D01C4B98428F
S3150800B14002D01C4B984203D122F44072CB681A43B2
S3150800B15022F080034C6943EA040202608B68C362EA
S3150800B1600B688362094B984202D00C4B984201D176
S3150800B1700B69036301234361036903F001031BB1F0
S3150800B180036923F00103036110BD000000000140BC
S3150800B1900004004000080040000C00400004014084
S3150800B1A000400140004401400048014000180040AA
S3150800B1B0001C00400020004010B504461A480078DC
S3150800B1C0012803D018484078012800D110BD164838
S3150800B1D04079052803D014484079062822D1124818
S3150800B1E080690020F0B1252C13D004DC052C0FD083
S3150800B1F0242C16D104E0382C03D0392C11D109E0BF
S3150800B20000BF094988790122114600F00FF808E0C5
S3150800B21000BF00BF044988790122114600F006F8EC
S3150800B22000BF00BF00BFD1E7645C0020FEB506463C
S3150800B2300C4615460EA207CA8DE80700012E03D153
S3150800B24001208DF8030002E002208DF80300012C8E
S3150800B25003D104208DF8010002E005208DF80100D5
S3150800B2608DF805500B21684601F098FBFEBD0000DD
S3150800B270AA0400010001020000BBAA0008B50020CC
S3150800B28000901748007800F0010020B115480068C2
S3150800B290406800B108BD05F005FE134908600120A5
S3150800B2A0486000200872C8600846006808B90FA000
S3150800B2B0C860684605F06AF910B90B490098C86075
S3150800B2C00748007800F0010028B106480068406881
S3150800B2D008B1012000E000200349087200BFD9E741
S3150800B2E0C8080020C0080020D408002054726163F2
S3150800B2F06520696E697469616C697A65643B207753
S3150800B300616974696E6720666F7220736368656425
S3150800B310756C6572207461736B20746F20656E613D
S3150800B320626C652073747265616D000008B5002053
S3150800B33000901B48006840B91A48007800F00100E0
S3150800B34090B119480068406870B11648007800F056
S3150800B350010028B114480068406808B1012000E0DF
S3150800B36000200F49087208BD012004F065FF0C494A
S3150800B3704860684605F00AF910B909490098C86096
S3150800B3800848007800F0010028B1074800684068BE
S3150800B39008B1012000E000200149087200BFE2E779
S3150800B3A0D4080020C8080020C008002004E006F0E1
S3150800B3B0D3F90A2003F0B2FBF9E7000010B50248FA
S3150800B3C0F9F72AFC10BD00000053002010B502480A
S3150800B3D0F9F722FC10BD00004853002010B50248BA
S3150800B3E0F9F71AFC10BD00009053002070B5054609
S3150800B3F0AC6B0020E085E0842046F9F70CFC70BDB4
S3150800B40070B506460025B46B20684069C0F3C015C0
S3150800B41094F84100212805D125B10020E084204672
S3150800B42000F0C8F820684069C0F3801594F8420017
S3150800B430222805D125B10020E085204600F074F8C1
S3150800B440606C40F0100060642046F9F7E4FB70BDBC
S3150800B45070B50546AC6B2868006800F48070002853
S3150800B46042D1E08500BF00BF21680C3151E8001FBA
S3150800B47021F4807021680C3141E80002002AF3D1DA
S3150800B48000BF00BF00BF2168143151E8001F21F03A
S3150800B49001002168143141E80002002AF3D100BFF7
S3150800B4A000BF00BF2168143151E8001F21F0400099
S3150800B4B02168143141E80002002AF3D100BF202098
S3150800B4C084F84200206B01280ED100BF00BF216816
S3150800B4D00C3151E8001F21F0100021680C3141E8B9
S3150800B4E00002002AF3D100BF00206063206B012808
S3150800B4F004D1A18D2046F9F79CFA02E02046FAF716
S3150800B5001FFA70BD70B50546AC6B01206063206BF1
S3150800B510012805D1A08D41082046F9F78AFA02E0EC
S3150800B5202046FAF70EFA70BD00BF00BF02680C325B
S3150800B53052E8002F22F4907102680C3242E8001398
S3150800B540002BF3D100BF00BF00BF0268143252E8D7
S3150800B550002F22F001010268143242E80013002B82
S3150800B560F3D100BF016B01290ED100BF00BF0268ED
S3150800B5700C3252E8002F22F0100102680C3242E821
S3150800B5800013002BF3D100BF202180F842100021C0
S3150800B5900163704710B504462068C06820F0400073
S3150800B5A02168C860202084F841002046FAF729FA65
S3150800B5B0002010BD00BF00BF02680C3252E8002F01
S3150800B5C022F0C00102680C3242E80013002BF3D1C6
S3150800B5D000BF202180F841107047F8B5044694F85A
S3150800B5E04200222875D1A068B0F5805F0CD1206989
S3150800B5F050B90025A66A20684068C0F30800308064
S3150800B600A06A801CA06215E0A56A0026A068B0F5AD
S3150800B610805F03D0A06828B9206918B920684068F7
S3150800B620287004E02068406800F07F002870A06A4F
S3150800B630401CA062E08D401E80B2E085002846D1FD
S3150800B6402068C06820F020002168C8602068C068AB
S3150800B65020F480702168C8602068406920F00100E5
S3150800B66021684861202084F8420000206063206B2E
S3150800B670012826D10020206300BF00BF21680C31B5
S3150800B68051E8001F21F0100021680C3141E8000242
S3150800B690002AF3D100BF2068006800F010001028C7
S3150800B6A00AD100BF0020009020680068009020683A
S3150800B6B04068009000BF00BFA18D2046F9F7B9F990
S3150800B6C002E02046FAF73CF90020F8BD01E0002028
S3150800B6D0FBE70220F9E700002DE9F84F0446206849
S3150800B6E0006920F44050E16808432168086121692F
S3150800B6F0A068084361690843E16908430090206827
S3150800B700C06849F20C618843009908432168C860FB
S3150800B7102068406920F44070A1690843216848619F
S3150800B7207A49206888420BD079492068884207D030
S3150800B73078492068884203D077492068884203D12F
S3150800B740F8F74CFC814602E0F8F738FC8146E069D8
S3150800B750B0F5004F6BD102206168A0FB015003468B
S3150800B7601920A9FB007001462A463846F4F724FE3C
S3150800B7706421B0FBF1F04FEA001A02206168A0FBD1
S3150800B78001510B461920A9FB00712A463846F4F7E1
S3150800B79013FE834602206168A0FB01500346192068
S3150800B7A0A9FB00712A463846F4F706FE6421B0FB69
S3150800B7B0F1F000EBC00101EB0010ABEB8000322189
S3150800B7C001EBC0006421B0FBF1F000F0F8000AEBD1
S3150800B7D0400A02206168A0FB015003461920A9FB14
S3150800B7E000712A463846F4F7E7FD83460220616869
S3150800B7F0A0FB015003461920A9FB00712A463846CA
S3150800B800F4F7DAFD6421B0FBF1F000EBC00101EBBF
S3150800B8100010ABEB8000322101EBC0006421B0FBC5
S3150800B820F1F000F007005044216888606CE00420BD
S3150800B8306168A0FB01510B461920A9FB00712A4635
S3150800B8403846F4F7B9FD824604206168A0FB01502A
S3150800B85003461920A9FB007001462A463846F4F724
S3150800B860ABFD6421B0FBF1F000EBC00101EB001069
S3150800B870AAEB8000322101EB00106421B0FBF1F045
S3150800B88000F0F00A04206168A0FB01700346192045
S3150800B890A9FB005001463A462846F4F78DFD642177
S3150800B8A0B0FBF1F00AEB001A04206168A0FB015115
S3150800B8B01920A9FB007080462A460B4638464146A1
S3150800B8C0F4F77AFD834604206168A0FB015003461D
S3150800B8D01920A9FB007001462A463846F4F76CFD84
S3150800B8E06421B0FBF1F000EBC00101EB0010ABEBFB
S3150800B8F08000322101EB00106421B0FBF1F000F06A
S3150800B9000F00504421688860BDE8F88F0010014098
S3150800B9100014014000180140001C014077B581B0B1
S3150800B920044615460298A062A58500206064222078
S3150800B93084F842002848E16BC8632848E16B08642C
S3150800B9402748E16BC8640020E16B086502AE3268DF
S3150800B9502368191D2B46E06BF7F7C8F900BF0020CE
S3150800B960009020680068009020684068009000BF3A
S3150800B97000BF206970B100BF00BF21680C3151E8D3
S3150800B980001F41F4807021680C3141E80002002A4A
S3150800B990F3D100BF00BF00BF2168143151E8001F72
S3150800B9A041F001002168143141E80002002AF3D170
S3150800B9B000BF00BF00BF2168143151E8001F41F0E5
S3150800B9C040002168143141E80002002AF3D100BF83
S3150800B9D0002004B070BD000051B4000805B5000889
S3150800B9E001B40008014691F84100212828D1886849
S3150800B9F0B0F5805F0BD1086948B90A6A1088C0F3A8
S3150800BA0008000B685860086A801C086205E00B6A23
S3150800BA10581C086218780B685860C88C401E80B29B
S3150800BA20C88458B90868C06820F080000B68D860D8
S3150800BA300868C06840F040000B68D860002070476E
S3150800BA400220FCE72DE9F84304460D4617469846BA
S3150800BA50089E31E0701C70B3F7F754FCA0EB0800A1
S3150800BA60B04200D816B90320BDE8F8832068C0683C
S3150800BA7000F00400F8B1802D1ED0402D1CD020689F
S3150800BA800068C0F3C000B0B100BF00200090206875
S3150800BA900068009020684068009000BF00BF2046FC
S3150800BAA0FFF742FD0820606400BF002084F84000CC
S3150800BAB000BF0120D8E7FFE7206800682840A842B1
S3150800BAC001D1012000E00020B842C3D00020CBE716
S3150800BAD070B505460C46002D50D00B2C4DD2DFE82C
S3150800BAE004F04C060D141B222930373E45004FF44E
S3150800BAF0027141F22140FBF7D1FD3EE040F20921F7
S3150800BB0041F22140FBF7CAFD37E040F20D2141F230
S3150800BB102140FBF7C3FD30E040F20F2141F22140FE
S3150800BB20FBF7BCFD29E040F2122141F22140FBF768
S3150800BB30B5FD22E040F2132141F22140FBF7AEFDAC
S3150800BB401BE040F2152141F22140FBF7A7FD14E066
S3150800BB5040F2162141F22140FBF7A0FD0DE040F22C
S3150800BB60172141F22140FBF799FD06E04FF40671D3
S3150800BB7041F22140FBF792FD00BF03E041F221406C
S3150800BB80FBF7B6FB70BD70B506460C461546A6B360
S3150800BB90012C0ED135B14FF4BA7141F21240FBF7C0
S3150800BBA07DFD53E040F2731141F21240FBF776FD3A
S3150800BBB04CE0022C0ED135B140F2771141F2134018
S3150800BBC0FBF76CFD42E04FF4BB7141F21340FBF703
S3150800BBD065FD3BE0032C06D140F2791141F2144091
S3150800BBE0FBF75CFD32E0042C30D13DB140F2272151
S3150800BBF041F25040FBF752FD28E006E040F22621CC
S3150800BC0041F25040FBF74AFD20E0012C06D14FF4E3
S3150800BC10B97141F21240FBF741FD17E0022C06D13B
S3150800BC2040F2751141F21340FBF738FD0EE0032C84
S3150800BC3006D14FF4BC7141F21440FBF72FFD05E025
S3150800BC40042C03D141F25040FBF752FB70BD70B58E
S3150800BC5006460D461446A6B3012D04D0022D11D072
S3150800BC60032D2DD11DE034B14FF4B57141F20840D2
S3150800BC70FBF714FD05E040F2691141F20840FBF7B5
S3150800BC800DFD1DE034B140F26D1141F21040FBF795
S3150800BC9005FD05E04FF4B67141F21040FBF7FEFCD6
S3150800BCA00EE034B14FF4B87141F20940FBF7F6FCE7
S3150800BCB005E040F26F1141F20940FBF7EFFC00BFC7
S3150800BCC01DE0FFE7012D04D0022D09D0032D15D163
S3150800BCD00DE04FF4B47141F20840FBF7DFFC0DE0CC
S3150800BCE040F26B1141F21040FBF7D8FC06E04FF426
S3150800BCF0B77141F20940FBF7D1FC00BF00BF70BD28
S3150800BD003EB56E480068002873D06DA300226946C8
S3150800BD106A480068FBF76CF901286BD19DF80000AA
S3150800BD20112868D2DFE800F0C5091623313F4A68B2
S3150800BD306D7B94569BA7A8A9B7009DF804409DF86B
S3150800BD40033044EA03229DF802109DF8010000F032
S3150800BD5011FAAFE09DF804409DF8033044EA032247
S3150800BD609DF802109DF8010000F0B8FAA2E09DF8CF
S3150800BD7003300BB1012300E000231A469DF8021098
S3150800BD809DF80100FFF7FFFE94E09DF803300BB124
S3150800BD90012300E000231A469DF802109DF80100D1
S3150800BDA0FFF755FF86E09DF804309DF803209DF8BF
S3150800BDB002109DF8010000F0C6F87BE09DF802200D
S3150800BDC00AB1012200E0002211469DF8010000F0A8
S3150800BDD03EFB6FE09DF803409DF8025044EA0521BA
S3150800BDE09DF805309DF804209DF8010000F048FBF9
S3150800BDF060E061E05FE05CE09DF8010000F07BF93F
S3150800BE0058E09DF803300BB1012300E000231A46E1
S3150800BE109DF802109DF8010000F074F84AE09DF8BC
S3150800BE2003409DF8025044EA05219DF805400CB1EF
S3150800BE30012400E0002423469DF804400CB10124A7
S3150800BE4000E0002422469DF8010000F0CBFA31E01C
S3150800BE509DF802109DF80100FFF73AFE2AE09DF8CA
S3150800BE6002200AB1012200E0002211469DF80100D5
S3150800BE7000F019F91EE01DE01CE09DF803300BB137
S3150800BE80012300E000231A469DF802109DF80100E0
S3150800BE9000F040F90EE09DF803300BB1012300E0F5
S3150800BEA000231A469DF802109DF8010000F0E6F9F5
S3150800BEB000E000BF00BF00BF3EBD00007C010020BF
S3150800BEC0554944504D736751756575650000000006
S3150800BED010B50446FFF714FF10BD000010B504A204
S3150800BEE00C211420FBF762F80549086010BD000014
S3150800BEF0554944504D7367517565756500000000D6
S3150800BF007C01002070B504460E46154694B15DB90D
S3150800BF1040F25F1141F21140FBF7C0FB43F270415A
S3150800BF2049F27040FBF7A0FB314643F27040FBF73D
S3150800BF307BFB07E041F21140FBF7DAF949F2704062
S3150800BF40FBF7BCF970BD2DE9F04107460D461646CC
S3150800BF501C46002F74D0012E48D1062D45D2DFE8A5
S3150800BF6005F04403101D2A372CB1682141F201401F
S3150800BF70FBF794FB04E0652141F20140FBF78EFBD9
S3150800BF8033E02CB1692141F20140FBF787FB04E05D
S3150800BF90662141F20140FBF781FB26E02CB16A21BC
S3150800BFA041F20140FBF77AFB04E0672141F20140C8
S3150800BFB0FBF774FB19E02CB16C2141F20140FBF749
S3150800BFC06DFB04E06B2141F20140FBF767FB0CE0D7
S3150800BFD02CB16E2141F20140FBF760FB04E06D21B4
S3150800BFE041F20140FBF75AFB00BF5AE0022E58D136
S3150800BFF0062D46D2DFE805F04503101D2B382CB177
S3150800C000CC2141F20240FBF749FB04E0C92141F289
S3150800C0100240FBF743FB34E02CB1CD2141F202404C
S3150800C020FBF73CFB04E0CA2141F20240FBF736FB72
S3150800C03027E034B1CE2141F20240FBF72FFB05E0A1
S3150800C04020E0CB2141F20240FBF728FB19E02CB196
S3150800C050D02141F20240FBF721FB04E0CF2141F257
S3150800C0600240FBF71BFB0CE02CB1D22141F2024047
S3150800C070FBF714FB04E0D12141F20240FBF70EFB6B
S3150800C08000BF0EE0012E05D1642141F20140FBF705
S3150800C09005FB06E0022E04D1C82141F20240FBF757
S3150800C0A0FDFABDE8F08170B505460C46D5B164B118
S3150800C0B04FF4D27141F20440FBF7F0FA40F2A711AF
S3150800C0C041F20340FBF7EAFA14E040F2A51141F207
S3150800C0D00440FBF7E3FA4FF4D37141F20340FBF750
S3150800C0E0DDFA07E041F20340FBF702F941F20440AA
S3150800C0F0FBF7FEF870BD10B5044634B14FF4C871AD
S3150800C10041F20540FBF7CAFA03E041F20540FBF7A6
S3150800C110EFF810BD70B506460C4615461EB3012C41
S3150800C1200ED135B14FF4F37141F20660FBF7B6FA5A
S3150800C1301FE040F2E51141F20660FBF7AFFA18E09E
S3150800C140022C01D0032C14D135B14FF4C17141F240
S3150800C1500660FBF7A3FA0CE040F2811141F2066093
S3150800C160FBF79CFA05E04FF4F27141F20660FBF723
S3150800C17095FA70BD70B506460C46154646BB4FF493
S3150800C180F17141F20160FBF789FA4FF4F97141F256
S3150800C1900360FBF783FA4FF4FA7141F20460FBF788
S3150800C1A07DFA40F2E71141F20260FBF777FA4FF4A5
S3150800C1B0F07141F20560FBF771FA4FF4F27141F242
S3150800C1C00660FBF76BFA49F23050FBF777F854E054
S3150800C1D040F2F31141F20360FBF760FA40F2F51101
S3150800C1E041F20460FBF75AFA43F2305149F23050F3
S3150800C1F0FBF73AFA294643F23050FBF715FA012CB9
S3150800C20004D0022C26D0032C36D111E040F2E311DB
S3150800C21041F20160FBF742FA40F2E11141F2056092
S3150800C220FBF73CFA2A4601210846FDF7A2F800BFAB
S3150800C23040F2E31141F20160FBF730FA40F2E111F6
S3150800C24041F20560FBF72AFA2A4603210120FDF789
S3150800C25090F811E040F2E31141F20160FBF71EFA93
S3150800C26040F2E11141F20560FBF718FA2A4602216D
S3150800C2700120FDF77EF800BF00BF70BD70B5064609
S3150800C2800C4615461EB3012C0ED135B14FF4F37189
S3150800C2904FF4A150FBF702FA1FE040F2E5114FF404
S3150800C2A0A150FBF7FBF918E0022C01D0032C14D19E
S3150800C2B035B14FF4C1714FF4A150FBF7EFF90CE01B
S3150800C2C040F281114FF4A150FBF7E8F905E04FF46D
S3150800C2D0F2714FF4A150FBF7E1F970BD70B506464F
S3150800C2E00C46154646BB4FF4BF7141F21540FBF7A5
S3150800C2F0D5F94FF4F97141F21740FBF7CFF94FF42E
S3150800C300FA7141F21840FBF7C9F94FF4F07141F29E
S3150800C3101940FBF7C3F94FF4C0714FF4A150FBF76E
S3150800C320BDF940F2831141F21640FBF7B7F949F21D
S3150800C3305050FAF7C3FF54E040F2F31141F21740A8
S3150800C340FBF7ACF940F2F51141F21840FBF7A6F9F4
S3150800C35043F2505149F25050FBF786F9294643F209
S3150800C3605050FBF761F9012C04D0022C26D0032C7F
S3150800C37036D111E040F27F1141F21540FBF78EF9F4
S3150800C38040F2E11141F21940FBF788F92A460121EA
S3150800C3900220FCF7EEFF00BF40F2E31141F2016014
S3150800C3A0FBF77CF940F2E11141F20560FBF776F9FB
S3150800C3B02A4603210220FCF7DCFF11E040F2E311D4
S3150800C3C041F20160FBF76AF940F2E11141F20560BA
S3150800C3D0FBF764F92A4602210846FCF7CAFF00BFA4
S3150800C3E000BF70BD2DE9F04104460F4615461E46AE
S3150800C3F00CB365B940F2551141F20740FBF74EF907
S3150800C40043F2204149F22040FBF72EF90DE036B100
S3150800C4104FF6E07149F22340FBF7ECF805E04FF6DA
S3150800C420FF7149F22340FBF7E5F8394643F220400D
S3150800C430FBF7FAF809E04FF4AA7141F20740FBF757
S3150800C4402DF949F22040FAF739FFBDE8F08170B5B9
S3150800C45005460C467DB1012C06D140F2FF1141F28A
S3150800C4600640FBF71BF90AE04FF4007141F206405B
S3150800C470FBF714F903E041F20640FAF739FF70BDFD
S3150800C4802DE9F04104460D4616461F4664B12221A1
S3150800C49048F20800FBF7AEF83B46324629464FF409
S3150800C4A08440FAF77DFF04E0002148F20800FBF714
S3150800C4B0A1F8BDE8F0810000B0E10220F5F7F0FB35
S3150800C4C0FDF74AFCFCF7D6FAFAF74EFDD44890F881
S3150800C4D05300522878D008DC0F284BD010285CD09F
S3150800C4E050286ED051286DD199E053287FD0552811
S3150800C4F004D0562816D05728F5D127E0FF20C8497A
S3150800C50081F85300C7480078002805DDC54800783B
S3150800C510401EC449087004E0C2480078401CC1495E
S3150800C520087089E0FF20BE4981F85300BE480078AC
S3150800C530002805DDBC480078401EBB49087004E0A9
S3150800C540B9480078401CB849087075E0FF20B4491E
S3150800C55081F85300B5480078002805DDB34800780F
S3150800C560401EB249087004E0B0480078401CAF4944
S3150800C570087061E06420AA490886FF2081F8530004
S3150800C580AB48807D012802D1FCF7A0FC01E0FCF74E
S3150800C59095FC0520F5F784FB4EE06420A049088643
S3150800C5A0FF2081F85300A248807D012802D1FCF7BC
S3150800C5B07DFC01E0FCF772FC0520F5F771FB3BE01A
S3150800C5C002E020E037E012E0642095490886FF2063
S3150800C5D081F853009648807D012802D1FCF786FC35
S3150800C5E001E0FCF77BFC0520F5F75AFB24E0642004
S3150800C5F08B490886FF2081F85300FCF76FFC05205D
S3150800C600F5F74EFB18E0642085490886FF2081F877
S3150800C6105300FCF753FC0520F5F742FB0CE06420B9
S3150800C6207F490886FF2081F85300FCF737FC052070
S3150800C630F5F736FB00E000BF00BF7D48807D012886
S3150800C6407FD17C480088401C7A49088008460088C3
S3150800C6501E2802D1FCF702FC5FE0764800883C28D9
S3150800C66002D1FCF7EBFB58E0724800886E2802D12D
S3150800C670FCF704FC51E06F4800888C2802D1FCF7CF
S3150800C68005FC4AE06B480088AA2802D1FCF7EEFBB5
S3150800C69043E068480088C82802D1FCF7D7FB3CE08D
S3150800C6A064480088E62838D1002062490880604836
S3150800C6B081894FF45D50FAF7B7FF0220F5F7F0FAD3
S3150800C6C05B48018A43F25070FAF7AEFF0220F5F78D
S3150800C6D0E7FA5748818A43F29070FAF7A5FF0220D5
S3150800C6E0F5F7DEFA5248418943F27070FAF79CFF73
S3150800C6F00220F5F7D5FA4E48C1894FF45E50FAF78D
S3150800C70093FF0220F5F7CCFA4948418A43F2A07014
S3150800C710FAF78AFF0220F5F7C3FA4548018843F27B
S3150800C7203070FAF781FF0220F5F7BAFA4048C18857
S3150800C73043F26070FAF778FF0220F5F7B1FA45E0A0
S3150800C740FFE73C480088401C3A49088008460088AC
S3150800C7501E2802D1FCF782FB2FE0364800883C28C9
S3150800C76002D1FCF76BFB28E0324800885A2802D130
S3150800C770FCF784FB21E02F48008878281DD100208B
S3150800C7802C4908802A4841884FF45D50FAF74CFF37
S3150800C7900220F5F785FA2648818843F25070FAF7A1
S3150800C7A043FF0220F5F77CFA2148418A43F290704C
S3150800C7B0FAF73AFF0220F5F773FA1D48018843F2A3
S3150800C7C03070FAF731FF0220F5F76AFA1A4800784E
S3150800C7D0401C19490870084600781E2190FBF1F2A2
S3150800C7E001FB1200D0B9104801784FF45C50FAF7F3
S3150800C7F01BFF0220F5F754FA0A48017843F2107035
S3150800C800FAF712FF0220F5F74BFA0848017843F2C7
S3150800C8102070FAF709FF0220F5F742FA4DE6000004
S3150800C82064040020E5080020E4080020E60800204B
S3150800C830C85D0020E8080020EA08002070B500243A
S3150800C8404FF4FA6527E00220F5F72AFAFDF784FA8D
S3150800C850601CC0B20446142800DA1CE00024FAF76B
S3150800C86083FB104890F85300152813D164200D490E
S3150800C8700886FF2081F853000320FBF721F80020E3
S3150800C880FBF71EF80320FBF71BF80520F5F708FA57
S3150800C890FFF712FE00BF281EA5F101018DB2D2D105
S3150800C8A070BD00006404002010B50248F8F7B4F91A
S3150800C8B010BD0000D853002010B50248F8F7ACF9AF
S3150800C8C010BD00002054002010B50248F8F7A4F95E
S3150800C8D010BD00006854002010B50248F8F79CF90E
S3150800C8E010BD0000B054002010B5FF2202490120F7
S3150800C8F0F5F705F810BD00000461002070B505467F
S3150800C9000024002613480088401C1249088001208C
S3150800C910F5F708F8044610480078844205D0002048
S3150800C9200C4908800C490C7012E00A480088032854
S3150800C9300EDBFF2C09D2C4F1FF0086B23246294627
S3150800C9400648F5F735F800F00BF80020014908808D
S3150800C950304670BD78080020760800200461002063
S3150800C96010B50120F4F780FFFF210748F3F76AFEA8
S3150800C970FF2205490120F4F7C2FF00200349088079
S3150800C980FF200349087010BD0461002078080020C4
S3150800C9907608002010B5FFF7A7FF10BD70B504464E
S3150800C9A00D4664232A4621460120F4F7CAFF70BDC6
S3150800C9B010B5962202490220F4F7A1FF10BD000027
S3150800C9C00362002070B50546002400261348008837
S3150800C9D0401C124908800220F4F7A4FF04461048B8
S3150800C9E00078844205D000200C4908800C490C7058
S3150800C9F012E00A48008803280EDB962C09D2C4F1F7
S3150800CA00960086B2324629460648F4F7D1FF00F06A
S3150800CA100BF8002001490880304670BD7C080020CC
S3150800CA207A0800200362002010B50220F4F71CFFE4
S3150800CA3096210748F3F706FE962205490220F4F7E1
S3150800CA405EFF00200349088096200349087010BD40
S3150800CA50036200207C0800207A08002010B5FFF742
S3150800CA60A7FF10BD10B5962202490320F4F747FF29
S3150800CA7010BD00009962002070B504460025002606
S3150800CA800320F4F74FFF0546962D09D2C5F1960007
S3150800CA9086B2324621460348F4F78AFF00F004F8C6
S3150800CAA0304670BD9962002010B50320F4F7DCFE0D
S3150800CAB096210448F3F7C6FD962202490320F4F7A7
S3150800CAC01EFF10BD9962002010B5FFF7CBFF10BD01
S3150800CAD070B504460D4664232A4621460320F4F71A
S3150800CAE030FF70BD10B5962202490420F4F707FFFF
S3150800CAF010BD00002F63002070B5054600240026EF
S3150800CB0013480088401C124908800420F4F70AFFDD
S3150800CB10044610480078844205D000200C49088055
S3150800CB200C490C7012E00A48008803280EDB962C84
S3150800CB3009D2C4F1960086B2324629460648F4F769
S3150800CB4037FF00F00BF8002001490880304670BD19
S3150800CB50800800207E0800202F63002010B50420DE
S3150800CB60F4F782FE96210748F3F76CFD96220549ED
S3150800CB700420F4F7C4FE00200349088096200349E0
S3150800CB80087010BD2F630020800800207E08002052
S3150800CB9010B5FFF7A7FF10BD70B504460D46642310
S3150800CBA02A4621460420F4F7CCFE70BD10B596221D
S3150800CBB002490520F4F7A3FE10BD0000C563002056
S3150800CBC010B5FFF7F3FF10BD70B504460D46642394
S3150800CBD02A4621460520F4F7B4FE70BD10B5962204
S3150800CBE002490620F4F78BFE10BD00005B640020A6
S3150800CBF070B505460024002613480088401C1249D3
S3150800CC0008800620F4F78EFE044610480078844211
S3150800CC1005D000200C4908800C490C7012E00A481F
S3150800CC20008803280EDB962C09D2C4F1960086B23A
S3150800CC30324629460648F4F7BBFE00F00BF80020FA
S3150800CC4001490880304670BD84080020820800200B
S3150800CC505B64002010B50620F4F706FE9621074807
S3150800CC60F3F7F0FC962205490620F4F748FE002063
S3150800CC700349088096200349087010BD5B640020AC
S3150800CC80840800208208002010B5FFF7A7FF10BD12
S3150800CC9070B504460D4603232A4621460620F4F7B6
S3150800CCA050FE70BD0020034908809620024908708E
S3150800CCB0704700008A0800208808002070B50446DE
S3150800CCC00D4664232A4621460720F4F73AFEC0B1EA
S3150800CCD00720F4F7AFFD0720F4F7B9FD0A48016805
S3150800CCE00720F4F7FDFD50B964232A46214607209C
S3150800CCF0F4F727FE08B9012070BD0020FCE70020E4
S3150800CD00FAE70120F8E700008C08002000BFFEE7DC
S3150800CD1010B50020FAF7D4FDFAF726F9F9F79EFDC3
S3150800CD20F5F758F8FFF736FEFFF798FEFFF7CCFE43
S3150800CD30FFF72EFFFFF744FFFFF7A6FFFFF7B2FF47
S3150800CD40FAF712F90020FDF7DFF900202549C87621
S3150800CD50FBF728FAFFF772FDFEF7B2F8FEF7C8F8F8
S3150800CD60FAF702F94FF4FA70F4F79AFFFAF7FCF8B3
S3150800CD704FF4FA70F4F794FF0E221B490020F4F7DB
S3150800CD8043FE0E22184914310020F4F73DFE00F048
S3150800CD902DF8FEF73BF8FAF7E7F8FAF7CBF8FAF7C3
S3150800CDA0C7FDFDF77DFFFDF7DDFFF9F731FCFDF760
S3150800CDB0A9FFFDF77BF9FDF78DFFF8F7C7FEFBF72F
S3150800CDC06BF9FEF741F8FDF7E9FFFEF703F8FEF702
S3150800CDD059F8FDF797FA0420FAF772FDFCF7AEFA50
S3150800CDE010BD0000C85D00209E5D002010B5F4F758
S3150800CDF0D1FD00F007F8F4F7BFFD01F0EBFBF4F7FF
S3150800CE00B7FD10BD10B51C210148F3F73DFC10BD58
S3150800CE10645C002070B50446254600221021174898
S3150800CE20F4F7FEFC002624E00A20F4F749FF05F093
S3150800CE30800028B1012220211048F4F7F1FC04E013
S3150800CE40002220210D48F4F7EBFC0A20F4F738FFFE
S3150800CE50012210210948F4F7E3FC0A20F4F730FF11
S3150800CE606806050E002210210448F4F7D9FC701C48
S3150800CE70C6B2082ED8DB012070BD000000080240AB
S3150800CE8010B5114C03202061606110A0A061124901
S3150800CE90E161402121620021A1626162E1620BA089
S3150800CEA020660E4961661021A16600212167E166A8
S3150800CEB061670BA1E01DF3F722FB0AA12046F3F7F1
S3150800CEC01EFB2020A07110BDF46400205465726D0D
S3150800CED0696E616C000000009C650020DC6500201E
S3150800CEE052545400534547474552000010B5014671
S3150800CEF00A69CB689A4204D88C68641EE41AA0189A
S3150800CF0001E0D41A601E10BD2DE9F0470446894693
S3150800CF1017464FF0000AE56800BFD4F81080A84508
S3150800CF2003D9A8EB0500461E04E0A5EB0800401C43
S3150800CF30A1680E1AA068401BB04201D9304601E02C
S3150800CF40A068401B0646BE4201D2304600E038467D
S3150800CF5006466168481932464946F3F7F4FAB24478
S3150800CF60B144BF1B3544A068A84200D10025E5603E
S3150800CF70002FD2D15046BDE8F0872DE9F047044688
S3150800CF8089461546E668A068871BAF4208D96168D6
S3150800CF9088192A464946F3F7D6FA7019E06010E070
S3150800CFA0B8466168881942464946F3F7CCFAA5EBB4
S3150800CFB0070809EB070142466068F3F7C4FAC4F8A4
S3150800CFC00C80BDE8F087000002480068C0F3022024
S3150800CFD0704700000CED00E010B5002804DB0A07D6
S3150800CFE0130E054A135406E00A07140E034A00F006
S3150800CFF00F031B1FD45410BD00E400E018ED00E039
S3150800D000EFF310807047EFF31080704780F31088B5
S3150800D010704780F31088704780F31088704780F354
S3150800D020108870472DE9F04104460F46164604B1AC
S3150800D03016B90020BDE8F08101F02EFC0020206022
S3150800D04060600120207200206072E76020616061E4
S3150800D050A061E06120626062A662E0621148006831
S3150800D06010B91048046013E00E48056806E0A542AA
S3150800D07003D101F03BFC0020DCE7ED6AE86A0028F2
S3150800D080F5D1A54203D101F031FC0020D2E7EC62CC
S3150800D09001F02CFC2046F4F739F82046F3F7ADFFEB
S3150800D0A00120C7E78800002070B504460E461546DD
S3150800D0B004B10DB9002070BD01F0EEFB25602672A3
S3150800D0C0002060600120607201F010FC2046F3F732
S3150800D0D0F2FF0120EFE710B50446022C01D9022021
S3150800D0E000E0204600F5F27141F20660FAF7D6FA3A
S3150800D0F010BD70B504460D4644B141F21140FAF729
S3150800D100F7F849F27040FAF7D9F810E040F25F11E3
S3150800D11041F21140FAF7C2FA43F2704149F27040FF
S3150800D120FAF7A2FA294643F27040FAF77DFA70BD7B
S3150800D13070B504460D467CB340F2E31141F2016036
S3150800D140FAF7ACFA40F2F31141F20360FAF7A6FADD
S3150800D15040F2F51141F20460FAF7A0FA40F2E11143
S3150800D16041F20560FAF79AFA43F2305149F2305023
S3150800D170FAF77AFA294643F23050FAF755FA462270
S3150800D18005212846FCF7ACFF00F2E716314641F2C6
S3150800D1900260FAF783FA22E0FFE74FF4F17141F2F1
S3150800D1A00160FAF77BFA4FF4F97141F20360FAF776
S3150800D1B075FA4FF4FA7141F20460FAF76FFA40F221
S3150800D1C0E71141F20260FAF769FA4FF4F07141F299
S3150800D1D00560FAF763FA49F23050FAF76FF870BD4E
S3150800D1E0F6F7E4FCFDF7F2FEFAF7C0FCFAF75EFC88
S3150800D1F0FAF79EFEFAF7B8FEFAF7D2FEFAF726FE17
S3150800D200FAF742FEFAF7EAFEFAF75AFEFAF774FE5A
S3150800D210FAF700FEFAF7D2FDFAF784FDFAF7A8FD49
S3150800D220FEF72CF8F9F71EFBF3F7D4FFFAF79AFC8A
S3150800D23001F06AFD00BFFEE72DE9F04105460E46FE
S3150800D2401648076816480068001D01F0C2FA681CEF
S3150800D25038B936B112480168091D124801F010FBA9
S3150800D2601AE07C190E4800684460BC4207D20C4894
S3150800D2700168091D0C48006801F0E8FA0CE0084846
S3150800D2800168091D0948006801F0E0FA08480068C5
S3150800D290844201D206480460BDE8F0814C000020B3
S3150800D2A038000020B4500020400000203C00002038
S3150800D2B06800002010B5044601F0EEFA2C48006814
S3150800D2C0401C2B4908602B48006840B9294804606F
S3150800D2D00846006801280DD100F06EFA0AE02648D3
S3150800D2E0006838B923480068C06AE16A884201D8EC
S3150800D2F02048046021480068401C20490860084608
S3150800D3000068606454B144B104F134022146102027
S3150800D310E36A03F0C9FF00B900E000BF21463020E8
S3150800D32003F012FA1649E06A0968884202D91449D4
S3150800D330E06A0860E16A01EB8101124A02EB8100AA
S3150800D340211D01F09DFA01F0D1FA0B48006868B179
S3150800D35008480068C06AE16A884207D24FF08050E0
S3150800D36009490860BFF34F8FBFF36F8F10BD0000E8
S3150800D37048000020380000205400002064000020E7
S3150800D38050000020044C002004ED00E008B501F030
S3150800D39083FA12480068E8B9114801F047FA1148BB
S3150800D3A001F044FA0E48104908600E480F49086013
S3150800D3B000200F4B0F4A102100900A2001F091FE21
S3150800D3C0064908600846006820B10BA103480068B2
S3150800D3D001F062FB01F08AFA08BD00007C0000201B
S3150800D3E0C8500020DC50002074000020780000207F
S3150800D3F0F050002040510020546D7251000000008A
S3150800D40010B516E001F048FA0C48C068C468201D3B
S3150800D41001F0DFF90A480068401E09490860094812
S3150800D4200068401E0749086001F060FA204600F0CF
S3150800D4305FF8044800680028E4D110BDA050002019
S3150800D440480000204400002070B504460D46206CB4
S3150800D45070B1216CE0680144E160D4E902108842A9
S3150800D46001D32168E1602846226CE168F3F76BF87E
S3150800D47070BD2DE9F04104460F4615464FF00008E9
S3150800D480A66B206C48B9206800282CD1A06802F049
S3150800D4901FFC80460020A06025E07DB93946226C35
S3150800D4A06068F3F750F8216C606808446060D4E956
S3150800D4B00101884217D32068606014E03946226C5F
S3150800D4C0E068F3F740F8216CE068411AE1602168EA
S3150800D4D0E068884203D2216CA068411AE160022DF7
S3150800D4E001D106B1761E701CA0634046BDE8F081E6
S3150800D4F010B5044694F8590030B9206B01F014FAB7
S3150800D500204601F011FA1AE094F85900012803D1CF
S3150800D510204601F009FA12E094F85900022801D1D0
S3150800D520012000E0002050B900BF502080F3118888
S3150800D530BFF34F8FBFF36F8F00BF00BFFEE710BD6D
S3150800D540002103E0054A12685154491C6029F9D3A1
S3150800D5506020024A1268106600207047A008002062
S3150800D56010B5014611480068006E08B9012010BDC3
S3150800D5700E48006802780D480068006E401E0B4B86
S3150800D5801B68186609480068006E084B1B68185C1B
S3150800D590064B1B681870FF20044B1B681B6E034C58
S3150800D5A02468E0540A700020E1E70000A008002083
S3150800D5B00146084A126812680AB9012200E00022E8
S3150800D5C00A600A6822B9034A1268D268106800E03D
S3150800D5D0002070477400002030B54FF47053174888
S3150800D5E000F007042CB1C01D20F00700134C041BE3
S3150800D5F01B1B0246124C22600024114D6C60D01889
S3150800D600083820F007000F4C206000240D4D2D68C7
S3150800D6106C600C4D2D682C601146441A4C60094C00
S3150800D62024680C60084D4C682C60084D4C682C60CA
S3150800D6304FF00044064D2C6030BD0000C40F00209A
S3150800D6400C000020140000201C00002018000020F8
S3150800D6502800002000BFFFF7D3FE0648006801280F
S3150800D660F9D94FF0805004490860BFF34F8FBFF3D4
S3150800D6706F8FF0E7044C002004ED00E02DE9F0413F
S3150800D68005460E4617469846069C0EB9246000E0E5
S3150800D6902760E56326640121204601F0BBFD84F876
S3150800D6A04C8094F84C0030B1012812D0032809D0D8
S3150800D6B004281CD114E02B460EA22146112003F0A3
S3150800D6C0F3FD14E000230BA22146122003F0ECFD23
S3150800D6D00DE0002307A22146132003F0E5FD06E02E
S3150800D6E0002304A22146172003F0DEFD00BF00BF79
S3150800D6F0BDE8F081000000002DE9F05F82460E4685
S3150800D70090469B460A9F0C9C4FEA8801A522206BEF
S3150800D710F2F790FFA8F10100216B01EB800929F0CF
S3150800D720070909F0070008B9012000E0002050B9F0
S3150800D73000BF502080F31188BFF34F8FBFF36F8F60
S3150800D74000BF00BFFEE786B1002507E0715D04F162
S3150800D75034004155705D00B902E06D1C102DF5D3FB
S3150800D76000BF00214320015502E0002084F8340060
S3150800D770382F00D33727E762E76400202065201D8D
S3150800D78001F061F804F1180001F05DF82461C7F1B1
S3150800D7903800A06164620020606584F858005A4623
S3150800D7A05146484600F0DEFF20600B9808B10B98FA
S3150800D7B00460BDE8F09F000010B5002407E004EB04
S3150800D7C084010F4A02EB810001F030F8641C382C02
S3150800D7D0F5D30C4801F02AF80B4801F027F80B4856
S3150800D7E001F024F80A4801F021F80A4801F01EF869
S3150800D7F004480949086004480849086010BD000043
S3150800D800044C002064500020785000208C500020E2
S3150800D810A0500020B45000203C000020400000200A
S3150800D82010B50146164800E0006803688B42FBD332
S3150800D8300246436813448B4204D143684C68234428
S3150800D840436001460A464B6813440468A34211D153
S3150800D8500C4C03682468A34208D04B6804686468C3
S3150800D86023444B6003681B680B6005E0054B1B6887
S3150800D8700B6001E003680B60884200D0016010BDB0
S3150800D8800C000020140000202DE9F04104460D4646
S3150800D89016461F464FF0000865602461B5420CD84D
S3150800D8A0F01BA169884202D34FF0010811E0211D3F
S3150800D8B00948006800F0CAFF0BE0BE4204D2BD4228
S3150800D8C002D34FF0010804E0211D0448006800F067
S3150800D8D0BDFF4046BDE8F0817800002074000020B6
S3150800D8E00020704770B5054600F0D6FFA86B08B94A
S3150800D8F0012400E0002400F0F9FF204670BD70B551
S3150800D900054600F0C9FFA86BE96B884201D10124DE
S3150800D91000E0002400F0EAFF204670BD01460878C2
S3150800D9204B7818448B781844CB7818440B791844EC
S3150800D9304B791844C0B24FF6FF731A1AC879B0EB80
S3150800D940222F01D0002070478879D3B2984201D09F
S3150800D9500020F8E70878012801DD0020F3E7012018
S3150800D960F1E710B504462078012808D16078012827
S3150800D97002D100F07DF901E000F062F900E000BF95
S3150800D98000BF10BDF8B505460F461C480068C068BC
S3150800D990C468201D00F01DFF2146D220226A02F02D
S3150800D9A035FF94F8280000F00400E8B1A069411991
S3150800D9B02B463A462046FFF767FFD8B100200346B4
S3150800D9C02A4601460090204602F0F0FA064656B965
S3150800D9D000BF502080F31188BFF34F8FBFF36F8FBE
S3150800D9E000BF00BFFEE705E094F8280020F001001C
S3150800D9F084F828002046216A8847F8BD740000206C
S3150800DA00F0B587B0A5E00398002811DA04AE56B938
S3150800DA1000BF502080F31188BFF34F8FBFF36F8F7D
S3150800DA2000BF00BFFEE7D6E90020B168904700BFF7
S3150800DA3003980028E6DB059C606908B9012000E028
S3150800DA40002010B9201D00F0C4FE02A800F0E2F87C
S3150800DA50054603980A287AD2DFE800F00905073E4A
S3150800DA60466806083F4700BF00BF00BF00BF94F8DE
S3150800DA70280040F0010084F828000498A26981185B
S3150800DA8003462A462046FFF7FFFE20B32046216AB2
S3150800DA9088472146D220226A02F0B8FE94F8280068
S3150800DAA000F00400B8B1002000900498A16942185B
S3150800DAB000231946204602F079FA074657B900BFEF
S3150800DAC0502080F31188BFF34F8FBFF36F8F00BFCD
S3150800DAD000BFFEE700BF3BE000BF94F8280020F037
S3150800DAE0010084F8280033E000BF94F8280040F0CD
S3150800DAF0010084F828000498A061A06908B10120F3
S3150800DB0000E0002050B900BF502080F31188BFF311
S3150800DB104F8FBFF36F8F00BF00BFFEE7A0694119A3
S3150800DB202B462A462046FFF7AFFE11E094F8280058
S3150800DB3000F0020020B9204600F0F6FE06E006E0F6
S3150800DB4094F8280020F0010084F8280000E000BFBF
S3150800DB5000BF002203A90448006801F0BDFD0028A3
S3150800DB607FF451AF07B0F0BD7C000020F8B505463C
S3150800DB700C4601F02FF9684600F04CF80646009866
S3150800DB8020BB44B9B54206D802F04EF931462846BC
S3150800DB90FFF7F8FE1CE03CB10E480068006808B9BB
S3150800DBA0012000E000200446A91B22460A48006816
S3150800DBB000F08EFF02F038F950B94FF0805007494F
S3150800DBC00860BFF34F8FBFF36F8F01E002F02CF9A7
S3150800DBD0F8BD0000780000207C00002004ED00E07D
S3150800DBE00A490968096809B9012100E0002121B13B
S3150800DBF04FF0FF31064A116006E004490968C96812
S3150800DC00C868034A41681160704700003C0000205C
S3150800DC106800002070B5044601F094FF05460748E1
S3150800DC200068854204D200F065F80120206001E012
S3150800DC300020206001480560284670BD8400002049
S3150800DC4010B50A480068406800B910BD00BFEFF378
S3150800DC50108004460120FFF7E2F90020034909680D
S3150800DC6048602046FFF7DBF900BFEEE7C008002052
S3150800DC7070B5002500261C4800684068012800D1B8
S3150800DC8070BD1A48006885682DB919480068174993
S3150800DC900968886000BF15480068466826B90020EC
S3150800DCA012490968486000BF00BFEFF310800446B8
S3150800DCB00120FFF7B4F900F0E1FA00F053FB00F099
S3150800DCC08FFA00F0EDFA084800680068401C06491B
S3150800DCD00968086001200449096848602046FFF77A
S3150800DCE09EF900BFCCE70000C0080020D00800203D
S3150800DCF0980000202DE9F84339E027480068C068F5
S3150800DD00056825480068C068C468201D00F061FDE4
S3150800DD102146D220226A02F079FD2046216A8847E8
S3150800DD2094F8280000F0040008B3A0694619AE422A
S3150800DD3007D966602461211D1748006800F086FD32
S3150800DD4015E0002003462A4601460090204602F0C8
S3150800DD502DF9074657B900BF502080F31188BFF345
S3150800DD604F8FBFF36F8F00BF00BFFEE700BF0A48A3
S3150800DD700068006808B9012000E000200028BCD02F
S3150800DD800548D0F80080054800680349086003483C
S3150800DD90C0F80080BDE8F8837400002078000020F1
S3150800DDA00E480068401C08B9012000E0002050B960
S3150800DDB000BF502080F31188BFF34F8FBFF36F8FDA
S3150800DDC000BF00BFFEE700BF502080F31188BFF3F5
S3150800DDD04F8FBFF36F8F00BF00BFFEE72C000020F8
S3150800DDE008B500BF6846FFF7E3FB044620460099DE
S3150800DDF0FFF7BCFEFFF704FEF4E7000002460F2A11
S3150800DE0035D2DFE802F008312225282B2E1F0A0D0D
S3150800DE10101316191C000120704718A0086029E085
S3150800DE201FA0086026E029A0086023E02CA008604F
S3150800DE3020E036A008601DE03FA008601AE045A073
S3150800DE40086017E031A0086014E04AA0086011E0F5
S3150800DE504DA008600EE052A008600BE055A00860CF
S3150800DE6008E05BA0086005E05FA0086002E062A029
S3150800DE70086000BF00BF0020CEE700004578636554
S3150800DE8065646564205452435F4346475F454E5474
S3150800DE9052595F5441424C455F534C4F545300000E
S3150800DEA04578636565646564205452435F43464715
S3150800DEB05F454E5452595F53594D424F4C5F4D4141
S3150800DEC0585F4C454E475448000000004576656E3D
S3150800DED0742073697A65206578636565646564008E
S3150800DEE05452435F53545245414D5F504F52545F0D
S3150800DEF0524541445F444154412072657475726EBF
S3150800DF006564206572726F72000000005452435FA8
S3150800DF1053545245414D5F504F52545F57524954DE
S3150800DF20455F444154412072657475726E6564207C
S3150800DF306572726F72000000426C6F636B696E6780
S3150800DF4020696E20785472616365456E61626C65FE
S3150800DF50000000004E6F20736C6F7473206C65664A
S3150800DF607420696E20537461636B204D6F6E6974FB
S3150800DF706F720000496E76616C6964206576656E1D
S3150800DF807420636F6465000045786365656465643D
S3150800DF9020495352206E657374696E67000000004D
S3150800DFA0445754206E6F7420737570706F72746561
S3150800DFB0640000004457545F435943434E54206E4F
S3150800DFC06F7420737570706F72746564000000005A
S3150800DFD0436F756C64206E6F742063726561746537
S3150800DFE020547A4374726C004153534552543A2074
S3150800DFF02573202825642900556E6B6E6F776E2071
S3150800E0006572726F7220636F64653A2030782530C6
S3150800E0103858000038B504461F480068806840B97B
S3150800E0201D48016808311DA003F066FA012800D1D1
S3150800E03038BD69462046FFF7E1FE0F2C1FD2DFE800
S3150800E04004F01E1B10111213140F08090A0B0C0DED
S3150800E0500E0000BF00BF00BF00BF00BF00BF00BF6B
S3150800E06000BF00BF00BF00BF00BF0B490968886832
S3150800E070009903F0A9F90BE000BF0120D8E706498B
S3150800E08009682246886807A103F0C0F90120CFE78E
S3150800E09000BF0020CCE70000A40800202357465202
S3150800E0A000000000556E6B6E6F776E206572726F9A
S3150800E0B07220636F64653A2030782530385800003E
S3150800E0C0F8B505460E4614460027002000903F483E
S3150800E0D0007800F00100002842D03D4800684068FA
S3150800E0E000283DD004F10C00694602F091FAA0BB65
S3150800E0F0009800790838C0F38300032141EA00300C
S3150800E10000990968088033480068B0F86C000099DF
S3150800E110096848803048406800990968486000984E
S3150800E120006840682D4909684969884207D22B4822
S3150800E1300068C068401C29490968C86000E000BF3B
S3150800E1400098006840682549096848610098806811
S3150800E150083000998860002003E0FFE7012000E00E
S3150800E160012060BB0098006800998968890840F812
S3150800E170215000988068001D00998860E01C82087C
S3150800E1803146009802F030FA00984068009989688C
S3150800E190471A5FB1002100980068009A9268815476
S3150800E1A000988068401C0099886000BF074800787E
S3150800E1B000F0010018B106480068406800B902E09E
S3150800E1C0009802F0CBFC0020F8BD0000C80800202B
S3150800E1D0C0080020A8080020001000E0D008002091
S3150800E1E03EB50024684602F00DF902A90C2002F09B
S3150800E1F05BFA48BB029900980968029A92689208E5
S3150800E20041F8220002988068001D029988601C2146
S3150800E21002980068029A9268920840F822100298BA
S3150800E2208068001D02998860032002990968029A8D
S3150800E2309268920841F8220002988068001D0299A7
S3150800E2408860029802F0A6FC002414E001A9204682
S3150800E25002F0CAF80198056865B102A9302002F0F3
S3150800E26023FA38B90C22DDE9011002F0BDF902984B
S3150800E27002F090FC641C602CE8D33EBD08B56946E4
S3150800E280202002F011FA40B90822044801680098D3
S3150800E29002F0AAF9009802F07DFC08BDC408002027
S3150800E2A038B500200090002569460C2002F0B0F928
S3150800E2B0A0BB009800790838C0F38300012141EA21
S3150800E2C0003000990968088022480068B0F86C0098
S3150800E2D0009909684880204840680099096848609C
S3150800E2E00098006840681D4909684969884207D24C
S3150800E2F01A480068C068401C18490968C86000E0E8
S3150800E30000BF009800684068144909684861009889
S3150800E3108068083000998860002001E0FFE7012046
S3150800E320B8B9002410E00E48006850F82450009848
S3150800E330006800998968890840F821500098806823
S3150800E340001D00998860641C002CECD0009802F02F
S3150800E35005FC38BDA8080020001000E0D008002001
S3150800E360CC08002008B569461C2002F09DF958B96A
S3150800E37007220648006841F2A8210144009802F0E5
S3150800E38033F9009802F006FC08BD0000C00800201A
S3150800E3902DE9FF4F83B0064615461C46109F002000
S3150800E3A002908146824604F1910B042000EB84001A
S3150800E3B02844019086B95B480068006848B95948FE
S3150800E3C0016859A003F098F8012802D107B0BDE802
S3150800E3D0F08F5448006806685548007800F0010038
S3150800E3E0002844D053480068406870B3019901F189
S3150800E3F0080002A902F00CF940BB1FFA8BF102983B
S3150800E40000790838C0F3830041EA003002990968A8
S3150800E410088049480068B0F86C0002990968488085
S3150800E420464840680299096848600298006840684A
S3150800E430434909684969884209D241480068C06861
S3150800E440401C3F490968C86002E010E00DE000BFC3
S3150800E4500298006840683A490968486102988068E5
S3150800E460083002998860002002E0012000E00120BF
S3150800E470012800D1AAE702980068029989688908E4
S3150800E48040F8216002988068001D029988604FF064
S3150800E490000811E03968081D3860096802980068A4
S3150800E4A0029A9268920840F8221002988068001D25
S3150800E4B00299886008F10108A045EBD302984068E4
S3150800E4C002998968A0EB0109A94501D2A9F10105BC
S3150800E4D0E81C82080499029802F086F802984068B7
S3150800E4E002998968A0EB010ABAF1000F0BD0002047
S3150800E4F002990968029A9268885402988068401CB2
S3150800E5000299886000BF0A48007800F0010018B137
S3150800E51008480068406800B902E0029802F01EFB4D
S3150800E520002053E7B808002044656661756C7400DE
S3150800E530C8080020C0080020A8080020001000E035
S3150800E540D008002070B5044600F0A6F994F94550A5
S3150800E55010E0606A08B9012000E0002038B904F12B
S3150800E560240001F011FC18B100F084FB00E003E080
S3150800E570681E45B2002DECDC00BFFF2084F845007C
S3150800E58000F0B4F900F088F994F9445010E02069D5
S3150800E59008B9012000E0002048B904F1100001F094
S3150800E5A0F3FB08B100F066FB681E45B200E001E027
S3150800E5B0002DECDC00BFFF2084F8440000F096F93B
S3150800E5C070BD014601F0030008B101207047002024
S3150800E5D0FCE7000010B516210348F2F733F81621B8
S3150800E5E00248F2F72FF810BDA85C0020BE5C002098
S3150800E5F02DE9F04704464FF0000800F0EBFB5148C0
S3150800E600006808B9FEF7E8FF4F4800682040002870
S3150800E61070D1D4B1083404F00700B0B104F0070093
S3150800E620C0F10800044404F0070008B9012000E01E
S3150800E630002050B900BF502080F31188BFF34F8FD8
S3150800E640BFF36F8F00BF00BFFEE7002C52D03F48D4
S3150800E650006884424ED83E4E3046056801E02E4694
S3150800E6602D686868A04202D228680028F7D1354884
S3150800E670006885423ED0306800F108082868306096
S3150800E6806868001B102819D92F1907F0070008B960
S3150800E690012000E0002050B900BF502080F3118807
S3150800E6A0BFF34F8FBFF36F8F00BF00BFFEE76868E9
S3150800E6B0001B78606C603846FFF7B2F82349686833
S3150800E6C00968081A21490860084600682149096846
S3150800E6D0884203D21D4800681E4908601A496868BE
S3150800E6E0096808436860002028601B480068401CC9
S3150800E6F0194908601948007800F0010050B1184817
S3150800E7000068406830B102F0CDFC81462246414699
S3150800E71002F04CFB01F088FB08F0070008B901205D
S3150800E72000E0002050B900BF502080F31188BFF3E5
S3150800E7304F8FBFF36F8F00BF00BFFEE74046BDE8AF
S3150800E740F087000014000020280000201800002090
S3150800E7500C0000201C00002020000020C808002013
S3150800E760C0080020001F4FF080730360001F21F0CF
S3150800E77001030360001F054B036014380260001F85
S3150800E7806FF002030360203870470000A1DD00081F
S3150800E79070B504460D468CB140F2551141F207405A
S3150800E7A0F8F77CFF43F2204149F22040F8F75CFF76
S3150800E7B0294643F22040F8F737FF09E04FF4AA71DB
S3150800E7C041F20740F8F76AFF49F22040F8F776FD6C
S3150800E7D070BD01460A69D1E901309860D1E90103A3
S3150800E7E058605068884201D18868506000200861E6
S3150800E7F01068401E1060106870470000034B0360E5
S3150800E800034B0B6080231360704700000C0900203F
S3150800E81068090020034B0360034B0B604FF48073B9
S3150800E82013607047680B0020C40B002000F1080134
S3150800E83041604FF0FF31816000F10801C16001615C
S3150800E84000210160704700210161704710B502463A
S3150800E8500B685C1C0CB9106907E002F1080000E0BF
S3150800E8604068446824689C42FAD944684C604C68FD
S3150800E870A160886041600A611468641C146010BD58
S3150800E88042684A6093688B60936859609160086132
S3150800E89003685B1C0360704700BF502080F3118833
S3150800E8A0BFF34F8FBFF36F8F00BF0E480068401C41
S3150800E8B00C49086008460068012812D10A48006811
S3150800E8C0C0B208B9012000E0002050B900BF5020AE
S3150800E8D080F31188BFF34F8FBFF36F8F00BF00BF60
S3150800E8E0FEE770472C00002004ED00E00D480068A4
S3150800E8F050B900BF502080F31188BFF34F8FBFF384
S3150800E9006F8F00BF00BFFEE706480068401E054936
S3150800E91008600846006820B9002080F3118800BF07
S3150800E92000BF70472C0000202DE9F04105462E4611
S3150800E930002D54D0083E34462A49606809680840C4
S3150800E94008B1012000E0002050B900BF502080F334
S3150800E9501188BFF34F8FBFF36F8F00BF00BFFEE76D
S3150800E960206808B9012000E0002050B900BF5020F7
S3150800E97080F31188BFF34F8FBFF36F8F00BF00BFBF
S3150800E980FEE7184960680968084040B3206830BB4C
S3150800E9901449606809688843606000F01BFA1249E8
S3150800E9A0606809680844104908601048007800F053
S3150800E9B0010050B10E480068406830B102F072FBA1
S3150800E9C007462946626802F02BFA2046FEF728FF1A
S3150800E9D008480068401C0749086001F025FABDE8A8
S3150800E9E0F08100002800002018000020C808002038
S3150800E9F0C00800202400002000204FF0E021086114
S3150800EA008861064800684FF47A71B0FBF1F0401E41
S3150800EA104FF0E02148610720086170479800002000
S3150800EA2070B5F1F7A5FC0446102C16D304F1E020C6
S3150800EA3090F8F05315480078854201DB012000E084
S3150800EA40002050B900BF502080F31188BFF34F8FC4
S3150800EA50BFF36F8F00BF00BFFEE70D48006800F4E4
S3150800EA60E0600C490968884201D8012000E00020CE
S3150800EA7050B900BF502080F31188BFF34F8FBFF302
S3150800EA806F8F00BF00BFFEE770BD0000300000209A
S3150800EA900CED00E03400002070B505460E46002453
S3150800EAA00FE00A4850F8340050B9084840F8346076
S3150800EAB000EBC40045603146284602F025FC02E01A
S3150800EAC0641C082CEDD300BF70BD0000C44B0020A9
S3150800EAD02DE9F04105460E4617462C46FFF7DCFEA3
S3150800EAE094F94400401C10B9002084F8440094F9B5
S3150800EAF04500401C10B9002084F84500FFF7F6FED3
S3150800EB00A06B28B93A46314604F1240000F0D4F83F
S3150800EB102046FFF717FDBDE8F081000070B50446F2
S3150800EB200025F4B11448006808B9012000E0002067
S3150800EB3050B900BF502080F31188BFF34F8FBFF341
S3150800EB406F8F00BF00BFFEE700F044F921467A2028
S3150800EB5001F0FAFD00212046FEF76EFB01F064F98C
S3150800EB6005463DB94FF0805004490860BFF34F8F02
S3150800EB70BFF36F8F70BD00007000002004ED00E049
S3150800EB802DE9F04705460F464FF0000955B900BF75
S3150800EB90502080F31188BFF34F8FBFF36F8F00BFEC
S3150800EBA000BFFEE70FB1012000E0002050B900BF0A
S3150800EBB0502080F31188BFF34F8FBFF36F8F00BFCC
S3150800EBC000BFFEE72248006808B9012000E00020DF
S3150800EBD050B900BF502080F31188BFF34F8FBFF3A1
S3150800EBE06F8F00BF00BFFEE700F0F4F8194806680B
S3150800EBF02868C4192868B04207D92868A0420BD9E2
S3150800EC00B44209D94FF0010906E02868A04201D8A4
S3150800EC10B44201D94FF001092C60B9F1000F07D0B1
S3150800EC202146792001F090FDA01B0021FEF704FB88
S3150800EC3001F0FAF88046B8F1000F07D14FF080507E
S3150800EC4005490860BFF34F8FBFF36F8FBDE8F087A4
S3150800EC50700000204C00002004ED00E0034909681C
S3150800EC6001600349096841607047000060000020A0
S3150800EC704C00002001200149086070475C00002014
S3150800EC8070B504460D4654B900BF502080F311886C
S3150800EC90BFF34F8FBFF36F8F00BF00BFFEE7054876
S3150800ECA0016818312046FFF7D1FD01212846FEF7F5
S3150800ECB0C3FA70BD3800002070B506460C461546E6
S3150800ECC056B900BF502080F31188BFF34F8FBFF3AA
S3150800ECD06F8F00BF00BFFEE709480168183130464C
S3150800ECE0FFF7CEFD0DB14FF0FF3406480068011955
S3150800ECF0792001F029FD29462046FEF79DFA70BDC8
S3150800ED00380000204C00002010B586B00020059081
S3150800ED10049003AA04A905A8FFF770FD0022DDE9FF
S3150800ED2004101346CDE90021029022A12348039A34
S3150800ED3000F09AFE224908600846006808B10124D6
S3150800ED4000E00024012C02D101F0F4F80446012C5D
S3150800ED501CD100BF502080F31188BFF34F8FBFF33B
S3150800ED606F8F00BF4FF0FF30164908600120164923
S3150800ED70086000201549086015480068C16A1448EB
S3150800ED80006802F07DFC00F07BF810E0601C08B11A
S3150800ED90012000E0002050B900BF502080F3118800
S3150800EDA0BFF34F8FBFF36F8F00BF00BFFEE706B0FC
S3150800EDB010BD000049444C450000000055D6000827
S3150800EDC06C00002068000020540000204C00002041
S3150800EDD03800002002480068401C01490860704756
S3150800EDE07000002010B52148006818B1012020499C
S3150800EDF008603AE000201E4908601E4801680CE0D9
S3150800EE0051B900BF502080F31188BFF34F8FBFF36D
S3150800EE106F8F00BF00BFFEE7491E01EB8100164A4F
S3150800EE2052F8200008B9012000E000200028E7D1A8
S3150800EE3001EB8102104B03EB820042685268426084
S3150800EE4000F108024368934202D142685268426060
S3150800EE504268D268094B1A6006480160184600687D
S3150800EE60C16A1846006802F00BFC10BD700000204D
S3150800EE705C00002050000020044C002038000020D0
S3150800EE801CB55C4800685C49884201D0012000E056
S3150800EE90002050B900BF502080F31188BFF34F8F70
S3150800EEA0BFF36F8F00BF00BFFEE7524800685249A4
S3150800EEB0491E884201D0012000E0002050B900BF59
S3150800EEC0502080F31188BFF34F8FBFF36F8F00BFB9
S3150800EED000BFFEE74949084600780190FF200A4628
S3150800EEE010700846007800909DF8000000F0F000C9
S3150800EEF09DF80020904201D1012000E0002050B981
S3150800EF0000BF502080F31188BFF34F8FBFF36F8F78
S3150800EF1000BF00BFFEE79DF8000000F05000384A29
S3150800EF2010700720374A106009E036480068401E0E
S3150800EF30344A10609DF800004006000E00909DF8C7
S3150800EF40000000F080008028EFD02E480068C0F14D
S3150800EF500700042801D1012000E0002050B900BFB5
S3150800EF60502080F31188BFF34F8FBFF36F8F00BF18
S3150800EF7000BFFEE723480068C0F10700042801D156
S3150800EF80012000E0002050B900BF502080F311880E
S3150800EF90BFF34F8FBFF36F8F00BF00BFFEE719485F
S3150800EFA000680002174A10601046008800F4E06006
S3150800EFB01060124A019810700E482030006840F41C
S3150800EFC070000C49203108600846006840F070401F
S3150800EFD00860FFF711FD00200B490860F1F790F96A
S3150800EFE00A48006840F0404008490860F1F774F99B
S3150800EFF000201CBD00ED00E071C20F4100E400E0F6
S3150800F00030000020340000202C00002034EF00E0FF
S3150800F01010B500BF502080F31188BFF34F8FBFF3A0
S3150800F0206F8F00BF00F094FD18B14FF0805004496F
S3150800F030086000BF002080F3118800BF10BD0000E3
S3150800F04004ED00E02DE9F84305460F4616460DB1D6
S3150800F050012000E0002050B900BF502080F311883D
S3150800F060BFF34F8FBFF36F8F00BF00BFFEE705FBEF
S3150800F07007F808F15000FFF7BBFA04466CB1A14641
S3150800F08009F15009002084F8460033464A463946B5
S3150800F09028460094FEF7F2FA20E036B1012E10D089
S3150800F0A0032E08D0042E18D111E02A46002141204B
S3150800F0B001F0ACFB11E000221146422001F0A6FB4C
S3150800F0C00BE000221146432001F0A0FB05E00022D8
S3150800F0D01146472001F09AFB00BF00BF2046BDE855
S3150800F0E0F8832DE9F84306460F4690461D46DDF897
S3150800F0F020900EB1012000E0002050B900BF50203A
S3150800F10080F31188BFF34F8FBFF36F8F00BF00BF27
S3150800F110FEE70DB1012000E0002050B900BF5020E5
S3150800F12080F31188BFF34F8FBFF36F8F00BF00BF07
S3150800F130FEE7B8F1000F00D00FB1012000E0002073
S3150800F14050B900BF502080F31188BFF34F8FBFF32B
S3150800F1506F8F00BF00BFFEE7B8F1000F00D10FB9EF
S3150800F160012000E0002050B900BF502080F311882C
S3150800F170BFF34F8FBFF36F8F00BF00BFFEE750206E
S3150800F18000900098502801D1012000E0002050B9D5
S3150800F19000BF502080F31188BFF34F8FBFF36F8FE6
S3150800F1A000BF00BFFEE700BF2C4654B1012084F81B
S3150800F1B046004B464246394630460094FEF75EFA0C
S3150800F1C025E0B9F1000F09D0B9F1010F12D0B9F154
S3150800F1D0030F09D0B9F1040F18D111E03246002106
S3150800F1E0412001F013FB11E000221146422001F0F4
S3150800F1F00DFB0BE000221146432001F007FB05E05A
S3150800F20000221146472001F001FB00BF00BF20463F
S3150800F210BDE8F88370B505460E462C4654B900BFBE
S3150800F220502080F31188BFF34F8FBFF36F8F00BF55
S3150800F23000BFFEE7FFF730FBD4E90F12206801FB99
S3150800F2400200A0600020A06320686060E06B401E9A
S3150800F250226C216800FB0211E160FF2084F844005B
S3150800F26084F845009EB9206908B9012000E000200D
S3150800F270A8B904F1100000F087FD80B14FF0805066
S3150800F28009490860BFF34F8FBFF36F8F07E004F19A
S3150800F2901000FFF7CBFA04F12400FFF7C7FAFFF7CF
S3150800F2A025FB012070BD000004ED00E02DE9FF43B9
S3150800F2B083B0064688461D464FF00009344654B9C1
S3150800F2C000BF502080F31188BFF34F8FBFF36F8FB5
S3150800F2D000BF00BFFEE7B8F1000F01D1206C08B9E6
S3150800F2E0012000E0002050B900BF502080F31188AB
S3150800F2F0BFF34F8FBFF36F8F00BF00BFFEE7022D2E
S3150800F30002D1E06B012801D1012000E0002050B9AC
S3150800F31000BF502080F31188BFF34F8FBFF36F8F64
S3150800F32000BF00BFFEE700F0FDFB08B9059808B965
S3150800F330012000E0002050B900BF502080F311885A
S3150800F340BFF34F8FBFF36F8F00BF00BFFEE700BF4D
S3150800F350FFF7A2FAA06BE16B884201D3022D4FD1C9
S3150800F36094F84C00052821D2DFE800F003160F0EAA
S3150800F3701B00A16B4A1C0DB9502100E0C0210846AC
S3150800F380214601F043FA11E000BFA06B421C21465A
S3150800F390512001F03BFA09E02146522001F0D4F948
S3150800F3A004E02146C52001F0CFF900BF00BF2A4678
S3150800F3B041462046FEF75DF80746606A08B901200F
S3150800F3C000E0002068B904F1240000F0DDFC88B1F3
S3150800F3D04FF0805065490860BFF34F8FBFF36F8FBA
S3150800F3E008E03FB14FF0805060490860BFF34F8F87
S3150800F3F0BFF36F8FFFF77AFA012007B0BDE8F083F5
S3150800F400059820BBFFF772FA94F84C0005281BD222
S3150800F410DFE800F003140E0D1500A26B0DB9532199
S3150800F42000E0C1210846214601F0F0F90CE000BFD2
S3150800F430A26B2146542001F0E9F905E000BF2146F8
S3150800F440552001F081F900BF00BF0020D5E7B9F1CA
S3150800F450000F04D101A8FFF701FC4FF00109FFF7DF
S3150800F46045FAFFF7B7FCFFF717FA94F94400401C72
S3150800F47010B9002084F8440094F94500401C10B9DE
S3150800F480002084F84500FFF731FA05A901A800F025
S3150800F49073FAD0BB2046FEF732FAB8B394F84C009C
S3150800F4A005281BD2DFE800F003140E0D1500A26B29
S3150800F4B00DB9562100E0C2210846214601F0A6F9F9
S3150800F4C00CE000BFA26B2146572001F09FF905E02A
S3150800F4D000BF2146582001F037F900BF00BF04F1EC
S3150800F4E010000599FFF7CCFB2046FFF72BF800F034
S3150800F4F09BFC00287FF42CAF4FF080501B49086016
S3150800F500BFF34F8FBFF36F8F22E706E0FFE7204672
S3150800F510FFF718F800F088FC1AE72046FFF712F8FC
S3150800F52000F082FC94F84C0005281BD2DFE800F0B6
S3150800F53003140E0D1500A26B0DB9532100E0C1216D
S3150800F5400846214601F062F90CE000BFA26B21468D
S3150800F550542001F05BF905E000BF2146552001F073
S3150800F560F3F800BF00BF002047E7000004ED00E005
S3150800F5702DE9F84F07468A4690461D463C4654B93B
S3150800F58000BF502080F31188BFF34F8FBFF36F8FF2
S3150800F59000BF00BFFEE7BAF1000F01D1206C08B921
S3150800F5A0012000E0002050B900BF502080F31188E8
S3150800F5B0BFF34F8FBFF36F8F00BF00BFFEE7022D6B
S3150800F5C002D1E06B012801D1012000E0002050B9EA
S3150800F5D000BF502080F31188BFF34F8FBFF36F8FA2
S3150800F5E000BF00BFFEE7FFF71BFA00BF5021EFF38D
S3150800F5F0118081F31188BFF34F8FBFF36F8F00BF60
S3150800F6000646A06BE16B884201D3022D41D194F9DD
S3150800F61045B0A06B009094F84C0020B102280ED09B
S3150800F620032813D10AE0A16B4A1C0DB9592100E041
S3150800F630C3210846214601F0E9F807E000BFA06BA0
S3150800F640421C21465A2001F0E1F800BF00BF2A46B5
S3150800F65051462046FDF70DFF0BF1010088B9606A97
S3150800F66008B9012000E0002050B904F1240000F098
S3150800F6708BFB28B1B8F1000F02D00120C8F80000B2
S3150800F68004E00BF1010040B284F845004FF001098F
S3150800F6901BE094F84C0020B102280DD0032811D1A4
S3150800F6A009E0A26B0DB95C2100E0C4210846214699
S3150800F6B001F0ACF806E000BFA26B21465D2001F020
S3150800F6C0A5F800BF00BF4FF0000900BF86F31188F8
S3150800F6D000BF4846BDE8F88F2DE9F74183B00546D7
S3150800F6E00E464FF000082C4654B900BF502080F350
S3150800F6F01188BFF34F8FBFF36F8F00BF00BFFEE7C0
S3150800F7000EB9206C08B9012000E0002050B900BFEE
S3150800F710502080F31188BFF34F8FBFF36F8F00BF60
S3150800F72000BFFEE700F0FEF908B9059808B9012000
S3150800F73000E0002050B900BF502080F31188BFF3C5
S3150800F7404F8FBFF36F8F00BF00BFFEE700BFFFF705
S3150800F750A3F8A76B002F45D031462046FDF774FE67
S3150800F76094F84C00052821D2DFE800F003140C0BAE
S3150800F7701A00A06B431E21466020059A01F0AAF8DC
S3150800F78014E000BFA06B431E21466120059A01F0D4
S3150800F790A1F80BE021466220059A01F037F805E04A
S3150800F7A02146C720059A01F031F800BF00BF781E30
S3150800F7B0A063206908B9012000E0002060B904F1BF
S3150800F7C0100000F0E1FA38B14FF08050694908603E
S3150800F7D0BFF34F8FBFF36F8FFFF788F8012006B08E
S3150800F7E0BDE8F081059840BBFFF780F894F84C0017
S3150800F7F005281FD2DFE800F003120B0A1800A36BD6
S3150800F80021466320059A01F065F813E000BFA36B53
S3150800F81021466420059A01F05DF80BE02146652033
S3150800F820059A00F0F3FF05E02146C820059A00F086
S3150800F830EDFF00BF00BF0020D1E7B8F1000F04D1EB
S3150800F84001A8FFF70BFA4FF00108FFF74FF8FFF78B
S3150800F850C1FAFFF721F894F94400401C10B90020BA
S3150800F86084F8440094F94500401C10B9002084F837
S3150800F8704500FFF73BF805A901A800F07DF8E0BBB5
S3150800F8802046FEF72FF8C8B394F84C0005281FD277
S3150800F890DFE800F003120B0A1800A36B2146662066
S3150800F8A0059A01F017F813E000BFA36B21466720FD
S3150800F8B0059A01F00FF80BE021466820059A00F03A
S3150800F8C0A5FF05E02146F620059A00F09FFF00BF38
S3150800F8D000BF04F124000599FFF7D2F92046FEF788
S3150800F8E031FE00F0A1FA00287FF431AF4FF08050C6
S3150800F8F020490860BFF34F8F01E009E002E0BFF33B
S3150800F9006F8F24E72046FEF71DFE00F08DFA1EE7EE
S3150800F9102046FEF717FE00F087FA2046FDF7E2FFBD
S3150800F9200028EED094F84C0005281FD2DFE800F036
S3150800F93003120B0A1800A36B21466320059A00F0F0
S3150800F940C9FF13E000BFA36B21466420059A00F0A7
S3150800F950C1FF0BE021466520059A00F057FF05E038
S3150800F9602146C820059A00F051FF00BF00BF0020BD
S3150800F97035E7000004ED00E070B505460C4655B9BC
S3150800F98000BF502080F31188BFF34F8FBFF36F8FEE
S3150800F99000BF00BFFEE754B900BF502080F31188AE
S3150800F9A0BFF34F8FBFF36F8F00BF00BFFEE7FEF7B1
S3150800F9B073FF124802686868131A2068401C08B961
S3150800F9C0002617E00E4928680968884204D0686846
S3150800F9D0904201D801260DE02068984207D9206890
S3150800F9E0C01A20602846FFF739F9002602E00020F1
S3150800F9F020600126FEF77AFF304670BD4C000020D5
S3150800FA00600000202DE9FF4F85B0804689461746DD
S3150800FA10DDE912ABB800FEF7EBFD064656B15C20F1
S3150800FA20FEF7E6FD04460CB1266304E03046FEF711
S3150800FA307BFF00E000248CB1002084F85900CDE952
S3150800FA4000ABCDE902403A4649464046089BFDF7D9
S3150800FA5053FE2046FDF72EFC012501E04FF0FF3549
S3150800FA60284609B0BDE8F08F2DE9F04F85B0074666
S3150800FA70884691469A46DDE90EB6109C0EB10120DD
S3150800FA8000E0002050B900BF502080F31188BFF372
S3150800FA904F8FBFF36F8F00BF00BFFEE70CB1012089
S3150800FAA000E0002050B900BF502080F31188BFF352
S3150800FAB04F8FBFF36F8F00BF00BFFEE75C20039038
S3150800FAC003985C2801D1012000E0002050B900BF4E
S3150800FAD0502080F31188BFF34F8FBFF36F8F00BF9D
S3150800FAE000BFFEE700BFB4B1AEB125462C462E6373
S3150800FAF0022085F85900002004A953464A46CDE954
S3150800FB0000B1CDE9025041463846FDF7F5FD2846D5
S3150800FB10FDF7D0FB01E000200490049805B0BDE88D
S3150800FB20F08F00000549096809B9012005E0044974
S3150800FB30096809B9022000E0002070475400002037
S3150800FB407000002001490868704700004C0000203A
S3150800FB502DE9F0414FF0000851480068012802D00D
S3150800FB605048006830B950480068401C4F49096839
S3150800FB70886100BF4A48006828B94B480168491C93
S3150800FB80312000F0E1FD4648006800287FD146484C
S3150800FB900068451C4448056015BB45480068006870
S3150800FBA008B9012000E0002050B900BF502080F3BA
S3150800FBB01188BFF34F8FBFF36F8F00BF00BFFEE7FB
S3150800FBC03B4807683B480068394908603948076078
S3150800FBD039480068401C38490860FEF701F800BF3C
S3150800FBE03648006885423FD300BF31480068006840
S3150800FBF008B9012000E0002020B14FF0FF302F495E
S3150800FC00086030E02A480068C068C4686668B5427B
S3150800FC1002D22A48066026E0201DFEF7DAFDA06A11
S3150800FC2018B104F11800FEF7D4FD2146302000F083
S3150800FC308BFD2349E06A0968884202D92049E06AAF
S3150800FC400860E16A01EB81011E4A02EB8100211D71
S3150800FC50FEF716FE1C49E06A0968C96A8842C4D3D9
S3150800FC604FF00108C1E700BF17480068C06A00EBFB
S3150800FC708000144951F82000012801D94FF00108E5
S3150800FC801248006808B14FF0010805E0FFE705488B
S3150800FC900068401C034908604046BDE8F081000042
S3150800FCA070000020580000204C000020D0080020DA
S3150800FCB03C00002040000020600000206800002072
S3150800FCC050000020044C0020380000205C00002072
S3150800FCD070B505462C460026002D4CD027480068EE
S3150800FCE0844201D1012000E0002050B900BF502015
S3150800FCF080F31188BFF34F8FBFF36F8F00BF00BF2C
S3150800FD00FEE7206D50B900BF502080F31188BFF37D
S3150800FD104F8FBFF36F8F00BF00BFFEE7206D401EF9
S3150800FD202065E16CE06A884225D0206D18BB201D4D
S3150800FD30FEF74FFD21460620E26C00F067FDE06CF9
S3150800FD40E062E06AC0F13800A0612146302000F088
S3150800FD50FBFC0B49E06A0968884202D90849E06A4F
S3150800FD600860E16A01EB8101064A02EB8100211D68
S3150800FD70FEF786FD0126304670BD000038000020DB
S3150800FD8050000020044C002070B50646F068C46890
S3150800FD9054B900BF502080F31188BFF34F8FBFF3CB
S3150800FDA06F8F00BF00BFFEE704F11800FEF711FDD4
S3150800FDB017480068C0B9201DFEF70BFD2146302004
S3150800FDC000F0C2FC1349E06A0968884202D9114961
S3150800FDD0E06A0860E16A01EB81010F4A02EB8100E3
S3150800FDE0211DFEF74DFD04E004F118010B48FEF74E
S3150800FDF047FD0B49E06A0968C96A884204D90125A2
S3150800FE0001200849086000E00025284670BD00006A
S3150800FE107000002050000020044C00208C50002068
S3150800FE20380000205C00002070B500240026384801
S3150800FE30006850B900BF502080F31188BFF34F8F78
S3150800FE40BFF36F8F00BF00BFFEE7FEF725FD304802
S3150800FE500068401E2E49086008460068002852D1EE
S3150800FE602C48006800284ED027E02B48C068C46894
S3150800FE7004F11800FEF7ADFC201DFEF7AAFC21468A
S3150800FE80302000F061FC2549E06A0968884202D9F9
S3150800FE902249E06A0860E16A01EB8101204A02EB27
S3150800FEA08100211DFEF7ECFC1E49E06A0968C96A53
S3150800FEB0884202D301201C4908601748006808B91F
S3150800FEC0012000E000200028CFD00CB1FDF788FE05
S3150800FED01648056865B100BFFFF73AFE10B1012064
S3150800FEE0114908606D1E002DF6D100200F490860E3
S3150800FEF00D48006838B1012630070D490860BFF380
S3150800FF004F8FBFF36F8FFEF7F1FC304670BD0000D0
S3150800FF1070000020480000208C500020500000206F
S3150800FF20044C0020380000205C0000205800002007
S3150800FF3004ED00E010B586B00024FDF727FA164850
S3150800FF400068D0B100200590049003AA04A905A86A
S3150800FF50FEF760FC0222DDE904100023CDE900214A
S3150800FF6002900EA10F48039AFFF77EFD0E4908601E
S3150800FF700846006800B1012400BF54B900BF5020EC
S3150800FF8080F31188BFF34F8FBFF36F8F00BF00BF99
S3150800FF90FEE7204606B010BD7C000020546D722096
S3150800FFA053766300E1DD0008800000202DE9FF4755
S3150800FFB006460D4617469846DDF83090002456B991
S3150800FFC000BF502080F31188BFF34F8FBFF36F8FA8
S3150800FFD000BF00BFFEE74B48006800286FD00095B9
S3150800FFE001970296062D15DAFFF79CFD022808D11F
S3150800FFF000234A46694643480068FFF757F904460E
S3150801000010E000231A4669463E480068FFF74EF994
S31508010010044607E00023424669463A480068FFF766
S31508010020A7FA04460A2D68D2DFE805F067052F0FFF
S3150801003019243A45515C012C01D1A02100E0A821DF
S315080100400846314600F080FB57E0012C01D1A22178
S3150801005000E0AA210846314600F076FB4DE0012C66
S3150801006001D1A32100E0AB2108463A46314600F00A
S31508010070CDFB42E0012C01D1242100E048210846AC
S315080100800022314601F07DF937E0012C01D1A12189
S3150801009000E0A92108463A46314600F0B7FB2CE0B4
S315080100A0012C01D1A42100E0AC2108463A4631468B
S315080100B000F0ACFB21E0012C02D1A52101E01DE0F5
S315080100C0AD2108463A46314600F0A0FB15E0012C61
S315080100D001D1A62100E0AE2108463A46314600F094
S315080100E095FB0AE0012C01D1A72100E0AF210846C2
S315080100F03A46314600F08AFB00BF00BF204604B0ED
S31508010100BDE8F0877C000020014607480160002011
S31508010110054A126810600548006840F48000034AE1
S31508010120106000207047000094080020C8080020CD
S3150801013002460548006850F822000844024B1B682D
S3150801014043F82200002070479808002010B51C4883
S31508010150007800F0080008B9012010BD19480068A8
S315080101604068002806DD082001F070FB00201549CB
S31508010170096848601348006800681C2806DD0920DC
S3150801018001F064FB00200F49096808600D48006802
S315080101908068002806DD0A2001F058FB002009497D
S315080101A00968886007480068C068002806DD0E20CF
S315080101B001F04CFB002003490968C8600020CCE720
S315080101C0C80800209808002010B5044601212046D9
S315080101D0FFF7AEFF10BD000002460A480260002183
S315080101E005E00020074B1B6843F82100491C052937
S315080101F0F7D30548006840F00800034B1860002053
S315080102007047000098080020C808002002460648E2
S31508010210006850F82200884203DA0348006840F86B
S3150801022022100020704700009808002010B5FDF73D
S3150801023007FD002010BD00007CB504460020009093
S31508010240019000F02FFE012800D17CBD204601F067
S3150801025027F9012800D1F8E700F0E4FE012800D1CA
S31508010260F3E7022C25D100BF00251A48D0F88410DF
S31508010270D0F88800081A07D0082269460120F9F73C
S3150801028037FC0546002000E00020012802D10B209A
S3150801029001F0DCFA082D06D16846FDF73FFB10B1DF
S315080102A06846FDF75EFB0C48006840680028DBD00D
S315080102B00DE0012C08D101208DF800008DF8010010
S315080102C06846FDF74EFB02E00CB10120BDE70020B0
S315080102D0BBE70000F4640020C0080020F8B5074613
S315080102E01A48007800F0100008B90120F8BD00BFCF
S315080102F0EFF3108006460120FCF788FE6846FDF7F5
S315080103002FF938B10120FFF75FFF3046FCF77EFE73
S315080103100120EBE79DF8000000EB40010C4800685E
S315080103200C3000EB01142460002504E00021201D97
S3150801033040F825106D1C032DF8D300202061207587
S315080103403C603046FCF762FE0020CFE7C808002073
S315080103509C08002070B50446144800680C30201A21
S315080103603021B0FBF1F0C5B200BFEFF310800646AD
S315080103700120FCF74BFE206820B93046FCF746FE03
S31508010380012070BD0020206009480068006E0849F8
S3150801039009680D5406480068006E401C044909683E
S315080103A008663046FCF732FE0020EAE79C08002082
S315080103B0A008002030B503460C4600210DE001EBEC
S315080103C04105084800680C3000EB05121068984290
S315080103D002D12260002030BD491C6029EFD30120DB
S315080103E0F9E700009C080020024602EB4203044894
S315080103F000680C3000EB031008600020704700000D
S315080104009C080020014604480068006EC0F160009F
S315080104100860002070470000A008002010B50446B7
S3150801042002480460FDF78CF810BD0000A008002002
S315080104302DE9F04107460E4614460EB90DA60024CD
S3150801044021460020FFF7E2FE1C2C01D3072402E017
S31508010450012000EB9404002506E056F8251007F163
S31508010460140040F825106D1CA542F6D30020BDE8FE
S31508010470F08100000000000030B503461E48036005
S3150801048060201D4C246820601C201B4C2468606079
S315080104900320194C2468A060002122E0002401EB06
S315080104A04105154800680C3000EB05100460002270
S315080104B00BE0002401EB41050F4800680C3000EB06
S315080104C00510001D40F82240521C032AF1D30024CE
S315080104D001EB4105084800680C3000EB051004756E
S315080104E0491C6029DAD30548006840F01000034C1E
S315080104F02060002030BD00009C080020C8080020AC
S3150801050010B504461548007800F0200008B9012006
S3150801051010BD134800684068E8B9114800680068CA
S31508010520611E01228A4010430D49096808600C487A
S31508010530006844602046FDF76DFD012803D1FFF7E9
S3150801054075FE0120E4E706490968886805A100F0F7
S315080105503BFFFFF76BFE0020DAE70000C808002022
S31508010560A40800205265636F726465722073746F04
S315080105707070656420696E2078547261636545728E
S31508010580726F72282E2E2E292100000010B50446FE
S315080105900648007800F0200008B9012010BD04497A
S315080105A0096848682146FDF729FCF7E7C8080020CD
S315080105B0A408002001460A4801600020084A12687A
S315080105C01060074A12685060054A1268906005482B
S315080105D0006840F02000034A1060002070470000C0
S315080105E0A4080020C808002070B503460C4600215F
S315080105F00AE054F821009E68B6081D6845F82600E9
S315080106009868001D9860491C9142F2D3002070BD7C
S315080106102DE9F04705460F464FF000091E480078B8
S3150801062000F0400010B90120BDE8F087FCF7E8FCAE
S3150801063080460120FCF7EDFC18480068C06E401C96
S3150801064016490968C86615480668C6F874801448C4
S315080106500068D0F8209009F1010000EB400006EB94
S315080106608004402D05D9A5F140010220FFF7CEFDF2
S315080106704025E81C8008800060600020A0600848CA
S315080106800068006A401C0749096801EB8010206070
S3150801069000BF3C600020C7E7C8080020A808002062
S315080106A0B0080020BC0800202DE9F04705460E4693
S315080106B04FF00009CA462048007800F0400010B9FA
S315080106C00120BDE8F087FCF79BFC80460120FCF77A
S315080106D0A0FC1A480068C06E401C18490968C8661B
S315080106E016480768C7F8748015480068D0F820903E
S315080106F009F1010000EB40001049096801EB80048B
S31508010700402D05D9A5F140010220FFF77FFD4025BF
S31508010710E81C8008800060600020A06000BF0848CF
S315080107200068006A401C0749096801EB80102060CF
S3150801073000BF34600020C4E7C8080020A8080020CC
S31508010740B0080020BC0800202DE9F04105460E46F8
S31508010750002400272648007800F0010018B1254832
S315080107600068406810B90120BDE8F081FCF748FC33
S3150801077080460120FCF74DFC1F480068C06E401CEE
S315080107801D490968C8661D480068006A401C1C495D
S31508010790096801EB801400BFA8B240F4805020809C
S315080107A015480068B0F86C006080164840686060BB
S315080107B01549606809684969884207D2124800687C
S315080107C0C068401C10490968C86000E000BF0E49AE
S315080107D0606809684861A6600C2221460120F9F77C
S315080107E0EFF907464046FCF714FC0020BCE7000079
S315080107F0C8080020C0080020A8080020B00800206A
S31508010800BC080020001000E0D00800202DE9F047C0
S3150801081005460E4617460024A0462748007800F0EC
S31508010820010018B125480068406810B90120BDE8E3
S31508010830F087FCF7E5FB81460120FCF7EAFB204837
S315080108400068C06E401C1E490968C8661D480068D4
S31508010850006A401C1C49096801EB801400BFA8B254
S3150801086040F40050208016480068B0F86C0060809B
S31508010870164840686060164960680968496988428F
S3150801088007D213480068C068401C11490968C86046
S3150801089000E000BF0E49606809684861A660E76024
S315080108A0102221460120F9F78BF980464846FCF7C4
S315080108B0B0FB0020BBE70000C8080020C0080020E4
S315080108C0A8080020B0080020BC080020001000E09D
S315080108D0D00800202DE9F04705460E4617469846EA
S315080108E00024A1462748007800F0010018B12648DF
S315080108F00068406810B90120BDE8F087FCF780FB65
S3150801090082460120FCF785FB20480068C06E401C22
S315080109101E490968C8661E480068006A401C1D49C8
S31508010920096801EB801400BFA8B240F4405020804A
S3150801093016480068B0F86C00608017484068606027
S315080109401649606809684969884207D213480068E8
S31508010950C068401C11490968C86000E000BF0F491A
S31508010960606809684861A660E760C4F810801422C7
S3150801097021460120F9F724F981465046FCF749FB3F
S315080109800020B9E7C8080020C0080020A8080020F0
S31508010990B0080020BC080020001000E0D0080020A4
S315080109A02DE9F84F05460E4617469846DDE90A9A97
S315080109B00024A3462948007800F0010018B1284808
S315080109C00068406810B90120BDE8F88FFCF718FBEC
S315080109D000900120FCF71DFB22480068C06E401CF0
S315080109E020490968C86620480068006A401C1F49F2
S315080109F0096801EB801400BFA8B240F4A04020802A
S31508010A0018480068B0F86C00608019484068606052
S31508010A101849606809684969884207D21548006813
S31508010A20C068401C13490968C86000E000BF114945
S31508010A30606809684861A660E760C4F81080C4F870
S31508010A401490C4F818A01C2221460120F9F7B8F819
S31508010A5083460098FCF7DDFA0020B5E7C8080020B0
S31508010A60C0080020A8080020B0080020BC08002003
S31508010A70001000E0D00800202DE9FC5F05460E466F
S31508010A8017469846DDE90DABDDF8309000240020C5
S31508010A9001902B48007800F0010018B12948006838
S31508010AA0406810B90120BDE8FC9FFCF7A9FA00903F
S31508010AB00120FCF7AEFA24480068C06E401C2249A2
S31508010AC00968C86621480068006A401C2049096807
S31508010AD001EB801400BFA8B240F4C04020801A4838
S31508010AE00068B0F86C0060801A48406860601A496E
S31508010AF0606809684969884207D217480068C0686A
S31508010B00401C15490968C86000E000BF12496068C1
S31508010B1009684861A660E760C4F81080C4F81490B3
S31508010B20C4F818A0C4F81CB0202221460120F9F700
S31508010B3047F801900098FCF76CFA0020B3E700002B
S31508010B40C8080020C0080020A8080020B008002016
S31508010B50BC080020001000E0D00800202DE9F04173
S31508010B60044625464FF0000809480668776F0120B4
S31508010B70D5E90012F9F724F8804600202860686054
S31508010B80A8603846FCF745FA0020BDE8F081000068
S31508010B90A80800202DE9F0470646344600250F48E7
S31508010BA00768D7F874A0D4F800900AE04FF0000857
S31508010BB06068421B09EB05010120F9F701F8804637
S31508010BC045446068A842F1D8002020606060A060B2
S31508010BD05046FCF71EFA0020BDE8F087A808002059
S31508010BE030B504461548046000231CE0C3EB031026
S31508010BF0124D2D6805EBC0010020C86600220FE0E2
S31508010C00002002EB420541F8250002EB420501EB03
S31508010C108505686002EB420501EB8505A860521C53
S31508010C20092AEDD35B1C002BE0D00548006840F08B
S31508010C304000034D2860002030BD0000A8080020B0
S31508010C40C8080020014607480160FD20054A1268C8
S31508010C5010600548006840F48070034A106000205F
S31508010C6070470000AC080020C808002010B51248DB
S31508010C70124908601248006840F0807010490860FF
S31508010C8000BF0846006818B90420FFF739FC11E0CF
S31508010C900C48006800F0007018B10520FFF730FC19
S31508010CA008E00020074948600846006840F001004E
S31508010CB0086000BF00BF10BD55CEACC5B01F00E02F
S31508010CC0FCED00E0001000E070B5054632A60DB94E
S31508010CD0012070BD44F22000FDF773FC012800D104
S31508010CE0F7E77820FDF76DFC012800D1F1E7082028
S31508010CF0FDF767FC012800D1EBE72A4805602A4879
S31508010D002849096808600E2026490968888041F63D
S31508010D10A12024490968C880002408E0315D2148DA
S31508010D20006818300155305D00B902E0641C082CD2
S31508010D30F4D300BF00201B4909688882022019499B
S31508010D4009688875012017490968C8751549096828
S31508010D50C86014480068C06840F4407011490968C1
S31508010D60C86000200F49096808610E49096888604A
S31508010D700C48006880680B4909688860FCF7B0FD73
S31508010D8038B108480068806840F0080005490968D4
S31508010D90886000209DE700004672656552544F53EE
S31508010DA000000000C4080020004653502DE9F04118
S31508010DB004460E46904614B90120BDE8F0814EB1AD
S31508010DC06568A7684544BD4202D92F46A76000BF9A
S31508010DD0656000BF0EB1382100E0E92108464246A8
S31508010DE03146FFF713FD0020E7E72DE9F04186B00C
S31508010DF004460D4616461F46DDF8308003950496CF
S31508010E0005974FF0004003A903232246CDE90108BF
S31508010E1000910021F22000F071F906B0BDE8F081D9
S31508010E202DE9F04104460D46164614B90120BDE8E0
S31508010E30F0811DB16768BF1B676000BF0DB139211D
S31508010E4000E0EA21084632462946FFF7DFFC002082
S31508010E50EDE7000030B5034610480360002113E0B2
S31508010E6001EB81040D4D2D6805EBC400002203E05A
S31508010E70002440F82240521C082AF9D34FF0FF34C7
S31508010E80046200244462491C0029E9D00448006828
S31508010E9040F48050024C2060002030BDB00800208C
S31508010EA0C808002010B55C48006808B1002010BDCC
S31508010EB0FFF7DCFE59485A490860002009680860AE
S31508010EC0574909684860002406E00021544800682B
S31508010ED0083040F82410641C002CF6D050480068ED
S31508010EE01430FFF79BFA012800D1E0E74C48006867
S31508010EF07C30FFF7E9FE012800D1D8E748480068A9
S31508010F009C30FFF7B9FA012800D1D0E744480068B8
S31508010F1041F2A821084400F0F5FB012800D1C6E7F3
S31508010F203F48006800F5AC40FFF7EEF8012800D10C
S31508010F30BDE700BF3A48006841F2C421084400F001
S31508010F40A5FA012800D1B2E700BF3548006845F285
S31508010F50E8510844FFF740F9012800D1A7E73048CE
S31508010F60006845F2FC510844FFF76CFE012800D1E0
S31508010F709DE72B48006845F2E421084400F076FA1B
S31508010F80012800D193E72648006845F22451084410
S31508010F90FFF726FE012800D189E72148006845F2B6
S31508010FA09C51084400F04CFA012800D17FE71C48FF
S31508010FB0006845F2A4510844FFF7FCFA012800D15C
S31508010FC075E71748006845F2B0510844FFF742FF34
S31508010FD0012800D16BE71248006845F2E051084440
S31508010FE000F034FB012800D161E70D48006845F29D
S31508010FF0D851084400F05CF8012800D157E74FF0B2
S31508011000FF3007490968C8600348006840F00100D5
S315080110100149086000204AE7C808002048760020F0
S31508011020C00800200EB516480068006848B914487B
S3150801103000684FF4705300221146009011A0FFF783
S31508011040D4FE0F4800684068B8B911481149012211
S315080110500023CDE90021029092020FA11048FEF764
S3150801106003FD07490968486005480068406820B9D2
S315080110700620FFF745FA01200EBD0020FCE7000017
S31508011080B408002053797374656D20486561700052
S31508011090EC750020EC650020547A4374726C0000EC
S315080110A0ADB300080148006800687047B40800201D
S315080110B0014609B901207047054801600020044A24
S315080110C012681060024A1268506000BFF3E7000018
S315080110D0B4080020FFB583B004460D4616460C9F9A
S315080110E0002006A901233246CDE9010700912946C8
S315080110F0204600F003F807B0F0BD00002DE9FE4FC9
S3150801110081460E4617461D46DDE90CAB00200190C7
S31508011110FBF779FF00900120FBF77EFF96B102A845
S31508011120FFF7DCF818B902980660002000E00120F4
S31508011130012805D10098FBF76FFF0120BDE8FE8F56
S31508011140B0460DE002A8FFF7C9F8012804D10098B6
S31508011150FBF762FF0120F1E70298D0F8008000BF93
S31508011160002406E05AF824100298001D40F82410BD
S31508011170641CAC42F6D30298006940EA0B00029956
S31508011180086102990E9801600098FBF745FF2FB197
S31508011190387818B13946029800F096F83D48007833
S315080111A000F00100A0B33C480068406880B3042100
S315080111B001EB850101F1080001A9FFF729FA40BBF6
S315080111C01FFA89F1019800790838C0F3830041EACA
S315080111D0003001990968088030480068B0F86C0049
S315080111E00199096848802E4840680199096848604C
S315080111F00198006840682B4909684969884209D2FB
S3150801120028480068C068401C26490968C86002E089
S3150801121010E00DE000BF019800684068214909689F
S31508011220486101988068083001998860002002E0C9
S31508011230012000E0012038BB0198006801998968FE
S31508011240890840F8218001988068001D0199886005
S3150801125000240EE05AF8240001990968019A926857
S31508011260920841F8220001988068001D019988605A
S31508011270641CAC42EED30748007800F0010018B1AF
S3150801128005480068406800B902E00198FFF766FC66
S31508011290002053E7C8080020C0080020A80800203D
S315080112A0001000E0D00800202DE9FC4104460D4657
S315080112B016461F4601A83B46324629460090204657
S315080112C0FFF708FFBDE8FC812DE9F04106460D460A
S315080112D04FF0000805B90BA5D6F80080002400E0F8
S315080112E0641C285D08B1802CFAD327463A4629465C
S315080112F04046FCF7E5FE3A4629463046FFF798F898
S31508011300BDE8F08100000000F8B504460D46FBF77C
S315080113107AFE07460120FBF77FFE69462046FFF75E
S3150801132049F801280FD16846FEF7D8FF18B9009881
S315080113300460002000E00120012804D13846FBF7AB
S315080113406BFE0120F8BD29460098FFF7BDFF06464A
S315080113503846FBF761FE3046F4E72DE9F0410446CD
S315080113600D4616460027B846276804F11408324682
S3150801137039462846FFF74AFA2046FEF7EBFFBDE84D
S31508011380F0812DE9F84304460D461646FBF73BFE68
S3150801139080460120FBF740FE69462846FFF70AF812
S315080113A0012805D14046FBF737FE0120BDE8F88341
S315080113B0324621460098FFF7D0FF07464046FBF71D
S315080113C02BFE3846F2E70000F8B507460D460D48EC
S315080113D0008800F4004008B90120F8BD05B90AA53E
S315080113E0002400E0641C285D08B1802CFAD3661C31
S315080113F0002003463246294600903846FCF7C8FFC6
S31508011400EBE70000C8080020000000000FB438B55B
S3150801141004460A48008800F4004018B9012038BC7F
S315080114205DF814FB06A800906A462046059900F067
S31508011430D9F90546002000902846F0E7C80800209B
S315080114400146084801600020064A12681060054AEC
S31508011450126850600448006840F40040024A10606F
S3150801146000207047B8080020C80800200146054832
S3150801147001600548006840F48020034A1060002096
S3150801148070470000BC080020C8080020014609B9B9
S3150801149001207047014801600020FAE79008002002
S315080114A038B5044600204FF4804300900D480EA13C
S315080114B002680120F8F7C8FA002801DA012038BDC8
S315080114C00020202300900748026802F5804208A1FF
S315080114D00120F8F765FA002801DA0120EFE7002074
S315080114E0EDE7000090080020547A44617461000019
S315080114F0547A4374726C00002DE9FC4106460F4686
S3150801150000200090804601A8FEF7E8FE012801D1D7
S31508011510BDE8FC81002400E0641C305D08B11C2C88
S31508011520FADB25462A4631460198FEF781FF0198DE
S3150801153038604148007800F00100002842D03F4851
S3150801154000684068D0B305F10C006946FFF760F8FA
S31508011550A8BB009800790838C0F38300032141EA43
S31508011560003000990968088035480068B0F86C00B1
S3150801157000990968488033484068009909684860B5
S31508011580009800684068304909684969884207D265
S315080115902D480068C068401C2B490968C86000E0EE
S315080115A000BF0098006840682749096848610098A3
S315080115B08068083000998860002004E002E0FFE7AF
S315080115C0012000E0012080BBDDE900100968009ACE
S315080115D09268920841F8220000988068001D0099D7
S315080115E08860E81C820831460098FEF7FDFF0098DE
S315080115F0406800998968A0EB0108B8F1000F0BD083
S31508011600002000990968009A9268885400988068B1
S31508011610401C0099886000BF0748007800F0010067
S3150801162018B106480068406800B902E00098FFF75B
S3150801163095FA00206CE70000C8080020C0080020C1
S31508011640A8080020001000E0D008002002460A4839
S315080116500260002105E00220074B1B6843F82100C0
S31508011660491C0129F7DB0548006840F48010034B43
S315080116701860002070470000CC080020C808002028
S315080116802DE9F04105460E4601271B48007800F072
S31508011690010010B93846BDE8F0811748007800F016
S315080116A0010018B115480068406820B91448006857
S315080116B005603846EFE7012010490968886000BFD0
S315080116C0EFF31080044600BF012080F3108800BFA5
S315080116D00B4800680560324629463720FFF796F819
S315080116E00746022005490968886000BF84F3108807
S315080116F000BF3846CFE70000C8080020C008002010
S31508011700CC0800200146124801600020104A1268E0
S3150801171090600F4A126850604FF47A700C4A12684A
S31508011720106100200A4A12689061094A1268D0605D
S315080117300120074A126810600020054A12685061A4
S315080117400448006840F40010024A106000207047FF
S31508011750D0080020C80800201CB500200090019080
S3150801176000BF00241C48D0F88410D0F88800081A55
S3150801177007D0082269460120F8F7BAF9044600207D
S3150801178000E00020012803D1FEF750FD01201CBD11
S31508011790082C06D16846FCF7C1F810B16846FCF773
S315080117A0E0F80E48007800F0010020B10C48006806
S315080117B0406800B100BF002CD3DC0848007800F06F
S315080117C0010030B106480068406810B1FEF7BEFC5A
S315080117D000BF0020DBE70000F4640020C8080020F1
S315080117E0C00800202DE9F84381460D461646002714
S315080117F01448008800F4004010B90120BDE8F883B8
S3150801180005B911A500240EE0285D252809D1601C1B
S31508011810285C00B906E0601C285C252800D07F1CDE
S31508011820641C00BF641C285D08B1802CECD304F14C
S3150801183001083B464246294648460096FCF7A8FD5C
S31508011840DCE70000C80800200000000010B50446C7
S315080118500E48007800F0200008B9012010BD0C4898
S3150801186000680068611E01228A40104058B908487C
S315080118700068006801228A40104305490968086022
S315080118802046FCF7C7FB0020E8E70000C80800204F
S31508011890A408002010B591EA030F48BF83F000435E
S315080118A000F1E681841A71EB030C05D2121943EB98
S315080118B00C03001B61EB0C01DFF824E14FEA11541C
S315080118C0A4EB135C1EEA430F18BF9EEA445F73D06C
S315080118D023EA0E03DCF1200E21EA045143F48013B6
S315080118E032D322FA0CFE10EB0E0023FA0CFE41EB62
S315080118F00E01CCF1200E03FA0EFE10EB0E0051F18B
S315080119000001B1F5801FCCF1200E32D201EB045152
S3150801191012FA0EF2BDE8104058BF7047401C38BF96
S315080119205FEA420218BF7047002814BF20F0010081
S3150801193041F100014FEA410313F5001F38BF704713
S31508011940A1F1C04100F086B9012A43EB0302ACF1CB
S31508011950200CDCF11F0E32BF4FF0000E23FA0CF3F8
S3150801196010EB030041EB0451B4EB115FD0D0A1EBAE
S31508011970045101F5801149085FEA300001EB045171
S315080119800ED350F1000038BF12FA0EFE08D1BDE899
S315080119901040C9E7401C38BF5FEA4202CAD1C3E713
S315080119A0BDE810404FEA410313F5001F38BF7047E1
S315080119B0A1F1C04100F04EB99EEA445F08D011EA90
S315080119C05E0FBDE8104004BF01F0004100207047DA
S315080119D0BDE8104070B500F0EFF800BF64FBBE3EED
S315080119E00000E0FF4FEA1153A3F58063D3F11E030C
S315080119F0A8BFD3F1200C08DB4FF0004242EAC1220E
S31508011A0052EA505232FA03F0704709420BD4102BAE
S31508011A10C4BF0020704703F5787CBCF1FF3F05D0B1
S31508011A204FF0FF3070474FF00000704770B500F077
S31508011A30C3F800BF4992248000207047F0E7B0FA46
S31508011A4080F310FA03F10AD0C3F11D0303F580638D
S31508011A504FEA41504FEA035202EBD12170474FF04A
S31508011A6000007047DFF848C170B51CEA111E1EBF99
S31508011A701CEA13159EEA0C0F95EA0C0F00F06F800D
S31508011A8081EA030423EA4C134EEAD47E21EA4C1177
S31508011A9041F4801143F48013AE44A1FB024CA0FB30
S31508011AA00365AEF17F7E361955EB0C05A1FB034C98
S31508011AB04CF10003A0FB021C16EB0C06654153F121
S31508011AC00003094218BF46F0010613F4007F0BD143
S31508011AD04FEA03314FEA0530340341EA155140EA2A
S31508011AE016506FF003020AE04FEAC3214FEAC520F8
S31508011AF0F40241EA555140EA56506FF0020202EBF0
S31508011B002E4201EB025585EACE710AD05FEA440CF2
S31508011B1018BF24F0004450F1000041F1000120EA09
S31508011B20D47040F2FE7C624500D270BDA84214BF53
S31508011B304FF080444FF04044002E08BF0024BEF108
S31508011B40806FA8BFA1F1C041BDE8704080F28280D4
S31508011B504FF0000001F1C04101F0004170479EEAD3
S31508011B600C0F0CEA131518BF95EA0C0F06D04FF0A7
S31508011B70000081EA030E0EF0004170BD00F01CF86A
S31508011B808900013E00F007B800F009B84FEA430C96
S31508011B905FEA5C5C08D081EA030100F05BB84FEAB2
S31508011BA0410C5FEA5C5CF6D14FF0000001497047D1
S31508011BB00000FF070000F87F0EF1020E2EF0030E5B
S31508011BC05EF8046B364205D4012A43EB030515F585
S31508011BD0001F12D8012841EB010C1CF5001F0CD877
S31508011BE00ED14FEAD17C15F5001F0CEB4C0C0CF10C
S31508011BF0020C08BF4CEBD37C04E04FF0080C01E063
S31508011C004FEAD37C0CEB4C0526FA05F606F00706D7
S31508011C10B6F1040C06D20EEB860CBDE870404CF00A
S31508011C20010C6047DFE80CF0090B02024FF0004196
S31508011C304FF00000A1F5002170BD19461046012894
S31508011C4051EB010418BFD4F5001484BF002001F03C
S31508011C50004170BD0808A0F500114FEA310170472F
S31508011C6010B591EA030F48BF83F000433FF51AAE5A
S31508011C70841A71EB030C07D212198CF0004C43EB52
S31508011C800C03001B61EB0C01DFF8A4E14FEA1154C8
S31508011C90A4EB135C1EEA430F18BF9EEA445F00F0EB
S31508011CA0B08023EA6E03524221EA0451C3EB6E0364
S31508011CB038BF5B1EDCF1200E25D322FA0CFE10EB91
S31508011CC00E0043FA0CFE41EB0E01CCF1200E03FA8D
S31508011CD00EFE10EB0E0051F10001CCF1200E29D4B5
S31508011CE012FA0EF201EB0451BDE8104058BF7047D5
S31508011CF0401C1CBFB2F1004F704700280CBF491C9D
S31508011D0020F00100704712EB020E43EB030218BFE5
S31508011D104FF0010E4EEA4202ACF1200CDCF11E0E28
S31508011D2054D943FA0CFE10EB0E0051F1FF31CCF1F8
S31508011D301E0ED5D50EF1010E12FA0EFE404141EBEB
S31508011D40010101EB445C5FEA5C5C10D910EBDE70C3
S31508011D5001EB045138BFBEF1004FBDE8104018BF72
S31508011D60704700280CBF491C20F00100704730D28B
S31508011D704FEAD42C11F5001124F400641BD0B1FAF2
S31508011D8081F20B3AA41AA41ED2F12003914030FA2B
S31508011D9003F31943904001EBCC71002C01EB04517C
S31508011DA0BDE81040A8BF704701F1C0414FF00000DF
S31508011DB001F000417047B0FA80F310FA03F100D13F
S31508011DC010BDE41A173C4805C90AE4E701EB0451BA
S31508011DD010BD491001EB0451BDE810404FEA30002F
S31508011DE002E04FF0000170474A0008BF0042F8D0F0
S31508011DF0B2F5001F28BF704701F000414FF00000FF
S31508011E0070479EEA445F07D011EA5E0FBDE81040AD
S31508011E1004BF002100207047BDE8104070B5FFF7E8
S31508011E20CBFE00BF40DFF63E83F000411046704707
S31508011E300000E0FF4FF04070E1EE100A704700061F
S31508011E40101600061016000000000000000001022E
S31508011E500304060708090000000001020304000044
S31508011E606B010100841F01086B0202006C1F010847
S31508011E706B030300641F01086B0404007C1F01083F
S31508011E806B050500741F01086B0606008C1F010807
S31508011E907C010700981F01087C020800A81F010899
S31508011EA07C030900A01F01087C040A00B01F010871
S31508011EB07C050B00941F01087C060C005C1F0108B9
S31508011EC0AA0100010000010000BBAA00000072017E
S31508011ED07601790174017301680169016A016B016F
S31508011EE06C016D016E01000097019301980194013F
S31508011EF096019A01950199019B019A019B019C0101
S31508011F009D0100005AA5078200845A0100000000BD
S31508011F105AA5058200000000000000005AA50582A6
S31508011F20000000005AA5058200000000000000001C
S31508011F305AA50582000000005AA505820000000086
S31508011F405AA5078200000000000000005AA51E825B
S31508011F505AA5008200000000000000004D5859549F
S31508011F604D313600454D424100000000544D424175
S31508011F70000000005058424100000000454D424211
S31508011F8000000000544D42420000000050584242F1
S31508011F90000000004A4D42004D5859544D000000BA
S31508011FA0505859544D0000004D58595450000000DE
S31508011FB05058595450000000D81F0108000000204D
S31508011FC0EC0800001402000840220108EC08002071
S31508011FD0C4C90000700200084132100223011AAA7E
S31508011FE00101697B24F4772A019E22029ABB7E4865
S31508011FF009FEEFB6C1B8DF3E840A042BB5CDA3129C
S31508012000BB12394209320315084D7EBB12AD1F01B9
S31508012010FFAD7EBB0108114AAF10111AAE0812B600
S315080120204D020A28EA094C03E8A3094C012CE509E3
S31508012030215AB8121AF43D1112074C01030B084B29
S31508012040020A084B0109084B040C080410060E7E07
S315080120502808C1814001C0804104690C2908E91892
S31508012060A91C091A30091638093660092E70092F74
S315080120706000FF00C0C101C30302C2C60607C70547
S31508012080C5C404CC0C0DCD0FCFCE0E0ACACB0BC9D5
S315080120900908C8D81819D91BDBDA1A1EDEDF1FDDB5
S315080120A01D1CDC14D4D515D71716D6D21213D31185
S315080120B0D1D010F03031F133F3F23236F6F737F585
S315080120C03534F43CFCFD3DFF3F3EFEFA3A3BFB3915
S315080120D0F9F83828E8E929EB2B2AEAEE2E2FEF2D15
S315080120E0EDEC2CE42425E527E7E62622E2E323E1C5
S315080120F02120E0A06061A163A3A26266A6A767A5E5
S315080121006564A46CACAD6DAF6F6EAEAA6A6BAB6954
S31508012110A9A86878B8B979BB7B7ABABE7E7FBF7D34
S31508012120BDBC7CB47475B577B7B67672B2B373B104
S315080121307170B05090915193535292965657975544
S315080121409594549C5C5D9D5F9F9E5E5A9A9B5B9994
S31508012150595898884849894B8B8A4A4E8E8F4F8D94
S315080121604D4C8C4484854587474686824243834144
S3150801217081800218402809FEEFD0B4B8DF6C8B08BD
S315080121802DB5CDF10F085DB2EE7F3D185A9B185A51
S315080121901F18580A4DFEEFB6C1B8DF3E84082A94C7
S315080121A0081CB5CDA34839082A10085DB2EE4229A4
S315080121B008E228101C9E24340C22081906E104D9C9
S315080121C003ED023702DF019F0167013C011B01E3B1
S315080121D012BC12A2128D127D126F1266125D125670
S315080121E01A4F02011F2A010152FF49060143FA014A
S315080121F009B10F162404161345201E01181B0C28B5
S315080122002E1301010EC1010304010C2C120112FF48
S3150801221033FFFF45100240201908321003FF8025BD
S31508012220013C141002404A0808324003FF80250188
S315080122303B0220FF0345C201294609124A00000054
S705080001D918
